<?xml version='1.0' encoding='utf-8'?>
<Transcript>
    <header>
        <company>Northern Trust Corporation NasdaqGS:NTRS</company>
        <quarter>Q3</quarter>
        <year>2022</year>
        <time>Wednesday, October 19, 2022 2:00 PM GMT</time>
        <currency>Currency: USD</currency>
        <note>Consensus as of  Oct-19-2022 1:32 PM GMT</note>
        <ticker>NTRS</ticker>
        <stock_price_before>73.948776</stock_price_before>
        <stock_price_after>75.320999</stock_price_after>
        <stock_performance>positive</stock_performance>
        </header>
    <body>
        <section name="Financial Tables">
            <table id="0" name="Earnings Estimates Comparison Table">
                <timePeriods>
                    <period name="FQ3 2022" />
                    <period name="FQ4 2022" />
                    <period name="FY 2022" />
                    </timePeriods>
                <metrics>
                    <metric name="EPS Normalized">
                        <value period="-FQ3 2022-" type="CONSENSUS">1.82</value>
                        <value period="-FQ4 2022-" type="ACTUAL">1.80</value>
                        <value period="-FY 2022-" type="SURPRISE">(1.10 %)</value>
                        </metric>
                    <metric name="Revenue  (mm)">
                        <value period="-FQ3 2022-" type="CONSENSUS">1763.81</value>
                        <value period="-FQ4 2022-" type="ACTUAL">1767.10</value>
                        <value period="-FY 2022-" type="SURPRISE">0.19</value>
                        </metric>
                    </metrics>
                </table>
            <table id="1" name="EPS Normalized Comparison Table">
                <timePeriods>
                    <period name="FQ4 2021" />
                    <period name="FQ1 2022" />
                    <period name="FQ2 2022" />
                    <period name="FQ3 2022" />
                    </timePeriods>
                <metrics>
                    <metric name="EPS Normalized">
                        <value period="FQ4 2021" type="CONSENSUS">1.82</value>
                        <value period="FQ1 2022" type="CONSENSUS">1.64</value>
                        <value period="FQ2 2022" type="CONSENSUS">1.92</value>
                        <value period="FQ3 2022" type="CONSENSUS">1.82</value>
                        </metric>
                    </metrics>
                </table>
            </section>
        <section name="Call Participants">
            <person company="Northern Trust Corporation NasdaqGS:NTRS" position="Executive VP &amp; CFO" group="EXECUTIVES" id="37">Jason Jerrome Tyler</person>
            <person company="Northern Trust Corporation NasdaqGS:NTRS" position="Senior VP &amp; Director of Investor Relations" group="EXECUTIVES" id="40">Jennifer Childe</person>
            <person company="Northern Trust Corporation NasdaqGS:NTRS" position="Executive VP &amp; Controller" group="EXECUTIVES" id="41">Lauren E. Allnutt</person>
            <person company="Chairman &amp; CEO" group="Mark Bette" id="42">Michael G. O’Grady</person>
            <person company="Goldman Sachs Group, Inc." group="ANALYSTS" id="4">Alexander Blostein</person>
            <person company="Morgan Stanley" group="ANALYSTS" id="5">Betsy Lynn Graseck</person>
            <person company="UBS Investment Bank" group="ANALYSTS" id="6">Brennan Hawken</person>
            <person company="Deutsche Bank AG" group="ANALYSTS" id="7">Brian Bertram Bedell</person>
            <person company="RBC Capital Markets" group="ANALYSTS" id="10">Gerard Sean Cassidy</person>
            <person company="Evercore ISI Institutional Equities" group="ANALYSTS" id="11">Glenn Paul Schorr</person>
            <person company="Jefferies LLC" group="ANALYSTS" id="12">Kenneth Michael Usdin</person>
            <person company="Keefe, Bruyette, &amp; Woods, Inc." group="ANALYSTS" id="25">Michael C. Brown</person>
            <person company="Wells Fargo Securities, LLC" group="ANALYSTS" id="18">Michael Lawrence Mayo</person>
            <person company="JPMorgan Chase &amp; Co" group="ANALYSTS" id="16">Vivek Juneja</person>
            </section>
        <section name="Presentation ">
            <statement>
                <speaker id="0" position="Operator">Operator<text>Good day, and thank you for standing by. Welcome to the Northern Trust Corporation Third Quarter 2022 Earnings Conference Call. [Operator Instructions] Please be advised that today's conference is being recorded. 
I would now like to hand the conference over to your speaker today, Jennifer Childe, Director of Investor Relations. Please go ahead.</text>
                    </speaker>
                </statement>
            <statement>
                <speaker id="40" position="Senior VP &amp; Director of Investor Relations">Jennifer Childe<text>Thank you, Victor. Good morning, everyone, and welcome to Northern Trust Corporation's Third Quarter 2022 Earnings Conference Call. 
Joining me on our call this morning are Mike O'Grady, our Chairman and CEO; Jason Tyler, our Chief Financial Officer; Lauren Allnutt, our Controller; and Mark Bette; and Briar Rose from our Investor Relations team. 
Our third quarter earnings press release and financial trends report are both available on our website at northerntrust.com. Also on our website, you will find our quarterly earnings review presentation, which we will use to guide today's conference call. 
This October 19 call is being webcast live on northerntrust.com. The only authorized rebroadcast of this call is the replay that will be made available on our website through November 18. Northern Trust disclaims any continuing accuracy of the information provided in this call after today. 
Please refer to our safe harbor statement regarding forward-looking statements on Page 11 of the accompanying presentation, which will apply to our commentary on this call. 
During today's question-and-answer session, please limit your initial query to 1 question and 1 related follow-up. This will allow us to move through the queue and enable as many people as possible the opportunity to ask questions as time permits. 
Thank you again for joining us today. Let me turn the call over to Mike O'Grady.</text>
                    </speaker>
                </statement>
            <statement>
                <speaker id="42" position="Chairman &amp; CEO">Michael G. O’Grady<text>Thank you, Jennifer. Let me join in welcoming everyone to our third quarter 2022 earnings call. In the third quarter, we continued to execute well through a challenging operating environment. 
Compared to the prior year, revenue grew 7% as the elimination of fee waivers and the favorable impact from higher interest rates more than offset the significant headwinds from weaker equity and fixed income markets, asset outflows and unfavorable currency movements. 
Expense growth of 9% reflected inflationary impacts across our cost base particularly within our compensation and equipment and software lines. EPS was flat, and we generated a return on average common equity of 14.9%. 
New business activity in Wealth Management was encouraging, and we continue to engage actively with new and existing clients. In Asset Management, weak markets and institutional cash outflows reduced assets under management yet we saw continued growth in our alternatives, tax-advantaged equity and ETF complex. 
And within Asset Servicing, we continue to win new mandates and our backlog of new clients that haven't yet been onboarded has expanded meaningfully and is expected to transition over the coming quarters. 
In closing, we remain well positioned to navigate the current macroeconomic and market uncertainty from a position of strength. Our new business pipeline remains robust, and our capital position continues to be strong. 
In a slowing growth environment, we've also begun prudently tightening our expense controls and focusing on realizing productivity benefits from the investments we've made over the past several years. 
I'll now turn the call over to Jason.</text>
                    </speaker>
                </statement>
            <statement>
                <speaker id="37" position="CFO &amp; Executive VP">Jason Jerrome Tyler<text>Thank you, Mike, and let me join Jennifer and Mike in welcoming you to our third quarter 2022 earnings call. Let's dive into the financial results for the quarter, starting on Page 2. 
This morning, we reported third quarter net income of $394.8 million. Earnings per share were $1.80, and our return on average common equity was 14.9%. Results for the quarter included a $17 million pension settlement charge within the employee benefits expense category. 
Also recall that in the first quarter of this year, we implemented an accounting reclassification of certain fees, which will continue to impact the year-over-year comparisons as noted on this page. 
Let's move to Page 3 and review the financial highlights of the quarter. Year-over-year, revenue was up 7% and expenses increased 9%. Net income was flat. In the sequential comparison, revenue was down 1% and expenses were up 1%, while net income was also flat. 
Return on average common equity was 14.9% for the quarter, up from 13.7% a year ago, and down from 15.7% in the prior quarter. Looking at the results in greater detail, starting with revenue on Page 4. 
Year-over-year, unfavorable currency translation impacted revenue growth by approximately 200 basis points. Trust, investment and other servicing fees, representing the largest component of our revenue, totaled $1.1 billion were down 3% from last year and down 6% sequentially. 
All other remaining noninterest income declined 8% from the prior year and 2% from the prior quarter. Net interest income, which I'll discuss in more detail later, was $525 million and was up 47% from a year ago and 12% sequentially. 
Let's look at the components of our Trust and Investment fees on Page 5. For our Asset Servicing Business, fees totaled $603 million, and were down 4% year-over-year and down 6% sequentially. 
Within Asset Servicing, custody and fund administration fees were $407 million, down 12% year-over-year and down 6% sequentially. Custody and fund administration fees decreased sequentially, primarily due to unfavorable markets, unfavorable currency translation and lower transaction volumes. Custody and fund administration fees decreased from the prior year quarter, primarily due to unfavorable currency translation and unfavorable markets, partially offset by new business. 
Assets under custody and administration for Asset Servicing clients were $12 trillion at quarter end, down 19% year-over-year and down 7% sequentially. Both the year-over-year and sequential declines were primarily driven by unfavorable markets and currency translation. 
Investment Management fees within Asset Servicing were $136 million, up 20% year-over-year and down 8% sequentially. Investment Management fees decreased sequentially, primarily due to unfavorable market and asset outflows. 
Investment Management fees increased from the prior year quarter primarily due to lower money market fund fee waivers and the accounting reclassification previously discussed, partially offset by asset outflows and unfavorable markets. 
Assets under management for Asset Servicing clients were $873.7 billion, down 25% year-over-year and down 8% sequentially. Both declines were driven by asset outflows, weaker equity and fixed income markets and unfavorable currency translation. 
Moving to our Wealth Management business. Trust, investment and other servicing fees were $475.5 million, down 1% compared to the prior year and down 5% from the prior quarter. 
Within the regions, the year-over-year declines were primarily driven by unfavorable market impacts, partially offset by the elimination of money market fund fee waivers. Sequentially, the decline within the regions was primarily driven by unfavorable markets. 
Within Global Family Office, the year-over-year growth was driven by lower fee waivers and new business, partially offset by unfavorable markets. Sequential decrease was mainly related to unfavorable markets. Assets under management for our Wealth Management clients were $336 billion at quarter end, down 10% year-over-year and down 5% on a sequential basis. 
Both the year-over-year and sequential declines were driven primarily by unfavorable markets. Moving to Page 6. Net interest income was $525.3 million in the quarter and was up 47% from the prior year. 
Earning assets averaged $132 billion in the quarter, down 8% versus the prior year. Average deposits were $118 billion and were down 9% versus the prior year, while loan balances averaged $41 billion and were up 8% compared to the prior year. 
On a sequential quarter basis, net interest income grew 12%. Average earning assets declined 6%, average deposits declined 8%, while average loan balances were up 2%. The net interest margin was 1.58% in the quarter, up 60 basis points from a year ago and up 23 basis points from the prior quarter. 
The prior year quarter increase was primarily due to higher average interest rates and favorable balance sheet mix shift. The sequential increase is primarily due to higher average interest rates. 
Turning to Page 7. Expenses were $1.2 billion in the quarter, 9% higher than the prior year and 1% higher than the prior quarter. On a year-over-year basis, expense growth benefited by approximately 300 basis points due to currency translation. 
The current quarter's expenses included a $17 million pension settlement charge within the employee benefits category. This compares to similar charges in the prior year quarter, of $6.9 million and $20.3 million in the prior period quarter. Also included in the current quarter is the impact of the previously mentioned accounting reclassification, which increased other operating expense by $9.4 million compared to the prior year. 
Compensation expense was up 12% compared to the prior year and up 1% sequentially. The year-over-year growth was primarily driven by higher salary expense in part due to inflationary pressures, partially offset by favorable currency translation. 
The sequential increase is primarily due to higher salary expense, partially offset by lower incentives and favorable currency translation. Outside services expense is $221 million and was up 5% from a year ago and up 4% sequentially. 
The year-over-year increase is primarily driven by higher consulting and technical service costs partially offset by lower third-party advisory fees. The sequential increase is primarily due to higher technical services and consulting costs. Equipment and software expense of $212 million was up 15% from 1 year ago and up 4% sequentially. 
The year-over-year growth was primarily driven by higher software costs due to continued investments in technology as well as inflationary pressures and higher amortization. The sequential increase is primarily due to higher software amortization expense. 
Occupancy expense of $51 million was down 5% from a year ago and up 1% sequentially. The other operating expense of $82 million was up 1% from 1 year ago and down 9% sequentially. The sequential decline was primarily due to lower miscellaneous expenses in the current period. 
Turning to Page 8. Our capital ratios remained strong with our common equity Tier 1 ratio of 10.1% under the standardized approach, down from the prior quarter's 10.5%. Our Tier 1 leverage ratio was 7%, up from 6.7% in the prior quarter. 
An increase in net unrealized losses on the available-for-sale securities portfolio was a primary factor in this quarter's change in capital ratios. Accumulated other comprehensive income at the end of the current quarter was a loss of $1.8 billion with the loss in the third quarter totaling approximately $300 million. 
As previously announced, in the third quarter, we increased the quarterly common stock dividend by 7% or $0.05 a share to $0.75 per share. During the quarter, we returned $159.5 million to common shareholders through cash dividends of $158.4 million and share repurchases of $1.1 million. 
The current environment continues to demonstrate the importance of a strong capital base and liquid balance sheet to both whether the uncertain economic conditions and to support our clients' needs. We approached the end of the year on solid footing and remain well positioned to serve our clients and communities while generating long-term value to our shareholders. 
And with that, Victor, please open the line for questions.</text>
                    </speaker>
                </statement>
            </section>
        <section name="Question and Answer">
            <transition>
                <speaker id="0" position="Operator">Operator<text>[Operator Instructions] Our first question will come from the line of Betsy Graseck from Morgan Stanley.</text>
                    </speaker>
                </transition>
            <question id="0">
                <speaker id="5" position="Morgan Stanley, Research Division">Betsy Lynn Graseck<text>I did want to just dig in a little bit on the expense side. And when I listen and look at the results, there's some areas where it feels like maybe the inflation is impacting a little bit. 
I know you're being very disciplined in how you're investing. But I just wanted to make sure I understand how you're thinking about managing the expense base as we go through this inflationary environment? 
And is there an opportunity to pull back on some of the consulting side, professional services side? Or should we anticipate that the kind of rate of change we're seeing in this quarter should persist?</text>
                    </speaker>
                </question>
            <answer id="0">
                <speaker id="37" position="CFO &amp; Executive VP">Jason Jerrome Tyler<text>Let me start with a direct answer to the question. And yes, there are things we can do, and we've been focused on to address expense growth. 
And so let me -- predominantly, even within this period, in mid-September, we announced internally some additional expense controls. We always have those in place, but we meaningfully ramped up expense controls, particularly around hiring. That's obviously the largest component of where we see expense increases. That's our largest line. 
And so that will have -- that will lead us to have just a higher bar on where we have increases in expenses and particularly from a hiring perspective. That's not to say that we are going to stop investing in the -- that we're not going to continue investing in the things around technology and other areas where we know we've had important investments to take place. But at the same time, we do see an opportunity for us to raise that bar, to try and tamp down the growth that we've seen in expenses.</text>
                    </speaker>
                </answer>
            <followQuestion id="0" question_id="0">
                <speaker id="5" position="Morgan Stanley, Research Division">Betsy Lynn Graseck<text>Okay. And then just separately, as I'm thinking through the growth profile here, you've got some nice exposure to international. At the same time, we've got the strong dollar weighing on the results to a certain extent. Maybe you could help us think through the impact of the dollar? And if we excluded that, how results would have looked this quarter?</text>
                    </speaker>
                </followQuestion>
            <followAnswer id="0" question_id="0">
                <speaker id="37" position="CFO &amp; Executive VP">Jason Jerrome Tyler<text>Sure. Well, at a super-high level, the company has a very natural hedge in the -- from a currency perspective. And so this quarter, it was very roughly, call it, 200, 300 basis points impact on both the revenue side and the expense side. 
And so the dollar does play in, but it plays on both the revenue and the expense side. The other impact that's not as symmetrical is how the dollar plays -- it's how currency plays in more from an asset-level perspective. That played into asset-level movements over the -- in both assets under custody as well as assets under management. 
And something people will typically think about it, even played in on the deposit decline. And you think about the movement we've had, and we can talk about that in more detail, but even the deposits had a downward move in value of about $1.5 billion in aggregate across all currencies.</text>
                    </speaker>
                </followAnswer>
            <transition>
                <speaker id="0" position="Operator">Operator<text>Our next question will come from the line of Alexander Blostein from Goldman Sachs.</text>
                    </speaker>
                </transition>
            <question id="1">
                <speaker id="4" position="Goldman Sachs Group Inc., Research Division">Alexander Blostein<text>So a couple of questions. I guess, one, obviously, deposit outflows sounds like picked up in September relative to sort of the last update that we heard from you guys at the Barclays conference, I think you said around $120 million, came in a little bit lower. But the mix, in particular, I think, was a little bit more pronounced too, with noninterest-bearing declining substantially. 
So maybe just an update on sort of how the quarter has progressed, but also more importantly, where do deposits stand today and the mix noninterest-bearing and interest-bearing as well as any of your sort of updated thoughts on where the deposit levels could ultimately trough out. It looks like the noninterest-bearing piece is getting pretty close to the kind of pre-COVID levels, but curious to get your thoughts there.</text>
                    </speaker>
                </question>
            <answer id="1">
                <speaker id="37" position="CFO &amp; Executive VP">Jason Jerrome Tyler<text>Sure. So first of all, on the deposit levels and where they were relative to our expectation, they actually came in really close, particularly given what I -- what we mentioned earlier and that the currency effect of the non-USD. And so where they landed in the quarter, where they averaged actually was pretty close. And I mentioned that because as we get to the next quarter, I think we -- it's very difficult to predict in general. 
And so -- but let me hit mix first. So you're right, noninterest-bearing dropped significantly during the quarter. And that's something we expect to happen. A lot of our financial services clients that use our balance sheet are often in noninterest-bearing accounts, but the rate -- as rates rise off of 0, they have the opportunity to move into interest-bearing accounts and they did that. 
A lot of the -- a very high percentage of the accounts that are eligible to do that, have done so at this point, which gets exactly to your point, Alex, that we're kind of in some ways at those pre-COVID levels. That's not to say we won't see additional movement there. But we think, certainly, a lot of it has already taken place. 
And then the third part of your question is where do we see things today. Just looking at the first 2 weeks of the quarter, deposits behaved about what we would anticipate. They tend to come down a little bit at this point into the quarter. And so we're in that kind of $110 million to $115 million. What we expect to happen between now and the end of the quarter is an interesting dynamic. There's 2 forces working against each other. One is with quantitative tightening and the yield curve being higher and clients across the board continuing to look at how they can allocate nonoperational but more investment cash, that continues to put a downward pressure but in the short run, there's an offset to that. 
There's an upward pressure in the seasonality that we've seen in fourth quarter, which tends to have more of an upward pressure. And so it's difficult to see which one of those is going to have stronger influences. But best guess is, you might call it flat from here. And so that $110 million, $115 million level, but appreciating that there's big forces moving against each other.</text>
                    </speaker>
                </answer>
            <followQuestion id="0" question_id="1">
                <speaker id="4" position="Goldman Sachs Group Inc., Research Division">Alexander Blostein<text>Got it. I appreciate the color. And I guess speaking of institutions looking to earn a little bit extra yield on their cash, when I look at Northern securities portfolio, you guys are yielding, I think, about 1.8% and the market rates there are probably closer to 4%, maybe a little higher. 
Now geographically, could be different with the mix. But obviously, an attractive opportunity to reprice there. I guess with AOCI losses already running through your capital, any appetite to sell down, I guess, some of the lower-yielding securities without necessarily changing the profile of fixed versus floating and kind of keeping the overall duration of the portfolio in a similar place. But I guess, crystallizing some of the losses, but picking up incremental NIR in the current environment?</text>
                    </speaker>
                </followQuestion>
            <followAnswer id="0" question_id="1">
                <speaker id="37" position="CFO &amp; Executive VP">Jason Jerrome Tyler<text>Yes. So we talk about it a lot. And I think an important dynamic for everyone to know, and I know you appreciate this 100%. The economics of taking the loss, reinvesting that lower amount at the higher yield, the efficiency of markets are just telling you that over time, the impact of that should be relatively equal. 
Now the second component, though, is that there may be other reasons to do that. You might be looking to -- you might have a view that the yield curve is going to change significantly. You might want to handle other ratios by doing that. And so it's not to say that we wouldn't do it, but it's just to say that the quick trade of the -- take the -- to realize the loss, invest at a higher rate. It's not as easy and it's not as beneficial. 
We care about just the long-term value of what the securities portfolio is yielding, not just the NII or NIM in the short run.</text>
                    </speaker>
                </followAnswer>
            <transition>
                <speaker id="0" position="Operator">Operator<text>Our next question come from the line of Mike Mayo from Wells Fargo.</text>
                    </speaker>
                </transition>
            <question id="2">
                <speaker id="18" position="Wells Fargo Securities, LLC, Research Division">Michael Lawrence Mayo<text>I have 2, one is tailwinds and one is headwinds. I'm wondering if we [indiscernible] are down and then you set the pace, so you have to correct going back to a level on and second [Technical Difficulty].</text>
                    </speaker>
                </question>
            <answer id="2">
                <speaker id="37" position="CFO &amp; Executive VP">Jason Jerrome Tyler<text>Mike, I'm getting a lot of static in the background, and I want to make sure we answer your question right. Do you want to -- any way you can try and clarify your...</text>
                    </speaker>
                </answer>
            <followQuestion id="0" question_id="2">
                <speaker id="18" position="Wells Fargo Securities, LLC, Research Division">Michael Lawrence Mayo<text>Is that any better?</text>
                    </speaker>
                </followQuestion>
            <followAnswer id="0" question_id="2">
                <speaker id="42" position="Chairman &amp; CEO">Michael G. O’Grady<text>Dramatically.</text>
                    </speaker>
                </followAnswer>
            <answer id="2">
                <speaker id="37" position="CFO &amp; Executive VP">Jason Jerrome Tyler<text>Good. Go forward, Mike.</text>
                    </speaker>
                </answer>
            <followQuestion id="1" question_id="2">
                <speaker id="18" position="Wells Fargo Securities, LLC, Research Division">Michael Lawrence Mayo<text>So much for my iPod. So look, are the tailwinds done? And Jason, you correctly predicted the NIM going back toward levels 2019, elimination of fee waivers, those are good. 
On the other hand, I guess, you still have some tailwinds from the uninstalled business, which really isn't clear why that's so much higher or there are delays? Are you just winning business? On the other hand, you have the headwinds from the lower stock markets. Is that going to continue? Or is that mostly in the numbers now? 
So if you can help me with the tailwind and the headwind question. And the reason I ask that is because you got those tailwinds and you still had negative operating leverage. So it's -- you just a hostage to your business model? Or can you have revenues grow faster than expenses?</text>
                    </speaker>
                </followQuestion>
            <followAnswer id="1" question_id="2">
                <speaker id="37" position="CFO &amp; Executive VP">Jason Jerrome Tyler<text>Yes. So a couple of things in there. Let me try and hit them, but certainly ask me to clarify because I didn't get all of them. One, on rates, is it done? The answer is no. We still have upward movement. And in fact, in that we looked just within the quarter at the month and September was at just a tiny bit above 160%. 
And so we got into that level. And -- so -- and even at this point, betas will be much higher, but won't be 100%. And so we'll get an incremental lift. And then the third dynamic of that is that as the securities portfolio is repricing, just Alex's question earlier, it takes time, but we have opportunity to reinvest at these higher rates. So not done yet. 
Second, on the pipeline of business that has taken longer to come in. There's some of the opportunities we have in Asset Servicing in particular, in the one not onboarded category are very big and they're chunky. And those just take longer. 
And the volatility in the markets, we think has just made clients just want to make sure that everything is lined up properly. And so that one not onboarded category is significantly higher than it is on average, but it's -- we're confident about it coming through. And then the stock-market dynamic, you're right, this -- usually, we talk about operating leverage, and it's -- the numbers are just much smaller. 
It's -- can we get the expense growth plus a little bit of market lift to match? And -- but in this environment, the macro environment is just dominating what's happening to both expense growth and revenue growth. And so I've been saying all year, we cannot -- there are false positives in the operating leverage, there are false negatives in the fee operating leverage. 
And this is a year where we have to just understand that those numbers are dominated by the macro factor. It's not typical. It doesn't change our long-term financial model.</text>
                    </speaker>
                </followAnswer>
            <followQuestion id="2" question_id="2">
                <speaker id="18" position="Wells Fargo Securities, LLC, Research Division">Michael Lawrence Mayo<text>And on the one not onboarded category, can you size that to some degree and give us some sense of timing?</text>
                    </speaker>
                </followQuestion>
            <followAnswer id="2" question_id="2">
                <speaker id="37" position="CFO &amp; Executive VP">Jason Jerrome Tyler<text>Yes, I can give a sense of timing, which is actually -- it's more back half of '23 that we're scheduling some of this stuff coming in play. And that seems a longer way, but it's just -- that's us making sure we're working very closely with clients to make sure everything is lined up properly. 
And from a sizing perspective, we don't tend to give a number on that, but what I can tell you is that it's meaningfully higher than -- that aggregate is meaningfully higher than what it has been historically. 
And pipeline -- and then the outside of the one not funded, the Asset Servicing business will tell you that the pipeline activity is also very high.</text>
                    </speaker>
                </followAnswer>
            <transition>
                <speaker id="0" position="Operator">Operator<text>Our next question will come from the line of Ken Usdin from Jefferies.</text>
                    </speaker>
                </transition>
            <question id="3">
                <speaker id="12" position="Jefferies LLC, Research Division">Kenneth Michael Usdin<text>Follow up on that organic growth side. Can you just talk about the Wealth business? And if you could also try to separate the markets from just where organic growth is there and any updates in terms of -- is there a same type of holdback at all in terms of customers moving, coming over, bringing assets over, given the environment?</text>
                    </speaker>
                </question>
            <answer id="3">
                <speaker id="37" position="CFO &amp; Executive VP">Jason Jerrome Tyler<text>Yes. Actually, I'm really glad you asked that because the Wealth business is -- the journey is very different. The Wealth business, the organic -- the growth there was higher first half of the year. 
And they -- the business is still doing well, but they don't feel -- but the one not funded is not as strong relative to history as the Asset Servicing business. Now both of those client channels will tell you importantly their win rates in the market are very attractive, and they are very consistent with what they have been historically. 
And so it's just about for Wealth, their view is equity markets are lower, less capital markets activity, and it's put just less money in motion. And so year-to-date, organic growth in Wealth has been in line with historical levels, first half strong, frankly, higher than normal. 
Second half looks lighter, but money in motion is down, fewer IPOs, fewer liquidity events, but importantly, their sense is their win rate in the market is consistent with what it has been historically.</text>
                    </speaker>
                </answer>
            <followQuestion id="0" question_id="3">
                <speaker id="12" position="Jefferies LLC, Research Division">Kenneth Michael Usdin<text>Okay. And then if I could just ask 1 follow-up to Alex's question. So if there's more room to go on the NIM, the challenge is overcoming the magnitude of that size decline in the balance sheet. 
So how far out is your line of sight? I know you're not going to give specific guidance, but in terms of your NII growth being able to continue post the third quarter result.</text>
                    </speaker>
                </followQuestion>
            <followAnswer id="0" question_id="3">
                <speaker id="37" position="CFO &amp; Executive VP">Jason Jerrome Tyler<text>No. I mean -- the way you're framing the algorithm is right. It's just we -- rates are -- it's going to start to flatten out. And our betas this coming quarter, we're anticipating that they're -- we're anticipating betas at 80% in this coming quarter. 
And -- so the benefits are just flattening out, but as rates go higher, we're still getting a benefit and the repricing of the securities portfolio is a positive lag effect to that effectively. Now all that said, the volume levels matter a lot as well. 
And just as rates were increasing, we talked about the importance of loans. That's where the real yield is, but we can't ignore the fact that when volumes are coming down, it puts pressure on the securities portfolio and on money-market assets, which has an impact less on NIM, but more on NII.</text>
                    </speaker>
                </followAnswer>
            <transition>
                <speaker id="0" position="Operator">Operator<text>Our next question comes from the line of Brennan Hawken from UBS.</text>
                    </speaker>
                </transition>
            <question id="4">
                <speaker id="6" position="UBS Investment Bank, Research Division">Brennan Hawken<text>I'd love to ask a question about what you're seeing here so far. Number one, just to clarify, the $110 million to $115 million, that's kind of like the range you've been seeing in deposits quarter-to-date, right? 
And assuming that's the case and as you said, hard to predict. But if we do end up that seeing some continued pressure on the deposit side, is -- should we expect that wholesale funding line to plug the gap to the extent that AFS securities cannot come down quick enough? Should we think that, that line is going to continue to grow if the deposits remain under pressure?</text>
                    </speaker>
                </question>
            <answer id="4">
                <speaker id="37" position="CFO &amp; Executive VP">Jason Jerrome Tyler<text>Yes, you're right in that, that's what we think -- that's the last fulfillment mechanism on the balance sheet. And we don't use that. There's no strategic initiative there to use it, but it does in the short run act as the fulfillment mechanism depending on what's happening. 
And the good news is there's a positive -- there's a positive carry on that, and rates are decent. So it helps NII, but we don't use it as a way to push and lever the balance sheet more than we need to. We use it as effectively just a fulfillment mechanism.</text>
                    </speaker>
                </answer>
            <followQuestion id="0" question_id="4">
                <speaker id="6" position="UBS Investment Bank, Research Division">Brennan Hawken<text>Okay. Right. So that's sort of the output to the extent that you don't have -- that you need to plug. That makes sense. And then when we think about nonoperating deposits, where do we stand in total for nonoperating versus where we were at the peak of the last rate hiking cycle? 
Have we retraced that decline? And you spoke to the shifting of nonoperating from noninterest-bearing and interest-bearing. I'm guessing that's what's driving up the betas. What kind of magnitude impact does that -- because I'm guessing the non-op is a more demanding customer base on the beta side. Is that fair?</text>
                    </speaker>
                </followQuestion>
            <followAnswer id="0" question_id="4">
                <speaker id="37" position="CFO &amp; Executive VP">Jason Jerrome Tyler<text>Yes. It is. It is, for sure. And there's actually another layer within there, which we've talked about a little bit. So it's good for us to find you continue asking more detail on it. But even within the nonoperational, there's financial and nonfinancial. 
And the financial nonoperational or the areas where there's the highest rate sensitivity. And frankly, it's also the area we have to have the highest amount of runoff anticipation. And therefore, it's the area where we do the shortest and least-yielding investing on the other side of it. 
And so that -- and you're right, that component is -- it continues to be the higher runoff in terms of volume level so far. So if I look at the numbers, it is across all the categories we look at, it's the single highest decline on a percentage basis even this quarter. 
And that said, there's declines in other areas as well. And so even within the operational base was down, I'll call it, 5% to 10% and -- but that's more that client base looking at different investment options and saying, I might have -- with the yield curve at and flat at 0, might not have been looking to ladder in treasury securities or look at an active fixed income portfolio, but now they're very much looking to do that as they talk to their advisers. And so very different dynamics at play.</text>
                    </speaker>
                </followAnswer>
            <transition>
                <speaker id="0" position="Operator">Operator<text>Our next question will come from the line of Brian Bedell from Deutsche Bank.</text>
                    </speaker>
                </transition>
            <question id="5">
                <speaker id="7" position="Deutsche Bank AG, Research Division">Brian Bertram Bedell<text>Just first, 1 clarification on the deposit beta of 80% that you just mentioned, Jason. That's an incremental beta as opposed to, say, an absolute level that you'd be at in the fourth quarter. Is that correct?</text>
                    </speaker>
                </question>
            <answer id="5">
                <speaker id="37" position="CFO &amp; Executive VP">Jason Jerrome Tyler<text>I want to make sure I understand. So yes, that's the -- as we think about the incremental rate changes, that's the beta that we're experiencing on those incremental changes.</text>
                    </speaker>
                </answer>
            <followQuestion id="0" question_id="5">
                <speaker id="7" position="Deutsche Bank AG, Research Division">Brian Bertram Bedell<text>On incremental, yes. Yes, that's I wanted to clarify, yes. Perfect. And then maybe just on expenses. I guess 1 question just around the seasonality expectations because you do have some of the cost controls in place that you mentioned that you initiated in September. 
So how should we think about the typical seasonal lift in outside services and equipment software, for example, that we usually see and then also, short term, just the pension charges, is that -- should we think of that as more recurring or really sort of you're kind of done with that?</text>
                    </speaker>
                </followQuestion>
            <followAnswer id="0" question_id="5">
                <speaker id="37" position="CFO &amp; Executive VP">Jason Jerrome Tyler<text>Sure. I'll hit the first one just on expenses and then Lauren is here and can also talk on the pension settlement accounting issues. 
So on expenses, we've mentioned that in the -- depreciation is higher. And so in equipment and software, in particular, we're anticipating another lift in fourth quarter similar to what we had in the third quarter. 
And despite the expense actions we're taking, the part of that is just baked into our base right now, particularly from a depreciation and amortization perspective. That said, we'll be looking hard at expenses even within that line item, but we've also talked about the importance of us investing in technology, but we'll see that similar lift going into fourth quarter. 
And then from -- and then consulting is without a doubt, one of the key areas where we're looking very hard to make sure that anything that comes on at this point is critical and that we're handling that with a very high bar of what we're doing, but it's very correlated in M&amp;A instances as well to what we're doing from an equipment and software perspective. With that, Lauren, do you want to talk on pension for a second?</text>
                    </speaker>
                </followAnswer>
            <answer id="5">
                <speaker id="41" position="Senior VP &amp; Controller">Lauren E. Allnutt<text>Sure. So as we think about pension, we definitely would expect to see that recur in the fourth quarter. So the fact that we have triggered this accounting mechanism of settlement accounting does mean that our run rate of pension expense in the current year is lower, but we will expect to see that in the fourth quarter. It is difficult to predict whether that's something that we would expect to see going forward into 2023.</text>
                    </speaker>
                </answer>
            <followQuestion id="1" question_id="5">
                <speaker id="7" position="Deutsche Bank AG, Research Division">Brian Bertram Bedell<text>Okay. Great. And if I could just squeeze one more in there on expenses. In terms of the onboardings of the clients, do you also expect -- typically, we see expenses in advance of that, particularly if they're more larger complex assignments in Asset Servicing. Is that similar dynamic that we may see either now or in the first half of next year in advance of the onboarding of those clients?</text>
                    </speaker>
                </followQuestion>
            <followAnswer id="1" question_id="5">
                <speaker id="42" position="Chairman &amp; CEO">Michael G. O’Grady<text>This is Mike. I would say we've already experienced some of that. So as Jason has mentioned, some of these transitions just are taking longer for a number of reasons. I would say part of it, too, is that if you look at the pipeline right now on the Asset Servicing side, it's a high proportion of asset managers and those mandates just tend to take longer to transition in than for asset owners. 
And so we've been -- already have been at work in doing that and incurring some of the expenses that go with it. And then as you point out, as those start to transition in, it kind of normalizes into the rate.</text>
                    </speaker>
                </followAnswer>
            <transition>
                <speaker id="0" position="Operator">Operator<text>Our next question will come from line of Glenn Schorr from Evercore ISI.</text>
                    </speaker>
                </transition>
            <question id="6">
                <speaker id="11" position="Evercore ISI Institutional Equities, Research Division">Glenn Paul Schorr<text>So I guess in some way, you're a bit of a microcosm of the inflation issue we have in the market. So my question on the expense side is, is head count up 11%, comp up like 12% and that's half the expense dollars? 
So is it fair for me to assume that we could be more careful going forward, but this higher level of dollars on employee comp and benefits is probably going to be with us for a while, just like the market peers overall? In other words, you can't take comp away that you just gave.</text>
                    </speaker>
                </question>
            <answer id="6">
                <speaker id="42" position="Chairman &amp; CEO">Michael G. O’Grady<text>Yes, Glenn, I think that's true in general. Just to expand on that, I would say that for us at least, we've gone through a time period here with inflation but also tremendous competition for the best talent. 
And as you know, that's where we look or one of the ways we look to differentiate ourselves. So it's very important to us to make sure that we were retaining the best talent and also attracting new talent as well. 
And so yes, we've had that increase in comp that is then a part of the run rate going forward. The question is, what happens to the rate of growth going forward. We're looking at that very carefully, I would say, but we need to be competitive on that front. And then the other part, as Jason mentioned, we've added a number of additional partners, employees for us. 
And that's something which was very appropriate as we invest in taking care of our clients, invest in technology, invest in resiliency. So it all makes sense. We just going forward have to be really, really focused on making sure that we're only adding for very critical roles so that, that growth rate of head count is appropriate.</text>
                    </speaker>
                </answer>
            <followQuestion id="0" question_id="6">
                <speaker id="11" position="Evercore ISI Institutional Equities, Research Division">Glenn Paul Schorr<text>You're not alone there. One question on -- when markets are going off a lot like they used to, you would have plenty of clients that would have either fee ceilings or fee caps such that your fees just don't scale up as markets go up. 
My question is, does it work that way in reverse? And the market's fallen like 22% this year. Do we have any protection on the way down, whereas maybe fees might not drop as much as the markets would imply going forward?</text>
                    </speaker>
                </followQuestion>
            <followAnswer id="0" question_id="6">
                <speaker id="37" position="CFO &amp; Executive VP">Jason Jerrome Tyler<text>So a couple of thoughts here. One, even within the contracts that are asset-based, a lot of the components of them are flat. And so as you see increases and decreases, the fee rates don't move 100% in the same magnitude. 
And secondly, outside of that, there are certain volume -- there's certain transactions that are charged for on a per-unit basis. And so that, in and of itself, adds a layer that doesn't -- that's uncorrelated in many ways to the level of assets. 
And so -- and even this quarter, one of the things we experienced as we think about organic growth and particularly in the Asset Servicing business, that was another dynamic, transaction volumes were down. And that may have had some correlation with markets being down, but we actually think it was more correlated to just the volatility where a lot of the managers that -- the asset manager, clients we have, we're doing less because of the -- particularly the currency volatility. And so different dynamics at work. But without a doubt, the Trust fees won't move 100% in line with markets.</text>
                    </speaker>
                </followAnswer>
            <followQuestion id="1" question_id="6">
                <speaker id="11" position="Evercore ISI Institutional Equities, Research Division">Glenn Paul Schorr<text>Yes. Maybe one last one on Wealth Management. Big difference in the AUM change year-on-year, down 10% versus down 25% for Asset Servicing. I'm assuming that's mostly mix and Wealth Management clients holding 20-something percent in cash. So I wonder if you could; a, confirm that; and b, talk about what Wealth clients are now doing with all that cash?</text>
                    </speaker>
                </followQuestion>
            <followAnswer id="1" question_id="6">
                <speaker id="37" position="CFO &amp; Executive VP">Jason Jerrome Tyler<text>Sure. So in -- from a Wealth perspective, the clients may take a different approach in saying that they're thinking about investing. And they might -- it's more of an asset-class change for them and asset-allocation change by class. 
In the institutional market, those clients will often think differently, and they might be moving between providers. They might be moving -- and they've got more options to think about what their existing option sets are. 
I will say, in general, our -- if you think about deposits and the money-market funds combined, the Wealth -- just the movements tend to not be as extreme. And so deposits might be a better place to look at that. They've actually just been flatter. And so the Wealth clients just tend to be ironically, I mean we all think about that component of the market maybe being more -- moving around more, but I think it's the nature of our specific clients that they tend to be -- to move less and just be more patient through cycles.</text>
                    </speaker>
                </followAnswer>
            <transition>
                <speaker id="0" position="Operator">Operator<text>Our next question comes from line of Gerard Cassidy from RBC Capital Markets.</text>
                    </speaker>
                </transition>
            <question id="7">
                <speaker id="10" position="RBC Capital Markets, Research Division">Gerard Sean Cassidy<text>Digging a little deeper into the decline year-over-year of assets on the custody administration you touched on it in your prepared remarks. Can you share with us how it breaks out between just market conditions and fixed income versus equity? 
You already discussed a lot about the deposit issues. And then also, what the dollar may have contributed to that decline? And lastly, were there any customers that left?</text>
                    </speaker>
                </question>
            <answer id="7">
                <speaker id="37" position="CFO &amp; Executive VP">Jason Jerrome Tyler<text>Sure. So AUC/A is down, call it, 6.5%. Markets were over half of that. Currency to your point and observation was about 1/3. And we've got a significant international exposure higher than what most people realize in AUC and in fact, only 70% is USD. 
And then client outflows were the remainder. And so not heavily significant portion of either AUC or of the decline itself. And importantly, the decline in AUC that was related to outflows, it was related to our -- largely our asset manager clients underlying business having outflows. 
And our asset owners rebalancing, but there is no material change in our client base or in our wallet share. And the business just emphasizes that win rate continues to be high and consistent, but this was a dynamic of our underlying clients having outflows. And over time, that works in our favor. Our clients do well. It's -- and we grow with them. This period was one where particularly the asset managers had outflows, which impacted AUC.</text>
                    </speaker>
                </answer>
            <followQuestion id="0" question_id="7">
                <speaker id="10" position="RBC Capital Markets, Research Division">Gerard Sean Cassidy<text>Very good. And then second, asking the revenue question a little differently. Can you share with us what percentage of your fee revenues are variable rate price, meaning you charge maybe a couple of basis points to your customer as a percentage of assets under custody? 
So as assets under custody go up and down, revenues, of course, follow. Where does that stand today?</text>
                    </speaker>
                </followQuestion>
            <followAnswer id="0" question_id="7">
                <speaker id="37" position="CFO &amp; Executive VP">Jason Jerrome Tyler<text>Yes. Maybe something just to give you a quick sound bite that we could come back on. It's different across Asset Servicing. And let me offer a couple of things that might be helpful to you. 
In Asset Servicing, 40% of the fees are not asset-value sensitive. They're driven by transaction volumes and account-level fees or flat fees. Of the asset-sensitive fees, that's 60%, about 75% operate on a month lag and about 25% on a quarter lag. 
And if I transition to Wealth Management, I'll split it between the Family Office and the regions because they're different. In the Family Office, probably it's about 1/3 of the fees are sensitive to equity markets in some ways and about 10% are sensitive to the fixed income markets. 
So close to half, overall. And then in the regions, about half, a little bit more are sensitive to equity markets, but 1/4 are sensitive to fixed income. And so that should give you a good tool set to work from.</text>
                    </speaker>
                </followAnswer>
            <transition>
                <speaker id="0" position="Operator">Operator<text>Our next question will come from the line of Vivek Juneja from JPMorgan.</text>
                    </speaker>
                </transition>
            <question id="8">
                <speaker id="16" position="JP Morgan Chase &amp; Co, Research Division">Vivek Juneja<text>A couple of questions here. Capital, your CET1 is down to 10.1%. Mike, you've always wanted to keep a gap versus your peers, that gap has really disappeared for the moment. What are you thinking, especially if rates stay high for a while? What is your plan in terms of trying to bring back that gap?</text>
                    </speaker>
                </question>
            <answer id="8">
                <speaker id="42" position="Chairman &amp; CEO">Michael G. O’Grady<text>So Vivek, you're right, as to our objective on capital there. And I would say that hasn't changed. What has changed, as you know, with rates, the impact of AOCI on that. And so over time, that will accrete back into capital, and that's our plan, if you will, is to allow the capital ratio to continue to be in the range that we've had for some time period. Right now, it's just in the lower part of that range as a result of AOCI.</text>
                    </speaker>
                </answer>
            <followQuestion id="0" question_id="8">
                <speaker id="16" position="JP Morgan Chase &amp; Co, Research Division">Vivek Juneja<text>Okay. So no plans to shrink the balance sheet or anything in the near term to try and do anything about it?</text>
                    </speaker>
                </followQuestion>
            <followAnswer id="0" question_id="8">
                <speaker id="42" position="Chairman &amp; CEO">Michael G. O’Grady<text>Yes. So I would say there are no specific plans around that, Vivek, but we do look at risk-weighted assets very closely because it is -- that's a proxy then for the amount of capital that's being deployed in that activity. And are we getting the right return? 
Jason talked about the size of the balance sheet earlier and the fact that we do get positive returns across all of those activities, but some of them more than others. And so we've never looked to just expand the balance sheet if it was going to be in low-returning activities. And so that will be the same. And in this environment, every dollar of RWA is precious.</text>
                    </speaker>
                </followAnswer>
            <followQuestion id="1" question_id="8">
                <speaker id="16" position="JP Morgan Chase &amp; Co, Research Division">Vivek Juneja<text>Got it. Different question, a little detailed one. Jason, you mentioned other operating expenses were down due to lower miscellaneous expenses. Is it sustainable at this lower run rate given the cost sort of focus that you've got? Or is that just temporary and comes back?</text>
                    </speaker>
                </followQuestion>
            <followAnswer id="1" question_id="8">
                <speaker id="37" position="CFO &amp; Executive VP">Jason Jerrome Tyler<text>There's a lot of different factors going within that line item. And so it's just a difficult one to predict. We tend -- we try to call out the big moves, but difficult to say that there's any trend within that. There's nothing we'd call out at this point.</text>
                    </speaker>
                </followAnswer>
            <followQuestion id="2" question_id="8">
                <speaker id="16" position="JP Morgan Chase &amp; Co, Research Division">Vivek Juneja<text>One last one, if I may. You mentioned Investment Management seeing outflows, how much and which products are you seeing there?</text>
                    </speaker>
                </followQuestion>
            <followAnswer id="2" question_id="8">
                <speaker id="37" position="CFO &amp; Executive VP">Jason Jerrome Tyler<text>Across AUM in general, the decline is about 7%, the majority of that is within Asset Servicing. And then from an asset class to your perspective, it's a combination of mostly cash but also equity and then also the stepped lending cash collateral pools. 
But at the same time, markets drove about 40% of the decline and currency was the remaining approximately 10%.</text>
                    </speaker>
                </followAnswer>
            <transition>
                <speaker id="0" position="Operator">Operator<text>We have a follow-up from the line of Brennan Hawken from UBS.</text>
                    </speaker>
                </transition>
            <question id="9">
                <speaker id="6" position="UBS Investment Bank, Research Division">Brennan Hawken<text>You touched briefly on this before, Jason. But could you give us an updated currency mix of the deposits and whether or not the FX moves we've seen has caused some shift there?</text>
                    </speaker>
                </question>
            <answer id="9">
                <speaker id="37" position="CFO &amp; Executive VP">Jason Jerrome Tyler<text>Yes. Give me a second. And Mark or Jennifer, if you get it before I do... 
Mark Bette 
Yes, this is Mark. The USD deposits that you were asking about the currency mix of deposits, Brennan?</text>
                    </speaker>
                </answer>
            <other id="0" question_id="9">
                <speaker id="6" position="UBS Investment Bank, Research Division">Brennan Hawken<text>Yes, exactly. Current fixed deposits. Yes. 
Mark Bette 
Yes. So in the current quarter, it's a little bit over 70% is U.S. So it's 71% U.S. And then as you go down for total deposits, a little bit more than 10% as pound, a little bit more than 5% as euro. And then you get to Aussie dollar, which is also right around 5% and then the rest is kind of spread out among the remaining 5% or so, 5% to 10%, but still not a significant change from what we've seen before, even though the volumes have come down.</text>
                    </speaker>
                </other>
            <followQuestion id="0" question_id="9">
                <speaker id="6" position="UBS Investment Bank, Research Division">Brennan Hawken<text>Got it. And then earlier on expenses, you guys spoke to taking some actions on expenses to try to diminish some of the inflationary pressure. Is it possible to give some color or help us think about what kind of magnitude we should be expecting as far as those action goes, those potential actions go and what the timing would be?</text>
                    </speaker>
                </followQuestion>
            <followAnswer id="0" question_id="9">
                <speaker id="37" position="CFO &amp; Executive VP">Jason Jerrome Tyler<text>I'll hit on timing. And from that perspective, it's -- we started and announced internally these higher levels of controls in early mid-September. And so we're already seeing some beneficial impact from that. 
And certainly, change in heightening of the bar on what we're bringing in. And again, I've got to emphasize, there are still things that we think about from an investment perspective, from a -- to the extent we have growth, we're going to follow that growth with appropriate level of investment. 
And -- but this is also about productivity and making sure that we address inflation very aggressively. Those are the 2 components that we're looking at. And we've taken more of a 5-quarter approach to this year's planning process for 2023 to ensure we work hard on fourth quarter so that we maximize our ability to do well and be where we want to be in coming into next year. 
And from a magnitude perspective, too early to -- we're not going to give numbers on that at this point. It's just -- it is noteworthy enough that we wanted to make sure to communicate that this is something that it's been a pivot and a significant increase in the controls around higher level around spend increases.</text>
                    </speaker>
                </followAnswer>
            <followQuestion id="1" question_id="9">
                <speaker id="6" position="UBS Investment Bank, Research Division">Brennan Hawken<text>Okay. But just framing it, is it best to think about -- because you said that this was about addressing the inflation and whatnot, you're not stopping the investment, of course. But given the challenging environment, so should we think about this could help to offset some of the recent inflationary pressure that you saw this year? 
So it's about like bringing the growth rate down, right? Is that the right way to think about it? Or is it more containing further pressure and sort of like stopping it from continuing to go higher?</text>
                    </speaker>
                </followQuestion>
            <followAnswer id="1" question_id="9">
                <speaker id="37" position="CFO &amp; Executive VP">Jason Jerrome Tyler<text>It's both. It's -- we're -- if we go back and it's a good thing to -- for you to encourage us to frame it. And so let's just come back to the way we usually -- we always talk about our expenses, which is around productivity, inflation growth and investing. 
And if we use that framework, typically, we want -- we'd like to see productivity offset inflation. That's a lot easier to do when inflation is at 2%. Inflation at 8%, 9%, 10%, it's very difficult, but that should tell you we are going to be looking extremely hard at productivity at where we can look at our existing base of business and find opportunities to be more efficient. 
And then in the concept of investing those -- that's where you just have to have a high bar. And we have to say our growth rate historically has been high, but we've accomplished a lot of the things we wanted to do. In Wealth Management, we went through digital metamorphosis, in our Infrastructure, we went through -- we've gone -- we've gotten a lot of work done on migrating to the cloud. And our risk in cyber and regulatory bucket, we've done a lot of investing to ensure that the brand that we have is protected well. And those are the 3 components around technology spending importantly that we're talking about things internally. 
So that infrastructure, foundational piece is one, the second is that middle layer of risk-regulatory cyber. And the third is around what's client-driven. And there are opportunities in each of those, but the risk-regulatory cyber is one where you'd say we're going to ensure that we're doing everything we need to do there to make sure we are where we should be as a franchise. 
The other 2 buckets, we've got to think about pacing. We've got to think about who we're using to help us on those things. There are levers we can pull. And then that last overall bucket of what do we do from a growth perspective to the extent that there is good business out there for us to bring on, we're going to do it. 
And that we care as much about the organic growth of the company as about wanting to make sure that the expense growth rate is where it should be. Thanks for encouraging the framework. Hopefully, that's helpful.</text>
                    </speaker>
                </followAnswer>
            <transition>
                <speaker id="0" position="Operator">Operator<text>Our next question comes from the line of Mike Brown from KBW.</text>
                    </speaker>
                </transition>
            <question id="10">
                <speaker id="25" position="Keefe, Bruyette, &amp; Woods, Inc., Research Division">Michael C. Brown<text>I just wanted to ask about the volatility that we saw in the gilt market, we saw some headlines about some challenges related to processing for your business. Can you add some context around the situation there? And will there be any financial impact related to the volatility there and specific for your business?</text>
                    </speaker>
                </question>
            <answer id="10">
                <speaker id="42" position="Chairman &amp; CEO">Michael G. O’Grady<text>Yes. So Mike, you've given the background there largely just that there has been a significant amount of both volumes and volatility in the gilt market. And we have a meaningful client base of U.K. pensions that are affected by that. 
And a number of those pension clients also utilize liability-driven investment strategies and managers that provide those strategies. And likewise, we have some very meaningful clients on that front. 
So we've been in the middle of that volume and volatility and have been doing everything that's required to be able to handle that. Needless to say, it has presented challenges for all of the players in that marketplace as it's continued to work its way through. 
And I would say still uncertain in our expectation is that although some of the volumes may have come down here more recently, we are prepared that they could pick back up again and that the volatility has not gone away. 
And so from that perspective, we've been very focused on taking care of the clients, making sure that everything is getting done. And I would say as far as any particular financial exposure or anything like that, there's no change to the business model for us or necessarily exposures or things like that.</text>
                    </speaker>
                </answer>
            <followQuestion id="0" question_id="10">
                <speaker id="25" position="Keefe, Bruyette, &amp; Woods, Inc., Research Division">Michael C. Brown<text>Okay. Very good. And just on share buybacks, I don't think we really heard much about that on this call and certainly were very low this quarter. And if I heard Jason's comment correctly before, it sounds like a lot of focus will probably be on rebuilding the CET1 ratio. 
So is it fair to assume that the buybacks will probably be relatively muted here and maybe just dependent on how the AOCI accretes back into capital? Or just any thoughts on the framework for thinking about buybacks would be helpful.</text>
                    </speaker>
                </followQuestion>
            <followAnswer id="0" question_id="10">
                <speaker id="37" position="CFO &amp; Executive VP">Jason Jerrome Tyler<text>Yes. I think you got it largely right that with AOCI at $1.5 billion to $2 billion on a cumulative basis, that's a high amount. We care about our CET1 levels. And we've got -- obviously, we've got strong -- very strong capital positions, but we think about it so much on a relative basis as well and an aggregate basis. And so we feel good about the capital levels, but also our -- have a -- I'd say, a bias toward making sure we're -- we stay relatively where we want.</text>
                    </speaker>
                </followAnswer>
            <transition>
                <speaker id="0" position="Operator">Operator<text>We have a follow-up from the line of Gerard Cassidy from RBC Capital Markets.</text>
                    </speaker>
                </transition>
            <question id="11">
                <speaker id="10" position="RBC Capital Markets, Research Division">Gerard Sean Cassidy<text>Jason, just a quick follow-up on the beta that you mentioned, incrementally, 80% for the upcoming quarter is what you pointed out. Can you -- 2 parts to the question. How does that compare to the last tightening cycle? Is 80% at this point, normal or similar, I should say, not normal? 
And second, if rates continue to go higher, let's say, another 75 to 100 basis points, will the incremental beta approach 100%?</text>
                    </speaker>
                </question>
            <answer id="11">
                <speaker id="37" position="CFO &amp; Executive VP">Jason Jerrome Tyler<text>So in terms of where it is relative to prior cycles, it has not been linear in this cycle. Each rate hike seems to have its own dynamic to it. And another dynamic is that historically, we've seen the most of the dynamic come from the Fed. But this cycle and the mix of our deposits, there's more impact from non-USD currencies, and so you've got to play that in as well. It's really important. 
And then to the second and those betas also behave very differently. And then also our Wealth, even within USD, the Wealth deposits behave differently. They don't flatten out as much even at higher levels from here, which gets to the second part of your question, does it level off completely at some point? It doesn't. 
Not up another 100 basis points, for sure. But each currency behaves differently. And depending on where we are, behaves differently, too, betas were very high in non-USD negative rates. You can imagine clients were highly demanding of getting 100% of the benefit as they were in negative territory as they got to 0 and a little bit above, the conversations change. 
And then also the dynamics of what are -- what do alternatives look like. And so the shape of the yield curve matters. And so all those things come into play, but the direct answer is we don't anticipate a flattening even at a -- even with another 100 basis point lift, but we'll continue to see higher betas as we get there.</text>
                    </speaker>
                </answer>
            <followQuestion id="0" question_id="11">
                <speaker id="10" position="RBC Capital Markets, Research Division">Gerard Sean Cassidy<text>Very good. And then, Mike, just to follow up on the pension answer that you gave over with the London or U.K. accounts. Is it safe to assume that you guys are primarily acting as agent for those customers rather than any balance sheet risk or you're not underwriting LDI products?</text>
                    </speaker>
                </followQuestion>
            <followAnswer id="0" question_id="11">
                <speaker id="42" position="Chairman &amp; CEO">Michael G. O’Grady<text>Correct. So we are not an LDI product provider, if you will, on the Asset Management side. And you're right, we're the asset servicer for either the U.K. pension or for the LDI manager, that's our client. 
And so yes, we're acting as agent for them. Now with sales of gilts with moving collateral around, there's a tremendous amount of movement of cash and bonds as a part of that. And so we will act as a go-between because of that. And so that can create temporary exposures, if you will, which is what would be the case. That's normal as part of the offering that we have for them. 
And I would just add that with all of the increases in volumes and volatility that I talked about, which have been multiples of what is normally the case. We've put additional resources to doing everything we can to make sure that we can handle those. So that's really been our position on it. And again, I can't predict where it's going to go, but we're trying to be prepared for this to continue for some time.</text>
                    </speaker>
                </followAnswer>
            <ending>
                <speaker id="0" position="Operator">Operator<text>That concludes our Q&amp;A for today. I'd like to turn the call back over to Jennifer Childe for any closing remarks.</text>
                    </speaker>
                </ending>
            <ending id="12">
                <speaker id="40" position="Senior VP &amp; Director of Investor Relations">Jennifer Childe<text>Thanks, Victor, and thanks, everyone, for joining us today, and we look forward to speaking with you again very soon.</text>
                    </speaker>
                </ending>
            <transition>
                <speaker id="0" position="Operator">Operator<text>Thank you for participating. You may now disconnect. Everyone, have a great day.</text>
                    </speaker>
                </transition>
            </section>
        </body>
    </Transcript>
