<?xml version='1.0' encoding='utf-8'?>
<Transcript>
    <header>
        <company>Northern Trust Corporation NasdaqGS:NTRS</company>
        <quarter>Q4</quarter>
        <year>2022</year>
        <time>Thursday, January 19, 2023 2:00 PM GMT</time>
        <currency>Currency: USD</currency>
        <note>Consensus as of  Jan-12-2023 1:26 AM GMT</note>
        <ticker>NTRS</ticker>
        <stock_price_before>90.918392</stock_price_before>
        <stock_price_after>86.346222</stock_price_after>
        <stock_performance>negative</stock_performance>
        </header>
    <body>
        <section name="Financial Tables">
            <table id="0" name="Earnings Estimates Comparison Table">
                <timePeriods>
                    <period name="FQ4 2022" />
                    <period name="FQ1 2023" />
                    <period name="FY 2022" />
                    </timePeriods>
                <metrics>
                    <metric name="EPS Normalized">
                        <value period="-FQ4 2022-" type="CONSENSUS">1.81</value>
                        <value period="-FQ1 2023-" type="ACTUAL">1.66</value>
                        <value period="-FY 2022-" type="SURPRISE">(8.29 %)</value>
                        </metric>
                    <metric name="Revenue  (mm)">
                        <value period="-FQ4 2022-" type="CONSENSUS">1754.14</value>
                        <value period="-FQ1 2023-" type="ACTUAL">1534.50</value>
                        <value period="-FY 2022-" type="SURPRISE">(12.52 %)</value>
                        </metric>
                    </metrics>
                </table>
            <table id="1" name="EPS Normalized Comparison Table">
                <timePeriods>
                    <period name="FQ1 2022" />
                    <period name="FQ2 2022" />
                    <period name="FQ3 2022" />
                    <period name="FQ4 2022" />
                    </timePeriods>
                <metrics>
                    <metric name="EPS Normalized">
                        <value period="FQ1 2022" type="CONSENSUS">1.64</value>
                        <value period="FQ2 2022" type="CONSENSUS">1.92</value>
                        <value period="FQ3 2022" type="CONSENSUS">1.82</value>
                        <value period="FQ4 2022" type="CONSENSUS">1.81</value>
                        </metric>
                    </metrics>
                </table>
            </section>
        <section name="Call Participants">
            <person company="Northern Trust Corporation NasdaqGS:NTRS" position="Executive VP &amp; CFO" group="EXECUTIVES" id="37">Jason Jerrome Tyler</person>
            <person company="Northern Trust Corporation NasdaqGS:NTRS" position="Senior VP &amp; Director of Investor Relations" group="EXECUTIVES" id="40">Jennifer Childe</person>
            <person company="Northern Trust Corporation NasdaqGS:NTRS" position="Chairman &amp; CEO" group="EXECUTIVES" id="42">Michael G. O’Grady</person>
            <person company="Goldman Sachs Group, Inc." group="ANALYSTS" id="4">Alexander Blostein</person>
            <person company="Morgan Stanley" group="ANALYSTS" id="5">Betsy Lynn Graseck</person>
            <person company="UBS Investment Bank" group="ANALYSTS" id="6">Brennan Hawken</person>
            <person company="Deutsche Bank AG" group="ANALYSTS" id="7">Brian Bertram Bedell</person>
            <person company="RBC Capital Markets" group="ANALYSTS" id="10">Gerard Sean Cassidy</person>
            <person company="Evercore ISI Institutional Equities" group="ANALYSTS" id="11">Glenn Paul Schorr</person>
            <person company="Seaport Research Partners" group="ANALYSTS" id="45">James Francis Mitchell</person>
            <person company="Jefferies LLC" group="ANALYSTS" id="12">Kenneth Michael Usdin</person>
            <person company="Keefe, Bruyette, &amp; Woods, Inc." group="ANALYSTS" id="25">Michael C. Brown</person>
            <person company="Wells Fargo Securities, LLC" group="ANALYSTS" id="18">Michael Lawrence Mayo</person>
            <person company="Autonomous Research US LP" group="ANALYSTS" id="22">Robert Henry Wildhack</person>
            <person company="Wolfe Research, LLC" group="ANALYSTS" id="27">Steven Joseph Chubak</person>
            </section>
        <section name="Presentation ">
            <statement>
                <speaker id="0" position="Operator">Operator<text>Good day, and welcome to the Northern Trust Corporation Fourth Quarter 2022 Earnings Conference Call. Today's conference is being recorded. At this time, I'd like to turn the conference over to Jennifer Childe. Please go ahead, ma'am.</text>
                    </speaker>
                </statement>
            <statement>
                <speaker id="40" position="Senior VP &amp; Director of Investor Relations">Jennifer Childe<text>Thank you, Margerie. Good morning, everyone, and welcome to Northern Trust Corporation's Fourth Quarter 2022 Earnings Conference Call. Joining me on our call this morning are Mike O'Grady, our Chairman and CEO; Jason Tyler, our Chief Financial Officer; Lauren Allnutt, our Controller; and Mark Bette, Brian Rose and Grace Higgins from our Investor Relations team. 
Our fourth quarter earnings press release and financial trends report are both available on our website at northerntrust.com. Also on our website, you will find our quarterly earnings review presentation, which we will use to guide today's conference call. This January 19th call is being webcast live on northerntrust.com. The only authorized rebroadcast of this call is the replay that will be made available on our website through February 18. Northern Trust disclaims any continuing accuracy of the information provided in this call after today. Please refer to our safe harbor statement regarding forward-looking statements on Page 13 of the accompanying presentation, which will apply to our commentary on this call. 
[Operator Instructions] Thank you again for joining us today. Let me turn the call over to Mike O'Grady.</text>
                    </speaker>
                </statement>
            <statement>
                <speaker id="42" position="Chairman &amp; CEO">Michael G. O’Grady<text>Thank you, Jennifer. Let me join in welcoming you to our fourth quarter 2022 earnings call. I'd like to start by thanking our teams across the company for their strong execution throughout the year in the face of significant global political and market turmoil. It is our partner's unwavering focus on supporting our clients in uncertain and volatile times like these that truly differentiates Northern Trust. 
For the full year, revenue was up 5%, including trust fee growth of 2%, and our return on average common equity was 12.7%. Excluding the impact of $303 million in charges detailed in the presentation, revenue for the full year grew 8%, and our return on equity was 14.9%. Fourth quarter results reflected trends that were consistent with those we saw through the first 3 quarters of the year, namely on a year-over-year basis, weaker markets pressured our trust fees, but this was more than offset by strong increases in net interest income. 
Within our Wealth Management business, assets under management and advisory fees grew sequentially in the fourth quarter. Total fees declined, however, due to the lagged effect of markets, strategic price reductions in our index funds and shifts in client allocations out of liquidity products. Overall, new business generation and wealth management was healthy in 2022. However, we did see some deceleration in the second half of the year as market activity waned. 
We continue to execute on our growth strategy in Wealth Management, including increasing the size and effectiveness of our sales force, expanding our digital marketing efforts and leveraging the differentiated capabilities of the Northern Trust Institute. 
In Asset Management, assets under management were up sequentially. The fees declined due to the outflows we experienced in our liquidity and index products as a result of the impact of both weaker markets and clients seeking alternatives. We did see solid increases in alternative funds throughout the year, including year-over-year growth of more than 20% in the fourth quarter. Our ETF complex also continued to perform well with year-over-year organic growth of 12%. 
Our product launches during the year focused on ESG capabilities, including 3 new ESG funds in the fourth quarter. And within asset servicing, we delivered a solid finish to the year. We saw healthy momentum throughout the year with our whole office offering as investment managers are increasingly considering outsourced solutions in the face of continued margin pressure and the challenging macroeconomic environment. Whole office integrates our global asset servicing platform with innovative partners facilitating access to new technologies, services and solutions. 
One recent client win offers an insight into what differentiates us in the marketplace. After an exhaustive RFP process during which we conducted a complete review of a large U.K.-based asset manager's front-to-back operating model, we were selected to provide a holistic full suite of core asset servicing, capital markets and data and analytics products and services. This client was particularly impressed with our ability to digitalize their investment process to maximize the value of their data. We learned that this client chose us because of our combination of market-leading tools and first-rate client service. 
We also saw continued strong demand for our integrated trading solutions offering throughout both the quarter and the year. In 2022, the number of clients on the platform increased 20% year-over-year to nearly 100. Our [indiscernible] not transition backlog that we spoke to you about last quarter started to transition in during the fourth quarter and our pipeline remains strong. 
Expense growth continued to be elevated in the quarter, reflecting investments in people and technology to strengthen our resiliency, advance our digital modernization efforts and drive growth in the business. All critical initiatives, but the level of growth is too high. Some of the charges we announced today reflect early steps we are taking to bring down the trajectory to better align with the current operating environment and create capacity for profitable growth. 
To underscore our commitment, we recently launched a dedicated office of productivity to reinforce our approach to driving efficiencies throughout the company. Jason will provide more color on in his prepared remarks. 
In closing, as we begin 2023, we remain well positioned to navigate the ongoing macroeconomic and market uncertainty from a position of strength. Our focus is on driving organic growth, improving our productivity and continuing to bolster our foundation. I'll now turn the call over to Jason.</text>
                    </speaker>
                </statement>
            <statement>
                <speaker id="37" position="CFO &amp; Executive VP">Jason Jerrome Tyler<text>Thank you, Mike, and let me join Jennifer and Mike in welcoming you to our fourth quarter 2022 earnings call. 
Let's dive into the financial results of the quarter, starting on Page 2. This morning, we reported fourth quarter net income of $155.7 million. Earnings per share were $0.71, and our return on average common equity was 5.9%. Our results were unfortunately impacted by the inclusion of $266 million in pretax charges, which reflect $199 million in net income, impact of $0.94 in earnings per share impact. These charges included the following on a pretax basis. 
$213 million of investment security losses related to the intent to sell certain available-for-sale debt securities, which were subsequently sold in early January. $32 million of severance-related charges, $14 million of occupancy charges related to early lease exits; and $6.8 million of pension settlement charges. Also recall that in the first quarter of this year, we implemented an accounting reclassification of certain fees, which continues to impact the year-over-year comparisons as noted on this page. 
Let's move to Page 3 and review the financial highlights of the quarter. Including the charges previously mentioned, year-over-year revenue was down 8%, expenses increased 13% and net income was down 62%. In a sequential comparison, revenue was down 13%, expenses were up 8%, while net income was down 61%. Excluding the charges previously mentioned, year-over-year revenue was up 5% and expenses increased 9%. Excluding the charges previously mentioned, on a sequential basis, revenue was down 1% and expenses were up 5%. 
Let's look at the results in greater detail, starting with revenue on Page 4. Year-over-year, unfavorable currency translation reduced our revenue growth by approximately 200 basis points. Trust, investment and other servicing fees, representing the largest component of our revenue, totaled $1 billion, were down 6% from last year and down 3% sequentially. Our trust fees continue to be unfavorably impacted by the weaker equity and fixed income markets and unfavorable currency movements. 
As a reminder, a significant portion of our trust fees are recorded on a month or quarter lag basis. So this quarter's performance is largely reflective of the third quarter's market performance as well as the months of October and November. The year-over-year and sequential declines in all other remaining noninterest income are primarily driven by the $213 million pretax investment security loss due to the intent to sell certain available-for-sale debt securities. These securities were subsequently sold in early January 2023, which I'll describe in more detail in a few minutes. 
Net interest income on an FTE basis, which I'll also discuss in more detail later, was $550 million and was up 48% from a year ago and up 5% sequentially. 
Let's look at the components of our trust and investment fees on Page 5. For our asset servicing business, fees totaled $588 million and were down 6% year-over-year and down 3% sequentially. Within asset servicing, custody and fund administration fees were $406 million, down 11% year-over-year, but importantly, they were flat sequentially. 
Custody and fund administration fees decreased from the prior year quarter, primarily due to unfavorable markets and unfavorable currency translation, partially offset by new business. Assets under custody and administration for asset servicing clients were $13 trillion at quarter end, down 16% year-over-year and up 6% sequentially. The year-over-year decline was primarily driven by unfavorable markets and currency translation. The sequential increase was primarily driven by favorable markets and currency translation. Investment management fees within Asset Servicing were $124 million, up 9% year-over-year and down 9% sequentially. 
Investment management fees decreased sequentially, primarily due to asset outflows and unfavorable markets. Investment management fees increased from the prior year quarter, primarily due to lower money market fund fee waivers, partially offset by asset outflows and unfavorable markets. Assets under management for asset servicing clients were $898 billion, down 25% year-over-year and up 3% sequentially. The year-over-year decline was driven by asset outflows, weaker equity in fixed income markets and unfavorable currency translation. The sequential growth was driven by favorable markets and currency translation, partially offset by asset outflows. 
Moving to our Wealth Management business. Trust, investment and other servicing fees were $454 million, down 7% compared to the prior year and down 5% from the prior quarter. Within the regions, the year-over-year declines were primarily driven by unfavorable market impacts and asset outflows, partially offset by the elimination of money market fund fee waivers. Sequentially, the decline within the regions was primarily driven by unfavorable markets, asset outflows and a strategic repricing initiative. 
Within Global Family Office, the year-over-year growth was driven by lower fee waivers and new business, partially offset by unfavorable markets. The sequential decrease was mainly related to asset outflows, unfavorable markets and the repricing initiative. Assets under management for our wealth management clients were $351 billion at quarter end, down 16% year-over-year and up 5% on a sequential basis. The year-over-year decline was driven primarily by unfavorable markets and asset outflows. The sequential increase was primarily due to favorable markets. 
Moving to Page 6. Net interest income was $550 million in the quarter and was up 48% from the prior year. Earning assets averaged $134 billion in the quarter, down 10% versus the prior year. Average deposits were $116 billion and were down 14% versus the prior year, while loan balances averaged $42 billion, up 6% compared to the prior year. 
On a sequential quarter basis, net interest income grew 5%. Average earning assets were up 1%. Average deposits declined 2%, while average loan balances were up 2%. The net interest margin was 1.63% in the quarter, up 64 basis points from a year ago and up 5 basis points from the prior quarter. The prior year quarter increase is primarily due to higher average interest rates. The sequential increase is primarily due to higher average interest rates, partially offset by an unfavorable balance sheet mix. 
Turning to Page 7. On a year-over-year basis, expense growth benefited by approximately 300 basis points due to currency translation. As reported, expenses were $1.3 billion in the fourth quarter, 13% higher than the prior year and 8% higher than the prior quarter. The current quarter's expenses included $53 million in charges. These charges in part reflect steps we're taking in conjunction with the launch of our office of productivity. 
To shift away, we approach and manage our expenses. Through this initiative, we expect to leverage data and analytics to help us better understand the efficacy of our spending so as to optimize our cost base and drive greater efficiencies throughout the organization. We'll update you on our progress in the coming quarters as appropriate. 
Excluding charges in both periods, expenses in the fourth quarter were up 10% year-over-year and up 5% sequentially. Also, recall that the current quarter includes the impact of the previously mentioned accounting reclassification, which increased other operating expense by $8.6 million compared to the prior year. 
Compensation expense was up 15% compared to the prior year and up 6% sequentially. The year-over-year growth was primarily driven by higher salary expense in part due to inflationary pressures and the previously mentioned severance-related charges, partially offset by favorable currency translation. The sequential increase is primarily due to the aforementioned severance-related charges and higher salary expense, partially offset by lower incentives. 
Employee benefits expense was down 4% compared to the prior quarter and down 6% sequentially. The year-over-year decrease is primarily driven by lower ongoing pension expense, partially offset by higher medical costs. The sequential decrease is primarily due to lower pension costs, including the lower pension settlement charge relative to the prior period, partially offset by higher medical costs. 
Outside services expense was $233 million and was up 4% from a year ago and up 5% sequentially. The year-over-year increase was primarily driven by higher technical service costs, legal services and consulting services, partially offset by lower third-party advisory fees and subcustodian expense. The sequential increase was primarily due to higher technical services costs and legal services, partially offset by lower subcustodian expense and consulting costs. 
Equipment and software expense of $229 million was up 17% from a year ago and up 8% sequentially. The year-over-year and sequential growth were both primarily driven by higher software costs due to continued investments in technology as well as inflationary pressures and higher amortization. We also recognized that $3.8 million termination charge associated with our mainframe strategy. Occupancy expense of $66 million was up 27% from a year ago and up 28% sequentially. The year-over-year and sequential growth were both primarily driven by the previously mentioned $14 million of charges related to early lease exits. 
Other operating expense of $108 million was up 37% from a year ago and up 31% sequentially. The year-over-year increase is primarily driven by higher staff-related expense, business promotion and miscellaneous expense. The sequential increase is primarily due to higher business promotion, supplemental compensation plan expense and miscellaneous expenses in the current period. 
Turning to the full year. Our results in 2022 are summarized on Page 8. On the right margin of this page, we outline the charges that we called out for both years. Including these items, net income was $1.3 billion, down 14% compared to 2021, and earnings per share were $6.14, down 14% from the prior year. In 2022, these charges had a $227 million impact on net income and a $1.08 impact on earnings per share. In 2021, these charges had an $18 million impact on net income and a $0.07 impact on earnings per share. 
Full year revenue and expense trends are outlined on Page 9 and include the charges previously mentioned. Trust, investment and other servicing fees grew 2% in 2022. The growth during the year was primarily driven by lower money market fee waivers and new business, partially offset by unfavorable markets and unfavorable currency translation. Net interest income grew 36%. Average earning assets during the year decreased by 10%, while the net interest margin increased 64 basis points, driven by higher average interest rates. The net result was revenue growth of 5% in 2022 compared to 2021 and expense growth of 10%. Excluding these charges in both periods, revenue for the full year was up 8% from the prior year and expenses were up 9%. 
Turning to Page 10. Our capital ratios remained strong with our common equity Tier 1 ratio of 10.8% under the standardized approach up from the prior quarter's 10.1%. Our Tier 1 leverage ratio was 7.1%, up from 7% in the prior quarter. A decrease in net unrealized losses in the available-for-sale securities portfolio and less foreign exchange volatility were the primary factors in this quarter's increase in capital ratios. 
Accumulated other comprehensive income at the end of the quarter was a loss of $1.6 billion. During the quarter, we returned $158.9 million to common shareholders through cash dividends of $158.8 million and share repurchases of $0.1 million. In early January of this year, we sold $2.1 billion of higher capital consuming, lower-yielding non-HQLA debt securities and reinvested the proceeds into lower capital consuming, higher-yielding HQLA assets. This repositioning offered a unique opportunity to derisk our portfolio, free up capital and improve our liquidity ratios while simultaneously generating more attractive returns. 
With that, Margerie, please open the line for questions.</text>
                    </speaker>
                </statement>
            </section>
        <section name="Question and Answer">
            <transition>
                <speaker id="0" position="Operator">Operator<text>[Operator Instructions]  We'll take our first question from Glenn Schorr from Evercore.</text>
                    </speaker>
                </transition>
            <question id="0">
                <speaker id="11" position="Evercore ISI Institutional Equities, Research Division">Glenn Paul Schorr<text>So I guess I'll try to focus on deposits. So the interest-bearing down 12%, the noninterest-bearing down 48% year-on-year, but there's a clear declining impact on a sequential basis. So I'm curious, a much higher rate paid and a slow -- and a decelerating outflow of deposits, how do -- can you help us think through what to expect in '23 on both attrition mix and betas for deposits?</text>
                    </speaker>
                </question>
            <answer id="0">
                <speaker id="42" position="Chairman &amp; CEO">Michael G. O’Grady<text>Sure. Well, let me -- there's a lot going on with the balance sheet with the repositioning as well. So let me give you a couple of the key ingredients, and then let me know if there's additional detail you'd like. So just on volume, we saw volume up at -- down less to 116. We still think that, that 110 to 115 is a good starting point for first quarter. And as you know, the quarter has -- the quarters have some seasonality. We usually get a spike at the end of fourth quarter. First quarter gets some build from tax preparation, and in the second quarter, we'll start to see outflows as clients pay taxes. But as you think about first quarter, at least 110 to 115 is still a good range. 
Then let me take beta in 3 different -- or rate really in 3 different parts. First, beta and you noted that beta was high. We'd indicated we thought it would be at this point in the cycle, and we still think that, that's a pretty good indication of where -- what we'll look like over the course of the next 3 months. So beta for interest-bearing deposits was 75%, 80%. It was in line. We do anticipate that to be similar. 
Balance sheet repositioning, that takes $2 billion a little bit more at what was about 2% or 2.25% that reinvested on the short end of the curve, a couple of hundred basis points higher. Right now, we're mostly overnight, but we'll continue to think about what we want to do with that from a non-HQLA perspective. But at least the starting point you should be thinking about is moving that $2 billion to overnight. 
And then just lastly, as we're talking about rate, just a quick reminder, the runoff on the portfolio, it's just over $1 billion. And you're moving that from 2, 2.25 to higher rates. We're repositioning as we mature securities to the short end. So there's a similar pickup there. And then last thing on outlook. Just as you think about first quarter, just remember that day count cost us about $8 million going from fourth quarter to first quarter. So those are the big ingredients. Hopefully, that's helpful.</text>
                    </speaker>
                </answer>
            <followQuestion id="0" question_id="0">
                <speaker id="11" position="Evercore ISI Institutional Equities, Research Division">Glenn Paul Schorr<text>Well prepared. Appreciate it. And maybe just a follow-up is a similar question on average earning assets up 1% quarter-on-quarter. Should we feel in the range of stable now? Or I guess...</text>
                    </speaker>
                </followQuestion>
            <followAnswer id="0" question_id="0">
                <speaker id="42" position="Chairman &amp; CEO">Michael G. O’Grady<text>Yes, it's hard to tell. I mean I think about it very much from where the -- obviously, it's a liability-driven balance sheet. And so the commentary on deposits is really what's driving the size of average earning assets in general. And what we saw in the quarter, it certainly does look like things have -- like client behavior has settled and leveled out a little bit, but we're not calling it flat at this point. We're still operating in a way that we're anticipating some muted, but continued decline. That's why that 110 to 115. That's really the drive that you should think of that as the driver of average earning assets.</text>
                    </speaker>
                </followAnswer>
            <transition>
                <speaker id="0" position="Operator">Operator<text>We'll take our next question from Betsy Graseck from Morgan Stanley.</text>
                    </speaker>
                </transition>
            <question id="1">
                <speaker id="5" position="Morgan Stanley, Research Division">Betsy Lynn Graseck<text>So I heard all the commentary around the expenses and the efforts to kind of slow the growth rate as we go forward here. But maybe you could help us understand maybe the pace at which you think you can do that? Because when I strip out the one-timers from the expense ratio, it still looks like the expense ratio moved up a bit around 400 basis points Q-on-Q. So how should I think about the trajectory from here? Does it stabilize where it is? Is there still some push up from here? Or should we expect that the arc begins to come down in 1Q? How should we think through that?</text>
                    </speaker>
                </question>
            <answer id="1">
                <speaker id="37" position="CFO &amp; Executive VP">Jason Jerrome Tyler<text>Well, it's not -- it doesn't stay where it is, and it certainly doesn't increase over time. We -- that expense ratio needs to come down. It's pretty good, you're talking about assume expenses to trust fees. And -- so yes, a few things to think about: one -- and we can get into more detail on it, but in the short run, at least, from an expense perspective, as we think about what first quarter is going to look like. I can give you some thoughts there just as you start to model out what does it look like. 
Compensation is obviously our biggest line and so we've got to start there. And so we've got the $30 million, which you indicated even pulling that out, and so what does that look like going forward? We actually think that, in general, that line item should start to flatten out in the near term as some of those severance-related activities come online, and we should get a benefit from that. We should -- to your question on timing, we should get a benefit on it this year. We're not going to get a benefit of it right away, but a significant portion -- more than half of the actions we're going to take with severance, we're anticipating to take place first in -- by the end of the first quarter. 
So we're going to start to see benefit of that. We're going to backfill some of those roles, but they're not going to be in expensive locations. This is very much -- this is less about us addressing FTE or headcount, and it's getting it what the economics are, which is the salary run rate line for the business showing up in comp. And we're going to get a benefit of that this year. And so as you think about first quarter, don't forget that we've also got retirement-eligible incentives coming online that hits $50 million in that quarter, but that's very predictable and seasonal. 
The other dynamics for compensation, I'd call it a wash as we think about going into first quarter. And then equipment software is where we've seen a big uplift over the last couple of years. And we've talked a few weeks ago externally about the fact that we thought that line would be at about $225 million. It came in higher than that at $229 million, but that difference, 100% of that is the $3.8 million. 
There's a contract termination we decided to do very late in the quarter. Otherwise, we feel like that line item is starting to flatten out as well. We're going to have -- we will have a step-up as we come into first quarter, but we think beyond that, it's going to -- that line is going to flatten out. That's obviously where all of our depreciation is, but we're going to see an uplift of about $12 million in first quarter in equipment software, a 100% of that coming from depreciation and amortization. 
But other than that, we're anticipating that line item to start to flatten out. We're not going to see this kind of growth going forward. And then the other side of it is, as we think about trust fees and growth in the business, that's going to help the ratio that you started with as well. Mike, I don't know if you want to talk just more strategically about how you're thinking about this.</text>
                    </speaker>
                </answer>
            <answer id="1">
                <speaker id="42" position="Chairman &amp; CEO">Michael G. O’Grady<text>Yes. I would just add, Betsy, to your point, it is about trajectories and curves, if you will. So we've been on a downward trajectory with trust fees as a result of the factors that Jason has gone through. Obviously, we're trying to drive that the other way, primarily through growth. When it comes to NII, we've had a strong trajectory up. That's not likely to carry through into the new year or into 2023, just as a result of the rate cycle. And then looking at the expenses, as Jason went through there, we're clearly trying to bend down that expense growth curve without a doubt through the productivity office, but also just in every day in how we operate the business.</text>
                    </speaker>
                </answer>
            <followQuestion id="0" question_id="1">
                <speaker id="5" position="Morgan Stanley, Research Division">Betsy Lynn Graseck<text>And that curve bend down where it sounds like it's a second half, like we'll see that more in second half than in first.</text>
                    </speaker>
                </followQuestion>
            <followAnswer id="0" question_id="1">
                <speaker id="42" position="Chairman &amp; CEO">Michael G. O’Grady<text>Yes, I think that's right because as Jason's saying, some of these things, there's actions that we already took in the fourth quarter, which we had talked about on the previous call, the intent to get going on those and then more of them that are happening in the first quarter as well and then carrying through. So you're right, the time you see the impact, it's delayed relative to the actions.</text>
                    </speaker>
                </followAnswer>
            <transition>
                <speaker id="0" position="Operator">Operator<text>And our next question comes from Brennan Hawken from UBS.</text>
                    </speaker>
                </transition>
            <question id="2">
                <speaker id="6" position="UBS Investment Bank, Research Division">Brennan Hawken<text>Hoping to get some more specifics here. So the productivity office, helpful that we're seeing that emerge, but like what are the objectives, right? So what are the metrics that they're looking to drive? You gave some generally kind of high-level comments on how to think about bending the curve and whatnot there in response to Betsy's question. 
But really expenses have been a bit out of control, just being blunt, especially relative to the peer group and especially relative to the revenue trends. So investors are really -- I'm getting hit a lot this morning for looking for some more details, better understanding and what specific metrics you're using and how we can make sure to -- that you're hitting your goals when you're pushing through to make these changes.</text>
                    </speaker>
                </question>
            <answer id="2">
                <speaker id="37" position="CFO &amp; Executive VP">Jason Jerrome Tyler<text>Yes, I can -- first of all, the thing that we look at to -- let us test how we're doing from an expense management perspective is still expense to trust fees. And even pulling out the charges from this quarter being in the -- being anywhere near 120, that's not where the business is going to be in the long run. That's going to come down. And so then you start to think more tactically, how does the productivity office look to do that. Just to be -- just to say what are the numbers associated with it. Historically, we have talked about productivity matching inflation. And when inflation was at 1% or 2%, we felt like we were doing that really well. And with inflation at 8% or 9%, we are not going to get productivity to that level, but we should absolutely have productivity above 2% of our expense base. 
Second, every group in this company has productivity goals. We go through it all the time, every year in our planning process. And then next, if you start to just think tactically, how is this office going to get at this work, where are the buckets that we're going to get at? I'll give you how the group is laid out. First of all, it's technology. That's the largest component of our -- and the fastest-growing expense item we have, that's $1.4 billion. And so we have to -- we've got to get it technology costs. We accomplished a lot in 2022 and 2021, but we've got to do it efficiently. And that means determining how we're purchasing, how we're developing technology, how we're consuming it, how we're delivering it. 
Two is vendor strategy, and how we're thinking about engaging with our partners externally. Three, investment governance. There are areas around the company we're investing in growth for the business. We're investing to get deeper and stronger, but we've got to accomplish those things, but at the same time, test whether or not we still want to be investing at the same rate, at the same timing. 
And then lastly, fourth is a big pillar, is workforce analysis. And a couple of things there that you already see us getting it larger severance than we normally take and that should get to 300, 400 positions that will be impacted. That's why we're focused on driving productivity across operations. And then even separately than this, we took out hundreds of technology-related contractors in fourth quarter. And just as an indication of how aggressively we're getting at this internally and that's a big effort to do that, but again, we accomplished a lot and now it's time to turn the corner on it.</text>
                    </speaker>
                </answer>
            <answer id="2">
                <speaker id="42" position="Chairman &amp; CEO">Michael G. O’Grady<text>Yes. And Brennan, I would just add. I think Jason described it well, but think about it as bottoms up and top down, right, which is each of the groups, as Jason is saying, they have to have their productivity initiatives that work their way up to their productivity goals that are in the plan. 
And then the top-down part is the productivity office, which is doing things that can cut across the enterprise and also have the structure to work with the groups to help them meet those productivity initiatives. So that's the approach to it, and again, this is -- we always have productivity as a part of the planning process. But as Jason is saying, when you have inflation like we do, you have to be able to ramp up those activities in order to get greater efficiencies.</text>
                    </speaker>
                </answer>
            <followQuestion id="0" question_id="2">
                <speaker id="6" position="UBS Investment Bank, Research Division">Brennan Hawken<text>Sure. Sure. And everybody is dealing with inflation, and it's certainly troubling and it's weighing on the results without question. So -- and that was a lot of color, and I appreciate that color, Jason and Mike. I would encourage you please to provide some actual metrics, though, to the investment community so that we can measure your progress, understand what your goals are and actually, have some visibility in order to think about where you're going and what you're trying to do, not just from a conceptual perspective, but from a numbers perspective because I think that would really help in improving the confidence. 
One follow-up question would be on wholesale funding. Should -- I just took a look at wholesale funding was up again this quarter. Should we think about it getting back to the 2019 levels where it was like mid-6% of the funding side of the balance sheet. Is that reasonable? Because it still looks like there's a little ways to go to get there. Or is this the upper end of the range and are you trying to limit that growth?</text>
                    </speaker>
                </followQuestion>
            <followAnswer id="0" question_id="2">
                <speaker id="37" position="CFO &amp; Executive VP">Jason Jerrome Tyler<text>There's not -- there's nothing strategic that we've been doing in that area to bring it down, and so it is instructive as you're doing to look back at more historical levels. It's not to say that's the target, but it is to say that where we are right now is not -- it's not reflective of any strategy that we have for lower levels.</text>
                    </speaker>
                </followAnswer>
            <transition>
                <speaker id="0" position="Operator">Operator<text>We'll take our next question from Alex Blostein from Goldman Sachs.</text>
                    </speaker>
                </transition>
            <question id="3">
                <speaker id="4" position="Goldman Sachs Group Inc., Research Division">Alexander Blostein<text>So maybe pivot a little bit. I was hoping to spend a couple of minutes on the Wealth Management and the Global Family Office trends. You guys highlighted outflows -- client outflows, asset outflows, I think, in both of those for the quarter. Wealth Management tends to kind of ebb and flow. But Global Family Office historically, I think, has been a source of stronger organic growth. 
So maybe help us unpack what's driving the outflows in both of these businesses and maybe also hit on the strategic price reductions that you mentioned. How much of that is fully captured in the Q4 results? Is there any kind of negative carryover effect into Q1 as we think about fees, and again, maybe a little bit more color on the reasons behind these pricing reductions and what you ultimately expect to achieve there.</text>
                    </speaker>
                </question>
            <answer id="3">
                <speaker id="37" position="CFO &amp; Executive VP">Jason Jerrome Tyler<text>Sure. So let's just walk the fees because that's probably what -- it's kind of how you're framing the question and fees down roughly $20 million for the quarter. Right at half of that is markets. And then 1/4 of it is the repricing that we mentioned earlier. And as this group knows extraordinarily well, on the -- in the asset management side of the business, fee compression is still persistent. And so we've not done those types of reductions a lot recently. We want to make sure that we're priced appropriately. And so with some of the index products, we took fee reductions. That's only on the product side, not on the advisory side, and those are done. So it's -- there's a step down there, no incremental benefit going forward, and at this point, no plans to do more. 
The other quarter of the decline was outflows, but that was product-related outflows, so really client repositioning in the money market space, in the liquidity space. And we've seen a journey there for our clients across both wealth as well as asset servicing. It's very closely aligned to what we saw in deposits of large decline as we came into COVID and decline as markets gain more confidence and then we started to redeploy assets into risk assets. 
And so as we think about -- the way we litmus test the business in Wealth is to think about our advisory fee, frankly, not the product side, but what are the assets and what are the fees related to the advice we have with clients, and that's gone well. In the quarter, client flows for Wealth Management from an advisory perspective were positive. On a linked quarter and year-over-year basis, the net new business and flow activity that we track was positive low single digits, but it was positive. So the business is not in decline. What we're seeing is a lot of clients deploying away from their historical mix of using our money market funds. And then in this quarter, repricing of product.</text>
                    </speaker>
                </answer>
            <followQuestion id="0" question_id="3">
                <speaker id="4" position="Goldman Sachs Group Inc., Research Division">Alexander Blostein<text>Got it. As you think about pricing broadly for the products, not the advisory component. But if you think about the money market offering, given the fact that money market funds are actually given a pretty healthy yield, is there any thought around reducing your money market fees as well to become more competitive to maybe capture the more bill flows or prevent folks from leaving and seeking a better kind of yield options and net of fees.</text>
                    </speaker>
                </followQuestion>
            <followAnswer id="0" question_id="3">
                <speaker id="37" position="CFO &amp; Executive VP">Jason Jerrome Tyler<text>So we look at it all the time, and it actually -- it comes -- it's more -- that comes more into play on the institutional side, and we've got a really -- we've got a very large and successful money market mutual fund business. We do a lot of liquidity work for our clients. And so even now, there are some strategic waivers that we have in the institutional side of the business. We're working pricing to ensure that we're as attractive as we can be, but it's not just pricing that clients look at. 
On the institutional side, in particular, they look at size, and they look at the underlying quality of the assets. And so a lot of the ultra large investors have investment policy restrictions on how big they can be within a fund. And so the fact that we've got funds that are $40 billion, $50 billion, $60 billion, it enables those large investors to put money to work. And so the competition set is a little bit lower on the institutional side, and we're above that threshold. So in the long run, that's very good for us. There will be ebbs and flows based on other factors. In the long run, it's good. 
On the wealth side, it's -- that's just going to ebb and flow the business. Traditionally, it's been more aligned. This is just a period of time where our clients are -- they're also thinking about deploying to building their own treasury portfolios, laddering in portfolios there and then potentially other product, they'll use ultrashort. And so we do have high confidence that the mix of the usage of this product is going to come back to where it was historically. And you're exactly right, it's a very attractive engagement for us economically.</text>
                    </speaker>
                </followAnswer>
            <transition>
                <speaker id="0" position="Operator">Operator<text>We'll take our next question from Ken Usdin from Jefferies.</text>
                    </speaker>
                </transition>
            <question id="4">
                <speaker id="12" position="Jefferies LLC, Research Division">Kenneth Michael Usdin<text>Jason, sorry to come back to NII, but I was just wondering, can you kind of put that all into context for us in terms of -- if the balance sheet is shrinking, you get a little bit of help from the repositioning. Just can NII grow from here? Or based on what you still expect on the rate curve -- and I guess that would be the question.</text>
                    </speaker>
                </question>
            <answer id="4">
                <speaker id="37" position="CFO &amp; Executive VP">Jason Jerrome Tyler<text>Yes. Yes. No, I appreciate you pushing on that. The answer is, yes, it can absolutely grow from here, and we anticipate that throughout the year, it will. I don't think first quarter is going to see meaning -- I'm not sure it's going to see meaningful growth, but the trajectories are still in our favor. And I mean the balance sheet repositioning in and of itself is -- that's an attractive lift, and then betas are not 100%. 
And so with Fed actions, we're going to do well. And then we've also got the runoff, which helps us too. And so the only offset to that is volumes, and that's what we're not sure what that's going to look like. But even that the remained relatively flat, right? It was at the top end, maybe a tiny bit above of what our anticipation was last quarter. So if I look out through the year, absolutely anticipation for NII to be growing from this 550 level.</text>
                    </speaker>
                </answer>
            <followQuestion id="0" question_id="4">
                <speaker id="12" position="Jefferies LLC, Research Division">Kenneth Michael Usdin<text>Okay. And my follow-up to that is, how do you think about incremental betas from here in terms of deposit cost increases? You had said, you had expected a decent move up this quarter, you did get that. So how do we just understand that mix of deposits and the beta that you're looking at?</text>
                    </speaker>
                </followQuestion>
            <followAnswer id="0" question_id="4">
                <speaker id="37" position="CFO &amp; Executive VP">Jason Jerrome Tyler<text>Sure. Yes. I mean the mix, I don't -- we haven't seen that changing dramatically, but you're raising an interesting point, which is that the betas are actually different depending on the currency that you're talking about. And so I just think that's something that's important for people to think about. And then most of the way the industry also calculates beta is on just the interest-bearing portion. I think it's instructive to think about the total beta as well because as we've talked about the mix of interest bearing to noninterest-bearing changes over time and so that has an effect as well. 
But the betas on the institutional side, I think you got to call them close to 100% at this point. It varies by currency, but I think you got to call it close to 100%. And then on the Wealth Management side, it's less than that. It's -- and you can imagine for us to get to a blended level that I'm talking about and kind of that 70% to 80% range. Wealth is closer to 50% and the Institutional side closer to 100%.</text>
                    </speaker>
                </followAnswer>
            <transition>
                <speaker id="0" position="Operator">Operator<text>We'll take our next question from Brian Bedell from Deutsche Bank.</text>
                    </speaker>
                </transition>
            <question id="5">
                <speaker id="7" position="Deutsche Bank AG, Research Division">Brian Bertram Bedell<text>Maybe just to also ask about NII just, but actually more to focus on that deposit growth trend. And you talked about 110 to 115 in 1Q. As you come into second quarter, maybe it's hard to assess this early, but what type of headwind would tax payments beyond that? And then sort of a related question would be, to what extent do you want to or do you think you need to defend the wealth -- the strategic wealth deposits and raise the beta further as we get into 2023?</text>
                    </speaker>
                </question>
            <answer id="5">
                <speaker id="37" position="CFO &amp; Executive VP">Jason Jerrome Tyler<text>We're looking -- I'll go in reverse order. I mean we've talked about heavy defensive wealth deposits. The economics are important, and that's -- those are the things we want to be doing with our clients, hard stop, and so we're going to do everything we can to defend those. And they're largely relationship-driven, but there's -- also there are pockets where our clients look really aggressively at rate. And so we've got good governance and infrastructure to make sure we're doing what we can to maximize that. 
And then throughout the year, you're just asking what do we -- how are we thinking about it over the course of the year. After the -- we've tended -- you can go back and look historically at first quarter to second quarter and see what kind of decline there has been. We don't think -- we don't anticipate anything different this year. And then I can tell you is that from there, we don't expect -- we have more of a flattish outlook, but we've got to just remember that, that second quarter decline does take place and history should be a pretty good judge.</text>
                    </speaker>
                </answer>
            <followQuestion id="0" question_id="5">
                <speaker id="7" position="Deutsche Bank AG, Research Division">Brian Bertram Bedell<text>Yes, that's helpful. And then maybe just on expenses. You mentioned the equipment and software of $12 million in the first quarter. Is that from the $229 million level in 4Q? Or is that $225 million ex the charge?</text>
                    </speaker>
                </followQuestion>
            <followAnswer id="0" question_id="5">
                <speaker id="37" position="CFO &amp; Executive VP">Jason Jerrome Tyler<text>Yes, thanks for confirming that. It's off the $225 million level.</text>
                    </speaker>
                </followAnswer>
            <transition>
                <speaker id="0" position="Operator">Operator<text>And we'll take our next question from Jim Mitchell from Seaport Global.</text>
                    </speaker>
                </transition>
            <question id="6">
                <speaker id="45" position="Seaport Research Partners">James Francis Mitchell<text>Maybe just a little bit on the pension accounting. Did that get triggered again this year? And should we expect more charges this year?</text>
                    </speaker>
                </question>
            <answer id="6">
                <speaker id="37" position="CFO &amp; Executive VP">Jason Jerrome Tyler<text>So every year we come into it, and we don't expect there to be -- to trigger settlement accounting. And it's ironic because in 2021, we had the thresholds, but then we did a larger RIF and those ended up triggering. And then this past year was interest rates going up significantly. That led to a higher level of retirements than we anticipated. 
And so in no year that we anticipated at this time, and -- but we're in the exact -- the bad news is, we're in the exact same boat this time, which is that we look at the thresholds with our outside actuaries, with our consultants, but we can't predict with high degrees of certainty what the experience will be from a retirement perspective. And so we have to let that play through. 
That said, what we've experienced in '21 and '22, we had not experienced prior to that. And so it's not like this is something that -- it's happened in the last 2 years, but if you look over the last 10 years, it hasn't happened outside of these last 2 years. And so that's how we think at it. It seems like more of a trend than what than -- certainly than what we're planning or anticipating.</text>
                    </speaker>
                </answer>
            <followQuestion id="0" question_id="6">
                <speaker id="45" position="Seaport Research Partners">James Francis Mitchell<text>Okay. And maybe just on capital. You had a nice sequential improvement in capital ratios. Is there any content you didn't really do much in the way of buybacks in '22? Do you see that being a bigger part of the EPS story this year?</text>
                    </speaker>
                </followQuestion>
            <followAnswer id="0" question_id="6">
                <speaker id="37" position="CFO &amp; Executive VP">Jason Jerrome Tyler<text>Yes, at some point. And so if you think about the framework we've used historically, and I've talked about it a lot, no red flags there. And we don't have to have all of those components of the framework saying green. We look at it in combination at any given point in time, and it were at [ 10 8 ] right now. We also still have $1.6 billion in AOCI. That will come down a little bit actually in a chunk because of the securities repositioning because we did that after the quarter. And so we've got, call it, $1.4 billion that's going to be accreting into capital over time. The returns in the business are still strong. And so it's -- there's no reason we wouldn't be back at some point.</text>
                    </speaker>
                </followAnswer>
            <transition>
                <speaker id="0" position="Operator">Operator<text>We'll take our next question from Rob Wildhack from Autonomous Research.</text>
                    </speaker>
                </transition>
            <question id="7">
                <speaker id="22" position="Autonomous Research LLP">Robert Henry Wildhack<text>On the fee side, I just wanted to check in on organic growth and the competitive landscape this quarter and into '23 for both the Institutional and the Wealth businesses.</text>
                    </speaker>
                </question>
            <answer id="7">
                <speaker id="37" position="CFO &amp; Executive VP">Jason Jerrome Tyler<text>Sure. So I'd say different stories there. And on -- if you start with the -- we talked about Wealth a little bit earlier, and if we think about just the core underlying business, really focusing more on the account management side, then the business had a very strong first half of the year and the second half of the year was weaker that -- and we've also noted, GFO was much stronger than the regions, but again, that's going to ebb and flow over time. 
But organic growth the way we have calculated it and communicated it historically was negative in the regions for the quarter and, call it, flat for GFO. If you -- actually slightly positive for GFO, if you think about it on a year-over-year basis. So it at least gives you a sense of where that business is. 
And then on the -- but then again, from the advisory side, there are -- even at the -- both for the year-over-year and at the end of the quarter, the advisory fees did well. So the core business there is strong, just we think it's the product mix and other factors leading to the way we've calculated organic growth as being negative. 
In Asset Servicing, different story. We talked at the early part of the year that we felt pipeline was good. That pipeline on board -- it's started to onboard in fourth quarter, and we feel good about the growth in that business. And so -- and the proxy there should be more custody and fund servicing fees, just as I talked about account management fees in Wealth Management. The proxy for the same correlator there is custody and fund servicing and that was a positive in fourth quarter. It was actually really attractive. 
We had new business that Mike talked about earlier coming online in the business to the tune of kind of mid single digits. And we feel like that business is back to its historical organic growth rate, and that's evidenced by what we onboarded. The one not onboarded business we have right now is higher than our 3-year average, and the pipeline of business they have that they're still bidding on in late stages is higher than the 3-year average for the business. And so a lot of positive signs in the Asset Servicing business from an organic perspective.</text>
                    </speaker>
                </answer>
            <followQuestion id="0" question_id="7">
                <speaker id="22" position="Autonomous Research LLP">Robert Henry Wildhack<text>That's helpful. Just on that starting to onboard business and asset servicing. I think in the past, you had talked about that not really coming online until the second half of '23. So is that a pull forward there?</text>
                    </speaker>
                </followQuestion>
            <followAnswer id="0" question_id="7">
                <speaker id="37" position="CFO &amp; Executive VP">Jason Jerrome Tyler<text>Actually, there's -- go ahead, Mike.</text>
                    </speaker>
                </followAnswer>
            <answer id="7">
                <speaker id="42" position="Chairman &amp; CEO">Michael G. O’Grady<text>'22.</text>
                    </speaker>
                </answer>
            <answer id="7">
                <speaker id="37" position="CFO &amp; Executive VP">Jason Jerrome Tyler<text>Yes, I'm sorry that was early '22 that we talked about there being business in the back half of the year that was onboarding. So that did come into place. We do have right now, there's a chunk of business that we know is onboarding in the short run. The pipeline is good. And then you go out further to the end of '23, and there's another chunk of large business that we're -- the large business that we're anticipating to come on in a couple of different areas fourth quarter and even into first quarter of '24. And so the pipeline for that business is at various stages is looking good.</text>
                    </speaker>
                </answer>
            <transition>
                <speaker id="0" position="Operator">Operator<text>Our next question comes from Mike Mayo from Wells Fargo Securities.</text>
                    </speaker>
                </transition>
            <question id="8">
                <speaker id="18" position="Wells Fargo Securities, LLC, Research Division">Michael Lawrence Mayo<text>On the expenses, it's oh my. I get it. Look, you guys are dealing with the first clients in both stock and bond markets in over 50 years. You said, you're preserving growth by investing in people and tech. There's inflation, but wow, this is the worst quarterly operating leverage that I can recall for you guys, and for the year, it was negative operating leverage of 500 basis points. And even comp has grown twice the pace of revenue growth. 
So I guess what I'm looking for is more assurance that expenses haven't gotten away from you. I get it, at the high level, you said -- it looks like you're rightsizing headcount with severance. You took out hundreds of tech-related contracts. You have some kind of mainframe strategy. I have to tell you, I just don't understand what that means from a bottom line standpoint. 
So I guess the question is, you said your expenses to trust fee ratio of 120% is unacceptable, but what is acceptable? And when should you get there, like 2024, 2025? What kind of sense of urgency do you have? Because this is not the Northern we've gotten to know over the past long while aside from your resiliency through tough times.</text>
                    </speaker>
                </question>
            <answer id="8">
                <speaker id="42" position="Chairman &amp; CEO">Michael G. O’Grady<text>So Mike, it's Mike. To your point, if you go back number of years where we were at levels that are like this, it's been a long time and that's why it is considered unacceptable where we are. And we were effective in driving that ratio down into an area where -- yes, we thought it was within that range for us to be able to continue to operate. And that's kind of that 105 to 110 range, and we have the same objective now of getting it back into that range. That calculation is a numerator and a denominator, and we're trying to drive both of those, right? 
So beyond the challenging environment on the fee front, which is going to happen at various times, we're trying to drive the organic growth there. And as much as we had good growth in the year, it was not one of our stronger organic growth level. So challenged on the numerator, both, I would say, conditions, but also what we did on our part. 
And then on the other side, from an expense perspective, as Jason said, we got a lot done, not just this year, but the last couple of years and really making the company more resilient. And I'll get into a little more detail on that. But just contextually, if you think back a few years with the pandemic and then the last couple of years, the technology infrastructure of the company is just critical to your ability to be just what you said, which is resilient and there for your clients in any set of conditions. And so that's required a lot of investment in technology. 
Some of it, if you think about it, you have to be able to operate completely remotely and so you have to invest to be able to do that, and you also have to be reliable for clients. And so when it comes to modernizing all the technology you have, it does require investment on that front. And in the meantime, we also push forward with our digitalization efforts, which is much more the client-facing part of that, which is essential to being competitive and essential to growing. So it's been very active across that. Some of that is, call it, nondiscretionary, right? It needs to be done to be able to do what I said. 
Other parts of it, you do have more discretion in the speed, particularly around the digitalization front, and you're looking at the returns that you're going to get for that. So we've talked about things like Matrix, which has been a meaningful investment, which will drive both productivity, but also will drive our capabilities, and therefore, revenue and organic growth on that front. 
The same thing is happening in Wealth Management, where we have to make sure that our interface with our clients is frictionless, as Steve would say in the technology interface with the clients. That part of it, again, we can pay some and that's part of what we'll have to do on the technology front. 
And the last part of it is just the need for efficiencies around the technology spend and then just more broadly, which we've done many times and need to just increase the focus on execution around those, what I'll call, more traditional ways to drive productivity. 
So you asked the question on, okay, when did it get into that range? Is it '23? Is it '24? I don't know because I don't know exactly what's going to happen with the numerator and the denominator, but that's what we're driving towards is to get it into that range. And in the meantime, also trying to drive profitability, meaning driving pretax margins above 30%. So that's kind of the view and the plan.</text>
                    </speaker>
                </answer>
            <followQuestion id="0" question_id="8">
                <speaker id="18" position="Wells Fargo Securities, LLC, Research Division">Michael Lawrence Mayo<text>Can you give any specifics for the year? I know it's not always your style, but in terms of kind of expense growth through the year or what the savings are from the elimination of all the tech contracts or even just if I think of investing along a J curve, it seems like you're on this tech journey like a lot of others are, and some are still in the investing phase and some are in the harvesting phase. When do you think you go from investing to harvesting on this broader tech strategy, which seems to be impacting your expenses?</text>
                    </speaker>
                </followQuestion>
            <followAnswer id="0" question_id="8">
                <speaker id="42" position="Chairman &amp; CEO">Michael G. O’Grady<text>Yes. So I'll answer both and then let Jason add, too. But we are clearly in the investing stage, but I would say -- and you're always investing, of course, in that because the needs change over time, et cetera. But from a correcting perspective, et cetera, we're more towards that than we are away from it, if that makes sense. We have gotten a lot done in the last couple of years on that front. So that's my view. 
And then as far as the expenses, we talked about for the year, expenses at 9%. So that's the part where we're saying that doesn't work, and so how do we bring that down. Now there's still going to be growth and expenses for the year because certain aspects that just carry into the year, right? So you do have base pay increases that flow in and you do have some of the technology costs that are amortization that just come into the year. But outside of that, you're trying to do everything you can with productivity to offset other increases.</text>
                    </speaker>
                </followAnswer>
            <followQuestion id="1" question_id="8">
                <speaker id="18" position="Wells Fargo Securities, LLC, Research Division">Michael Lawrence Mayo<text>All right. You said, Jason was going to follow up.</text>
                    </speaker>
                </followQuestion>
            <followAnswer id="1" question_id="8">
                <speaker id="37" position="CFO &amp; Executive VP">Jason Jerrome Tyler<text>Well, I can give you a little bit more color on the year, if it's helpful. And whatever information is helpful, obviously, I'm happy to give what we see at this point. But one thing as you're thinking about the next several quarters, not just the next one is outside services was elevated and lots of things happening there in fourth quarter. Some of that is episodic, some of that is -- has -- I'm sorry, other expense. Some of that's episodic agency expense, supplemental pension plan. Some of those have more of a longer-term trend. 
So I think travel marketing, that was actually up over third quarter. That's likely going to stay elevated, but some of these are episodic. And so we don't think we're going to see other expenses at $107 million. So it should even -- that should quickly -- unless -- and some of it is out of our control because things like the supplemental pension plan are market affected, but that should get to below $100 million, and hopefully, stay that way going forward. 
And then you just think about the impact also of compensation, just to give you some color there. We know base pay is going to come online in second quarter. That's going to be a $20 million lift. And then to severance activity, we think that should -- that's going to help us -- help offset that a little bit, probably $5 million to $7 million on a quarterly basis starting in second, third quarter. And then we'll have some additional hiring, but that's going to be in line with the growth of the business. 
So that at least gives you a sense of some of the line items. And then last one, visibility on equipment and software and the depreciation lift that we've got coming into the first quarter, that levels out a lot. There's some growth, call it a couple million dollar -- $1 million or $2 million -- a couple of million dollars a quarter after that, but nowhere near this level. And so a lot of the -- that's where you get to what's the impact of those hundreds of contracts coming out. We're starting to flatten that depreciation and amortization line, which sits within equipment and software, which has been the fastest grower. It's just reflective that we've gotten a lot of work done.</text>
                    </speaker>
                </followAnswer>
            <transition>
                <speaker id="0" position="Operator">Operator<text>We'll take our next question from Gerard Cassidy from RBC.</text>
                    </speaker>
                </transition>
            <question id="9">
                <speaker id="10" position="RBC Capital Markets, Research Division">Gerard Sean Cassidy<text>Coming back to the expense topic and conversation, on the salaries, can you share with us the cost of those salaries? Is it going more to entry-level folks? Or is it more your senior people? And then second, are you at risk of losing people, which is why you had to bump up salaries and maybe a little more details about just the salary portion.</text>
                    </speaker>
                </question>
            <answer id="9">
                <speaker id="37" position="CFO &amp; Executive VP">Jason Jerrome Tyler<text>Yes. So 2 very different dynamics happening. The actions we're taking this year are not across the board, much more targeted than they have been historically and very centered around -- frankly around technology and some operations-oriented functions effectively. And so that just gives you a sense of where we're going. And then to why we've had some of the increases, some of the salary increase we had last year, obviously, was an inflation-related higher-than-average merit increase. 
But a lot of the growth we had last year was doing off-cycle adjustments to retain talent specifically in the Wealth Management business, and we think that's largely done at this point. We can never claim that that's -- with certainty that, that's fully over, but that was meaningful. And we want -- you know how important that franchise is to us and how important that talent base is, and so we were going to defend that base. And that episode that seems to be over at this point, and we're more to a business as usual growth rate across the organization, but we're identifying areas where we can get significant salary run rate savings and getting after those aggressively.</text>
                    </speaker>
                </answer>
            <followQuestion id="0" question_id="9">
                <speaker id="10" position="RBC Capital Markets, Research Division">Gerard Sean Cassidy<text>Very good. And then as a follow-up, can you share with us, on the sale of the fixed income portfolio, which resulted in the losses that you reported, can you give us some color on what types of securities were sold and the yields of those securities? And then by reinvesting the proceeds from that sale, how long will it take you to earn back that loss that you had to take to exit the portfolios?</text>
                    </speaker>
                </followQuestion>
            <followAnswer id="0" question_id="9">
                <speaker id="37" position="CFO &amp; Executive VP">Jason Jerrome Tyler<text>Yes. So what we look for was, were securities that had the combination of a couple of things: one, poor RWA treatment; and secondly, lower coupons, lower yield; and third that they still had significant time to maturity. And so that bucket ended up being $2 billion, $2.5 billion. The coupon on those was in the 2% to 2.25% on average and the reinvestment of those coming in at -- you think about in earnings on reserve balances at the Fed in the 4.5% range at this point. 
And in terms of the payback on that is more like a 3.5 years, but remember, from a regulatory reporting perspective, we had already stripped out the unrealized loss in that portfolio. And so the drivers of this were very largely around the opportunity to improve capital ratios, not that we needed to improve capital or liquidity, we didn't. But seeing the opportunity to benefit CET1 in the form of lower RWA treatment help improve liquidity ratio, and at the same time, not hurt the economic value of your earnings stream was very attractive to go after, and that's really what led us to do this.</text>
                    </speaker>
                </followAnswer>
            <transition>
                <speaker id="0" position="Operator">Operator<text>We'll take our next question from Steven Chubak from Wolfe Research.</text>
                    </speaker>
                </transition>
            <question id="10">
                <speaker id="27" position="Wolfe Research, LLC">Steven Joseph Chubak<text>So Gerard actually asked my question, but I did want to clarify one item relating to the securities portfolio repositioning, which is whether you have any appetite to actually engage in further repositioning of the book from here?</text>
                    </speaker>
                </question>
            <answer id="10">
                <speaker id="37" position="CFO &amp; Executive VP">Jason Jerrome Tyler<text>Well, we would have appetite, frankly, because it's an attractive thing to do. But at the same time, we feel like we've harvested just about everything that's there. And I'm glad you asked the follow-up because as soon as I finished, I realize Gerard and now you might be interested in just a little bit more color. Corporate bonds within the $2 billion was about half, munis and mortgage-backed securities were about 1/4 each just so you know. But it was -- it's an attractive time to go after something like that, given the yield curve and the ability to change non-HQLA assets to HQLA assets, pick up capital, pick up liquidity and no impact from an economic perspective, and in fact, making it positive.</text>
                    </speaker>
                </answer>
            <transition>
                <speaker id="0" position="Operator">Operator<text>We'll next go to Mike Brown from KBW.</text>
                    </speaker>
                </transition>
            <question id="11">
                <speaker id="25" position="Keefe, Bruyette, &amp; Woods, Inc., Research Division">Michael C. Brown<text>I just want to follow up on one of the capital and insurer purchase question from earlier. I guess, I look at your capital ratios are well above your minimum, which is consistent with how you've always managed the capital, but you've got a number of tailwinds on that front. And Jason, you mentioned that you plan to resume the buyback at some point, but I guess it seems to me that there's really no time like the present. So my question is, should we expect the share repurchases to engage in a more meaningful way in the first quarter? And when we think about the full year, what are the guardrails we should consider for your capital ratios as we think about modeling capital return from here?</text>
                    </speaker>
                </question>
            <answer id="11">
                <speaker id="37" position="CFO &amp; Executive VP">Jason Jerrome Tyler<text>Sure. So we won't comment more on timing. And if I get to the guardrails, it's instructive, I think, to look -- and again, none of these are 100% determinative. They're just part of how we think about it, but these are the factors we think about, look at the absolute levels, which tells you to look at history, look at where we are relative to peers and then relative to regulatory perspectives, we look at those things. 
And then the other dynamic is that RWA has been less predictable than pre-COVID, and we used our balance sheet to be there for our clients. And we were one of the few institutions that actually let RWA increase over the last several years. And it's because we wanted our clients had loan demand, and they wanted us to be there in FX activity and SEC lending. And we did that because we had -- it was because we were able to because we had the capital strength and flexibility to do that. 
And so that's the thing that we're also looking forward on to make sure that we're not missing any significant changes in client demand that might impact our behavior. But you're right in that sitting at [ 10 8 ], it's a much better position. And then back to this concept of $1.4 billion and AOCI pulling a par over the next several years, plus the return on equity in the business is still attractive. And so we're still each quarter accreting capital, and so no reason we could -- we won't be in the market at some point.</text>
                    </speaker>
                </answer>
            <followQuestion id="0" question_id="11">
                <speaker id="25" position="Keefe, Bruyette, &amp; Woods, Inc., Research Division">Michael C. Brown<text>If I could just follow up on that, Jason. So the loan balances were down about 2.5% sequentially. Sounds like -- I guess how are you thinking about that loan demand from here? Our view is, it sounded like it was kind of softer going forward, but you kind of alluded to the fact that maybe you want to be there to meet client demand. So are you expecting that loan demand to pick up here in 2023? 
And then I guess just one other follow-on, on the capital side. You guys think about -- how do you think about inorganic actions here in terms of capital allocation? Like do you see any other opportunities to change your strategic asset mix and scale so that perhaps that could be another avenue that you would consider on the capital allocation front?</text>
                    </speaker>
                </followQuestion>
            <followAnswer id="0" question_id="11">
                <speaker id="37" position="CFO &amp; Executive VP">Jason Jerrome Tyler<text>Sure. So on loan demand, I always remind people, it's super spiky. And on the base of business we have and the clients that we have that can come with really significant tasks, and we're happy to do it because a lot of times, they've got potentially billions of dollars in assets. And then they might have a liquidity need, and they don't want to liquidate the asset. 
It's a great opportunity for us to help them at very large dollar amounts. It solidifies relationships well. And so we just don't look quarter-to-quarter at loan volumes as much as I think it's appropriate to for other institutions. In general, our growth expectations are for more of a business as usual growth rate. We do anticipate some growth this year in the business, not a ton, but more business as usual. 
And then on capital, there's no problem we're trying to fix and mix or scale and or, frankly, in capability. We're just thinking opportunistically. If things come up, we've got the capital to be able to look at it. We have talked about having more of a bias at this point toward Wealth Management. 
We've done some things from an acquisition perspective in asset servicing over the last several years. They've gone well, but we've got a whole product circle there that we feel good about. We're doing well, but the more we can bring on attractive Wealth clients that don't necessarily have the holistic product approach that we can bring, it's a great opportunity for us to create value. And so that would be top of the list, but no problems we're looking to solve from a mix or sale per scale perspective.</text>
                    </speaker>
                </followAnswer>
            <transition>
                <speaker id="0" position="Operator">Operator<text>And we'll go to our last question from Brian Bedell from Deutsche Bank.</text>
                    </speaker>
                </transition>
            <question id="12">
                <speaker id="7" position="Deutsche Bank AG, Research Division">Brian Bertram Bedell<text>Great. Switch gears a little bit just on the Wealth side. To what extent are you seeing any impact from some of your entrepreneur clients that may have had lower valuations in their private businesses or in their public businesses? Or are you seeing any kind of pullback from those clients? Is it significant? Or is it really just not that a good deal?</text>
                    </speaker>
                </question>
            <answer id="12">
                <speaker id="42" position="Chairman &amp; CEO">Michael G. O’Grady<text>Brian, it's Mike. I would say, we definitely are seeing a different perspective on the part of the clients that you're talking about or prospects, right? I mean a lot of the activity in 2021, beginning of 2022, was as a result of business owners who were selling their businesses, were monetizing assets and so that was an uplift for us. And with the reduced activity that you're seeing of IPOs and market activity there, but then also certainly in the private marketplace, lower activity there, definitely has had an impact for us of just less market opportunity for us.</text>
                    </speaker>
                </answer>
            <followQuestion id="0" question_id="12">
                <speaker id="7" position="Deutsche Bank AG, Research Division">Brian Bertram Bedell<text>Okay. And then just I had one more on expenses. A lot has been asked and answered, but just in terms of the onboarding for the Asset Servicing pipeline, do you -- should we expect -- what is typically in the business where you have some onboarding expenses ahead of when the contracts are installed and generating revenue. Is that something also that might create some noise for 2023, given the 4Q larger chunky mandate that I think you're bringing on?</text>
                    </speaker>
                </followQuestion>
            <followAnswer id="0" question_id="12">
                <speaker id="37" position="CFO &amp; Executive VP">Jason Jerrome Tyler<text>A couple of things. One, nothing that we'd call out at this point. If that changes, we'd call it out for you. And in some instances, even some of those expenses are capitalized in long-term contracts. And so -- and but nothing at this point that we want you to be thinking ahead on.</text>
                    </speaker>
                </followAnswer>
            <transition>
                <speaker id="0" position="Operator">Operator<text>We will now turn it back to our speakers for any closing remarks.</text>
                    </speaker>
                </transition>
            <other id="13">
                <speaker id="40" position="Senior VP &amp; Director of Investor Relations">Jennifer Childe<text>Thanks very much for joining us today. We look forward to speaking with you again soon.</text>
                    </speaker>
                </other>
            <ending>
                <speaker id="0" position="Operator">Operator<text>Thank you. And ladies and gentlemen, that does conclude today's conference. We appreciate your participation. Have a wonderful day.</text>
                    </speaker>
                </ending>
            </section>
        </body>
    </Transcript>
