<?xml version='1.0' encoding='utf-8'?>
<Transcript>
    <header>
        <company>Northern Trust Corporation NasdaqGS:NTRS</company>
        <quarter>Q2</quarter>
        <year>2020</year>
        <time>Wednesday, July 22, 2020 2:00 PM GMT</time>
        <currency>Currency: USD</currency>
        <note>Consensus as of  Jul-10-2020 10:45 AM GMT</note>
        <ticker>NTRS</ticker>
        <stock_price_before>73.200121</stock_price_before>
        <stock_price_after>67.275078</stock_price_after>
        <stock_performance>negative</stock_performance>
        </header>
    <body>
        <section name="Financial Tables">
            <table id="0" name="Earnings Estimates Comparison Table">
                <timePeriods>
                    <period name="FQ2 2020" />
                    <period name="FQ3 2020" />
                    <period name="FY 2020" />
                    </timePeriods>
                <metrics>
                    <metric name="EPS Normalized">
                        <value period="-FQ2 2020-" type="CONSENSUS">1.37</value>
                        <value period="-FQ3 2020-" type="ACTUAL">1.46</value>
                        <value period="-FY 2020-" type="SURPRISE">6.57</value>
                        </metric>
                    <metric name="Revenue  (mm)">
                        <value period="-FQ2 2020-" type="CONSENSUS">1489.25</value>
                        <value period="-FQ3 2020-" type="ACTUAL">1513.80</value>
                        <value period="-FY 2020-" type="SURPRISE">1.65</value>
                        </metric>
                    </metrics>
                </table>
            <table id="1" name="EPS Normalized Comparison Table">
                <timePeriods>
                    <period name="FQ3 2019" />
                    <period name="FQ4 2019" />
                    <period name="FQ1 2020" />
                    <period name="FQ2 2020" />
                    </timePeriods>
                <metrics>
                    <metric name="EPS Normalized">
                        <value period="FQ3 2019" type="CONSENSUS">1.63</value>
                        <value period="FQ4 2019" type="CONSENSUS">1.74</value>
                        <value period="FQ1 2020" type="CONSENSUS">1.45</value>
                        <value period="FQ2 2020" type="CONSENSUS">1.37</value>
                        </metric>
                    </metrics>
                </table>
            </section>
        <section name="Call Participants">
            <person company="Northern Trust Corporation NasdaqGS:NTRS" position="CFO &amp; Executive VP" group="EXECUTIVES" id="37">Jason Jerrome Tyler</person>
            <person company="Northern Trust Corporation NasdaqGS:NTRS" position="Senior VP &amp; Controller" group="EXECUTIVES" id="41">Lauren E. Allnutt</person>
            <person company="Northern Trust Corporation NasdaqGS:NTRS" position="Senior VP &amp; Director of Investor Relations" group="EXECUTIVES" id="34">Mark M. Bette</person>
            <person company="Northern Trust Corporation NasdaqGS:NTRS" position="Chairman, President &amp; CEO" group="EXECUTIVES" id="38">Michael G. O’Grady</person>
            <person company="Goldman Sachs Group, Inc." group="ANALYSTS" id="4">Alexander Blostein</person>
            <person company="Morgan Stanley" group="ANALYSTS" id="5">Betsy Lynn Graseck</person>
            <person company="UBS Investment Bank" group="ANALYSTS" id="6">Brennan Hawken</person>
            <person company="Deutsche Bank AG" group="ANALYSTS" id="7">Brian Bertram Bedell</person>
            <person company="Evercore ISI Institutional Equities" group="ANALYSTS" id="11">Glenn Paul Schorr</person>
            <person company="Seaport Global Securities LLC" group="ANALYSTS" id="42">James Francis Mitchell</person>
            <person company="Jefferies LLC" group="ANALYSTS" id="12">Kenneth Michael Usdin</person>
            <person company="BofA Merrill Lynch" group="ANALYSTS" id="41">Michael Roger Carrier</person>
            <person company="Autonomous Research LLP" group="ANALYSTS" id="22">Robert Henry Wildhack</person>
            <person company="JPMorgan Chase &amp; Co" group="ANALYSTS" id="16">Vivek Juneja</person>
            </section>
        <section name="Presentation ">
            <statement>
                <speaker id="0" position="Operator">Operator<text>Good day, everyone, and welcome to the Northern Trust Corporation's Second Quarter 2020 Earnings Conference Call. Today's call is being recorded. 
At this time, I'd like to turn the call over to the Director of Investor Relations, Mark Bette, for opening remarks and introductions. Please go ahead.</text>
                    </speaker>
                </statement>
            <statement>
                <speaker id="34" position="Senior VP &amp; Director of Investor Relations">Mark M. Bette<text>Thank you, Jennifer. Good morning, everyone, and welcome to Northern Trust Corporation's Second Quarter 2020 Earnings Conference Call. Joining me on our call this morning are Michael O'Grady, our Chairman and CEO; Jason Tyler, our Chief Financial Officer; Lauren Allnutt, our Controller; and Kelly Lernihan from our Investor Relations team. 
Our second quarter earnings press release and financial trends report are both available on our website at northerntrust.com. Also on our website, you will find our quarterly earnings review presentation, which we will use to guide today's conference call. This July 22 call is being webcast live on northerntrust.com. The only authorized rebroadcast of this call is a replay that will be available on our website through August 19. Northern Trust disclaims any continuing accuracy of the information provided in the call after today. 
Now for our safe harbor statement. What we say during today's conference call may include forward-looking statements, which are Northern Trust's current estimates and expectations of future events or future results. Actual results, of course, could differ materially from those expressed or implied by these statements because the realization of those results is subject to many risks and uncertainties that are difficult to predict. I urge you to read our 2019 annual report on Form 10-K and other reports filed with the Securities and Exchange Commission for detailed information about factors that could affect actual results. 
[Operator Instructions] Thank you again for joining us today. Let me turn the call over to Michael O'Grady.</text>
                    </speaker>
                </statement>
            <statement>
                <speaker id="38" position="Chairman, President &amp; CEO">Michael G. O’Grady<text>Thank you, Mark. Let me join Mark in welcoming you to our second quarter 2020 earnings call. As the current public health crisis continues, I hope you and your families are healthy and well, and I offer my condolences to all who have suffered a personal loss. At Northern Trust, we remain focused on safeguarding our employees, serving our clients and supporting our communities during these unprecedented times. We continue to operate in what we call resiliency mode, which means we are focused on providing continuity of service for our clients, while over 90% of our employees are working remotely. Although we have developed plans to position ourselves to return to our offices when conditions permit, we will only do so in a particular geography when we are comfortable and confident in our ability to ensure a safe environment for all of our employees and clients. As a result, we expect to remain in resiliency mode for some time to come. 
In this operating environment, we have adapted how we serve and communicate with our clients as well as how we prospect for new clients. In each of our businesses, this has resulted in engaging with clients and prospects more than ever. And provided an opportunity for us to deepen our relationships. In the second quarter, our asset management business won several new mandates across different products and strategies, including receiving significant new inflows into our global money market fund complex, which we've strategically positioned over time. 
In Wealth Management, we launched a new Navigate the Now digital marketing campaign, which is showing early promise. And introduced the Northern Trust Institute, a research center with 175 faculty covering 34 specialty areas designed to harness our expertise and experience and elevate our advice by bringing predictive insights to our clients. 
In asset servicing, we experienced a modest deferral implementations and new fund launches in the quarter. However, new business continues to be healthy as prospects become more comfortable conducting searches and due diligence virtually in the current environment. As Jason will discuss, the low interest rate environment will continue to create meaningful headwinds and pressure our financial performance. Through this environment, we will stay focused on our mission of being our clients' most trusted financial partner and on generating organic growth and gains in productivity. I feel it's also important to note that in Northern Trust, we have always been mindful that we have a duty to serve our communities as well. Recent attention to the civil, social and economic inequities Black Americans face every day has provided us with an opportunity to reflect further on this service and the role we play to address inequity in our communities. Toward this end, we have committed $20 million over the next 5 years to reduce the economic opportunity gap. This opportunity gap encompasses all the obstacles created by race, ethnicity, gender, environmental and socioeconomic status that, too often, keep people from achieving their full potential. Our goal is to help shrink this gap by providing increased access to essential human needs, food, housing, health care and education, so that each person may grow and thrive personally, professionally and financially. 
Finally, I want to express my sincere appreciation for our staff, whose commitment, excellence and professionalism throughout these extraordinary times has been exceptional. Now let me turn the call to Jason to review our financial results for the quarter.</text>
                    </speaker>
                </statement>
            <statement>
                <speaker id="37" position="CFO &amp; Executive VP">Jason Jerrome Tyler<text>Thank you, Mike. Before I start, I'd also like to take a brief moment to recognize all those affected by this ongoing crisis, especially those working on the front lines. Our thoughts are with you, and we hope you and your loved ones remain safe and healthy. 
The health crisis and cultural issues we're facing evoke both deep sadness but also hope and optimism of what we can be. I'd also like to express sincere gratitude to all the Northern Trust partners for their continuing hard work, resiliency and flexibility in these uncertain times. I'm extremely proud to be part of this team that achieves greater for all of our stakeholders no matter the adversity. 
Now let's dive into the financial results for the quarter, starting on Page 2. This morning, we reported second quarter net income of $313 million. Earnings per share were $1.46 per share, and our return on average common equity was 12.2%. As you can see on the bottom of Page 2, the macroeconomic environment was mixed during the quarter. While equity markets performed well during the quarter, recall that a significant portion of our trust fees are based on quarter lag or month lag asset levels, and thus, the current quarter's fees were unfavorably impacted by the lagged market performance. Interest rates have, of course, declined significantly with 1-month and 3-month LIBOR rates down sequentially as well as versus the prior year. 
Let's move to Page 3 and review the financial highlights of the second quarter. Year-over-year, revenue on an FTE basis was flat with noninterest income up 4% and net interest income down 11%. Expenses increased 3%. The provision for credit losses was $66 million in the current quarter. Net income was down 20%. In a sequential comparison, revenue declined 5%, with noninterest income down 4% and net interest income down 9%. Expenses decreased 3%. Net income declined 13%. The provision for credit losses of $66 million during the quarter was primarily due to an increase in the reserve evaluated on a collective basis, driven by downgrades in the portfolio and more severe projected economic conditions. The largest increases are within the commercial and institutional and commercial real estate portfolios. 
Underlying credit metrics remained strong during the quarter with net recoveries of $2.6 million and a 6% decline in nonaccrual assets, which totaled $99.4 million at quarter end. Return on average common equity was 12.2% for the quarter, down from 15.9% a year ago and 13.4% in the prior quarter. Assets under custody administration of $12.1 trillion grew 7% from a year ago and increased 11% on a sequential basis. Assets under custody of $9.3 trillion grew 9% from a year ago and increased 13% on a sequential basis. Assets under management were $1.3 trillion, up 7% from a year ago and up 12% on a sequential basis. 
Let's look at the results in greater detail, starting with revenue on Page 4. Second quarter revenue on a fully taxable equivalent basis was $1.5 billion, flat compared to last year and down 5% sequentially. Trust, investment and other servicing fees, representing the largest component of our revenue, totaled $961 million and were up 1% from last year and down 4% sequentially. Foreign exchange trading income was $71 million in the quarter, up 18% year-over-year and down 20% sequentially. Increase compared to a year ago was driven by higher volatility and increased volumes, while the sequential decline was mainly due to lower volumes. Remaining components of other noninterest income totaled $102 million in the quarter, up 38% compared to 1 year ago and up 16% sequentially. Securities commissions and trading income increased 41% compared to a year ago and was down 21% sequentially. The year-over-year growth was driven by success within our integrated trading solutions product as well as higher referral fees and interest rate swaps. The sequential decline was driven by lower interest rate swap activity in core brokerage. 
Other operating income increased 46% compared to the prior year and 64% sequentially. Both increases were impacted by higher income associated with supplemental compensation plans and a higher market value adjustment for seed capital investment, partially offset by higher visa swap expense. The year-over-year performance also benefited from income related to a bank-owned life insurance program that was implemented during 2019. The higher income on the supplemental compensation plans resulted in a related increase in staff-related expense within other operating expenses. 
Net interest income, which I'll discuss in more detail later, was $380 million in the second quarter, down 11% from 1 year ago and down 9% sequentially. 
Let's look at components of our trust, investment fees on Page 5. For our corporate and institutional services business, fees totaled $566 million in the second quarter and were up 3% year-over-year and down 1% sequentially. Custody and fund administration fees, the largest component of C&amp;IS fees were $376 million and down 2% year-over-year and down 5% on a sequential basis. The year-over-year performance was primarily driven by unfavorable lagged markets and currency translation, partially offset by new business and transaction fees. The sequential decline was primarily driven by unfavorable lagged markets as well as a decline from currency translation, partially offset by new business and transaction fees. Assets under custody and administration for C&amp;IS clients were $11.3 trillion at quarter end, up 7% year-over-year and up 11% sequentially. The year-over-year performance reflected new business and favorable market impact, partially offset by unfavorable currency translation. The sequential performance was driven by higher market levels, new business and unfavorable currency translation. Recall that lagged market values factor into the quarter's fees. With both quarter lag and month lag markets impacting our C&amp;IS custody and fund administration fees. 
Investment management fees in C&amp;IS of $128 million in the second quarter were up 16% year-over-year and up 6% sequentially. Both the year-over-year and sequential performance was driven by strong flows within our money market fund. Assets under management for C&amp;IS clients were $954 billion, up 8% year-over-year and up 13% sequentially. Both the prior year and sequential comparisons were impacted by strong flows as well as higher markets during the quarter. Similar to custody and fund administration fees, note that lagged market values factor into C&amp;IS investment management fees. 
Securities lending fees were $27 million during the quarter, up 25% year-over-year and up 17% sequentially. The year-over-year increase was primarily driven by higher spreads and slightly higher volumes, while the sequential increase was primarily driven by higher spreads, particularly in the beginning of the quarter. Securities lending collateral was $166 billion at quarter end and averaged $167 billion across the quarter. Average collateral levels increased 2% year-over-year and were down 2% sequentially. 
Moving to our Wealth Management business. Trust, investment and other servicing fees were $395 million in the second quarter and were down 3% compared to the prior year quarter and down 8% sequentially. Both the year-over-year and sequential performance were impacted by unfavorable lagged markets. For the year-over-year comparison, new business partially offset the market decline, both market lag and quarter lag asset levels impact wealth management fees. Assets under management for our wealth management clients were $304 billion at quarter end, up 4% year-over-year and up 10% sequentially. The year-over-year growth was driven by net flows, while the sequential increase was driven by favorable markets and net flows. 
Moving to Page 6. Net interest income was $380 million in the second quarter, and down 11% from the prior year. Earning assets averaged $125 billion in the quarter, up 18% versus the prior year. Average deposits were $111 billion and were up 24% versus the prior year. The net interest margin was 1.22% in the quarter and was down 39 basis points from a year ago. The net interest margin decreased primarily due to lower short-term interest rates as well as mix shift within the balance sheet. 
On a sequential quarter basis, net interest income was down 9%. Average earning assets increased 13% on a sequential basis. The growth in the balance sheet was driven by a 17% sequential increase in average deposits. The net interest margin declined 29 basis points, driven by the impact of lower rates as well as mix shift within the balance sheet. 
Looking at the currency mix of our balance sheet for the quarter, U.S. dollar deposits represented 71% of our total average deposits, this was up from 67% 1 year ago and up 69% in the prior quarter. As we look at the third quarter, the impact of lower rates, particularly LIBOR, will be more fully reflected in our run rate. Both 1-month and 3-month LIBOR have come down significantly from their second quarter averages. Based on our current view of the balance sheet volume and LIBOR levels continuing at the current levels, we expect third quarter net interest income to be down 13% to 16% on a sequential basis. 
Turning to Page 7. Expenses were $1 billion in the second quarter and were 3% higher than the prior year and 3% lower than the prior quarter. Compensation expense totaled $460 million and was up 1% compared to 1 year ago and down 8% sequentially. The year-over-year growth was driven by higher salary expense due to staff growth and base pay adjustments, partially offset by lower cash-based incentive accruals and lower long-term performance-based equity incentives. The sequential decline was primarily driven by lower costs associated with long-term performance-based incentive compensation due to the divesting provisions associated with grants to retirement-eligible employees in the prior quarter, as well as lower cash-based incentive accruals, partially offset by higher salaries driven by base pay adjustments. Employee benefit expense of $90 million is up 1% from 1 year ago and down 8% sequentially. Both the year-over-year and sequential comparisons were impacted by lower payroll taxes and lower medical costs. The year-over-year comparison was impacted by higher retirement costs relating to pension expense. 
Outside services costs of $176 million were down 5% on a year-over-year basis and down 9% sequentially. The year-over-year decline was driven by lower costs across a number of categories, including data processing, third-party adviser fees, consulting and subcustodian fees, partially offset by higher technical services. The sequential decline was primarily due to lower technical services costs and third-party adviser fees. 
Equipment and software expense of $164 million was up 12% from 1 year ago, and up 1% sequentially. The year-over-year growth reflected higher depreciation and amortization and software support costs. The sequential increase was driven by modest increases in software and equipment rental, support and maintenance costs. Occupancy expense of $60 million increased 18% from a year ago and was up 17% sequentially. The year-over-year growth was driven by higher rent and the building operation costs related to our workplace real estate strategies. The sequential increase was primarily related to a $7 million reduction recorded in the prior quarter, resulting from a lease renegotiation. 
Other operating expense of $86 million was up 12% from 1 year ago and up 39% sequentially. The both of the increases were driven by higher staff-related expenses and higher charges associated with account servicing activities, partially offset by lower business promotion expenses due to reduced business travel. The higher staff-related costs were related to an increase in supplemental compensation plan expenses and resulted in a related increase in other operating income. 
Turning to Page 8. Our capital ratios remained strong with our common equity Tier 1 ratio of 13.4% under the standardized approach and 13.9% under the advanced approach. The second quarter increase in the common equity Tier 1 ratio was driven in large part by a decline in risk-weighted assets as financial market conditions stabilized versus Q1. Additionally, the absence of share repurchases allowed further capital accretion from net income and other comprehensive income from the investment securities portfolio. 
Our Tier 1 leverage ratio was 7.6% under both standardized and advanced approaches. During the second quarter, we declared cash dividends of $0.70 per share, totaling $148 million to common stockholders. As announced yesterday, our Board of Directors approved our third quarter dividend of $0.70 per common share. As a result of the stress test published by the Federal Reserve at the end of June, our stress capital buffer requirement for the 2020 capital plan cycle was set at 2.5%. The 2020 stress capital buffer is effective October 1, 2020, and results in a common equity Tier 1 capital ratio minimum requirement of 7%. 
It's times like these that show the importance of a strong capital base and liquidity profile to support our clients' activities, and we continue to provide our clients with the exceptional service and solution expertise they come to expect. Our competitive positioning in wealth management, asset management and asset servicing continues to resonate well in the marketplace. Thank you again for participating in Northern Trust's second quarter earnings conference call today. Mike, Mark, Lauren and I would be happy to answer your questions. Jennifer, will you please open the line?</text>
                    </speaker>
                </statement>
            </section>
        <section name="Question and Answer">
            <transition>
                <speaker id="0" position="Operator">Operator<text>[Operator Instructions] We'll go first to Alex Blostein with Goldman Sachs.</text>
                    </speaker>
                </transition>
            <question id="0">
                <speaker id="4" position="Goldman Sachs Group Inc., Research Division">Alexander Blostein<text>I guess, my first question is related to money market funds. I'm curious if you guys can give us your latest thoughts on outlook for money market fee waivers. It doesn't look like there's really anything in the quarter so far, but clearly, rates have come down quite meaningfully. So to frame it, maybe as we think about the current prevailing market rate and second quarter money market fund balances, if you were to kind of go through the repricing mechanism, can you give us a sense what the few areas could be as we look out over the next few quarters?</text>
                    </speaker>
                </question>
            <answer id="0">
                <speaker id="38" position="Chairman, President &amp; CEO">Michael G. O’Grady<text>Sure, Alex. So first of all, you're right, the quarter doesn't have a lot. And so let me give you a couple of facts, and then I'll get to what the outlook could look like. So first of all, in second quarter, waivers were less than $0.5 million. As we think about the current run rate as we sit today, we're about $2.5 million a quarter. That said, we're going to start to see this ramp a little bit as the portfolio gets repriced. And so as we look out to the end of fourth quarter and even into next year, assuming rates stay the way they are today, we could see waivers getting in the $20 million to $30 million a quarter range. Now those are the facts. I also want to just provide a little bit of kind of significant framework to your question about how people should think about it. We've got a lot of growth in the money market fund business, obviously. We talked about that earlier. And even if you look at the treasury fund, that's among the top 3 in size and investment returns in the universe. It's grown from -- it was at $55 billion at year-end, and it's about $90 billion today overall. 
Overall, the complex has about 30 funds, and they totaled $275 billion to $300 billion in aggregate. That whole complex is geared towards the very institutional and high net worth client base. That's very important to realize because it means the pricing on average is lower than a retail complex. That complex of funds has a fee rate ranging, in general, think about 15 to 20 basis points. There are exceptions on either side, but that's where the bulk of the assets are. 
If I take those 30 funds and boil it down to the ones that are most likely to have waivers, there's really a handful or half a dozen funds that have both large AUM but also have yields that are within 10 to 15 basis points of the fees. Those handful of funds total $125 billion, plus or minus. The gross yield on those funds is about 30 basis points, and the stated fee on them, probably 20 basis points. Now each one of those strategies is different in expected yields and fees. And so that's just a high level guide to give you a sense of how the overall complex might come into fee waiver mode as they reprice the portfolio. But that's all given 2 caveats: one, the existing yield curve stays the way it is; and secondly, there are times when we will do promotional pricing in some of those funds. The analysis I just went through with you excludes that. This is purely waivers based on yield curve coming down.</text>
                    </speaker>
                </answer>
            <followQuestion id="0" question_id="0">
                <speaker id="4" position="Goldman Sachs Group Inc., Research Division">Alexander Blostein<text>Great. That's a super helpful remark. And just I guess to clarify, the $20 million to $30 million that you mentioned, that's a gross revenue impact. Are there any expense offset that are kind of more directly related to that before you guys think in any action from an expense perspective that we should be mindful as well? Or the revenue impact is pretty much the pretax impact?</text>
                    </speaker>
                </followQuestion>
            <followAnswer id="0" question_id="0">
                <speaker id="38" position="Chairman, President &amp; CEO">Michael G. O’Grady<text>Super minor. Super minor. You should really think about that, that gross impact is being pretty full.</text>
                    </speaker>
                </followAnswer>
            <followQuestion id="1" question_id="0">
                <speaker id="4" position="Goldman Sachs Group Inc., Research Division">Alexander Blostein<text>Great. Second question around NIR, and again, I appreciate the guidance for the third quarter. Given the short-term nature of Northern's balance sheet, I'm just curious to think about how the trajectory could evolve from there. So if most of the repricing can be done sort of in Q3, so that should really be pretty close to trough NIR for the business? Or you guys think there is incremental pressure beyond that?</text>
                    </speaker>
                </followQuestion>
            <followAnswer id="1" question_id="0">
                <speaker id="37" position="CFO &amp; Executive VP">Jason Jerrome Tyler<text>Sure. So on provision in general, actually, let me give a couple of numbers, and then I actually think it'd be helpful to provide a sense of kind of the process because I think that's important. The good and bad of CECL is that it's a very forward-looking mechanism. And so let's try to separate the credit results from the most factual to the ones that are more forecast dependent. 
So let's start on the factual side. And on the extreme, you'd just say, we're going to look at charge-offs. And we had $2.6 million in net recovery in the quarter, so charge-offs were actually benefited $2.6 million. If you come in from that spectrum, the next thing you'd look at from a quantitative-only factor basis would be what a nonperformings look like. And even there, nonperformings were down $4 million in the quarter, and they currently are less than $100 million on a 35 -- $30 billion, $35 billion loan portfolio, so it's just 30 basis points of loans. 
And then next, even look at delinquencies and delinquencies in the period were actually down. And so all of the factors that are most quantitative-only are all in very good shape. But then you start to look further down the spectrum, what are the qualitative-related factors? And what drove our increase in provision, in our overall provision for the quarter were really 2 big factors: one, downgrades in the portfolio, that added about $40 million to the reserve; and then secondly, the macro scenarios, which added $20 million to $25 million. And so all of the increase that we've had is related to more of these qualitative factors. And even the downgrades, our instances where our credit team is looking and trying to be forward-looking about organizations, industries dynamics that they think are going to reflect credit quality. So those -- that's a background on how the provision number wound up. 
But Lauren, you spend a lot of time with them, why don't you give 30 seconds on governance and process.</text>
                    </speaker>
                </followAnswer>
            <answer id="0">
                <speaker id="41" position="Senior VP &amp; Controller">Lauren E. Allnutt<text>Sure, Jason. The provision methodology goes through a very robust governance process, which builds on the best practices that we've developed and other internal forecasting exercises. Governance covers everything from the data that is used to the validation of models, to the forecast of functions, to the ultimate provision output. 
There are many levels of review and challenge throughout the quarterly process with participation from multiple disciplines around the company such as economic research, credit risk, treasury, foreign exchange controllers and expertise of our business units. So we've fortunately had ample opportunity to pressure test this process over the last 2 quarters, and we feel confident that the governance is robust, and produces a reserve that is not only well supported but also responsive to the change in economic environment.</text>
                    </speaker>
                </answer>
            <transition>
                <speaker id="0" position="Operator">Operator<text>We'll go next to Ken Usdin with Jefferies.</text>
                    </speaker>
                </transition>
            <question id="1">
                <speaker id="12" position="Jefferies LLC, Research Division">Kenneth Michael Usdin<text>Jason, question on net interest income. So understanding the reset of LIBOR into the third quarter and the guidance that you gave, can you give us a sense of whether or not third quarter gets it towards stabilization of NII? And how -- if rates hold similar from here, do you have any thoughts on how third to fourth would look?</text>
                    </speaker>
                </question>
            <answer id="1">
                <speaker id="37" position="CFO &amp; Executive VP">Jason Jerrome Tyler<text>Sure. We have looked at that, frankly, closely. And the answer is it does get us very, very close to flattening out. And yes. So let me -- I'll just provide a couple of thoughts to give you a little bit more color on that guide. If we take the $380 million that we announced and the 13% to 16% down, it gives you kind of a $50 million to $60 million down. I think it's important for people to realize how much LIBOR has come down. In first quarter, it averaged 1.39%; in April, it was 69 basis points; in May, it was 19 basis points; in June, it averaged 18 basis points, so really flattening out. And as of today, it's kind of at that 18 basis point level as we sit mid-July. And so it's very much flattened out at 18. But then you got to compare that to what the average was across second quarter. And the average across second quarter was 36 basis points. And so you just think about a loan portfolio of $33 billion, $35 billion, we're assuming some of that comes out. And we've already seen -- you can see from the average that's in the release and the period end. And I can tell you, today, we're sitting just under $34 billion in loans. And so if we come down a little bit more, we might see $2 billion, $2.5 billion, maybe $3 billion in loan decline. You take an 18 point -- 18 basis point differential between second quarter and third quarter on that, and that, in and of itself, is going to get you over $10 million in the $15 million decline. And then you start to look at just the impact of volume coming down 10% rates, in itself, again, 10%. And then -- so just in the loan book, you'd end up with $20 billion -- $20 million in decline. 
And then you got to look at the securities book, and there, it's -- you got $50 billion to $55 billion in securities that are repricing. And the dynamic here that you're getting at is that a lot of the repricing is actually starting to happen now. We're experiencing it now, and we expect it less going forward. And so we think third quarter is going to be the significant decline, and then we should start to see very, very much a level off, maybe not 100%, but very close to fully leveled off going forward from there.</text>
                    </speaker>
                </answer>
            <followQuestion id="0" question_id="1">
                <speaker id="12" position="Jefferies LLC, Research Division">Kenneth Michael Usdin<text>Okay. And on the expense side, with the decline in NII and then the fee waivers coming, that's a lot of kind of high-margin revenues that won't be around next year on a run rate basis. You guys have done a good job getting the cost growth rate down to 3%. But how do you think about the dynamic, not so much in operating leverage, but just about absolute cost levels and cost growth, and what levers are there to pull? How you're thinking about that as well?</text>
                    </speaker>
                </followQuestion>
            <followAnswer id="0" question_id="1">
                <speaker id="37" position="CFO &amp; Executive VP">Jason Jerrome Tyler<text>Sure. So maybe looking at Page 7 of the release, to kind of -- it's where I always go to just think about how things are kind of moving. And if you look at that, first of all, you get a sense into your point, things have, on an aggregate level, leveled off at 3%. 
I will say, in general, as you know, we went through a very full replan that stripped out, call it, around $50 million in expenses, just to be open about it. And some of that was predictable from the macro environment, but some of it wasn't. We then went through a full capital investment replan. And then finally, just this past week, we reviewed with our board a strategic replan, a strategic plan replan. And so we're taking this environment extremely seriously. And the value for spend, we hit it. The $250 million target was reached, but the foundations of that are far from over. We're talking about it all the time. It's very much embedded culturally. And if you were here, I think you'd get a sense that the priorities here around first in this resiliency mode that Mike talked about, it's safety to resilience and preparation in support of clients. 
And then third, the expense discipline. So you look at Page 7 of the release and it details the NIE and you can see how a lot of these line items have flattened out. Even comp, which is down a lot, you take out the equity incentives from first quarter, offset by base pay adjustment, that line item flattening. And employee benefits, you see across the board, some leveling in these areas. And all I can say is, at this point, just laser focus on it. Value for spend has not stopped, and we understand that in this environment, organic revenue growth is going to be -- it's going to be hard. It's -- money in motion is less. There are less RFPs that are going to be tossed into the environment. And so we have to ensure we're focusing on a laser-like fashion on expenses.</text>
                    </speaker>
                </followAnswer>
            <transition>
                <speaker id="0" position="Operator">Operator<text>We'll go to the next to Mike Carrier with Bank of America.</text>
                    </speaker>
                </transition>
            <question id="2">
                <speaker id="41" position="BofA Merrill Lynch, Research Division">Michael Roger Carrier<text>I mean just on the -- given the COVID environment and the work from home, just trying to get some color on the impact that it's having on client activity. Obviously, transactional activity is strong. But more in terms of new business, you mean if you're seeing significant delays or the pipeline is still building and it's just like kind of prolonged implementations. Just trying to get a sense on how much of the drag the environment is creating on the new business?</text>
                    </speaker>
                </question>
            <answer id="2">
                <speaker id="37" position="CFO &amp; Executive VP">Jason Jerrome Tyler<text>Sure. And maybe I'll start with a couple of headlines and then it'd be really good to hear from Mike on this. So clearly, on -- if I just split it on the wealth side, lost business is down. And I think that's really important to realize. Not that it was ever large, but it just gives a reflection that everything we've done, engagement we've had with clients has cemented relationships. They're doing weekly online client events that are called Insights. Goals-driven wealth management is a great technology to be able to engage with clients, very customized approach in live time, on video and it's going well. 
If I give just 1 anecdotal advice, I was talking to the head of our central region last night, and he was talking about this ultra-high net worth client that has a split relationship with us and one other institution. They had a session with him to explore how to take advantage of low market values and low interest rates. They worked a very complex but unique wealth transfer opportunity, with his kids and grandchildren. He executed it, he was thrilled. He's consolidated his whole relationship now at Northern because he feels like we're the trusted adviser and he wants us to have a better lens into this whole financial picture. 
And then on the C&amp;IS side, we mentioned really early, even things like integrated trading solutions starting to come on board. Pete Cherecwich talked about 10 onboardings, 10 new wins just in that environment. And so some good news there, but also some caution about what the future holds in terms of RFPs. Mike?</text>
                    </speaker>
                </answer>
            <answer id="2">
                <speaker id="38" position="Chairman, President &amp; CEO">Michael G. O’Grady<text>Sure. I would just add to it that if you start with a question of whether there's still a need for the service and what we do and the demand for it, frankly, that's not only there, but in many respects, has gone up in this environment. So there's pressure on every company and institution that's out there. And so just as we talked about, how can we become more efficient? How do we rethink our operating model? Well, our clients are doing the same thing and then often presents opportunities for us, primarily around things like outsourced services, whether it's on the trading front or it's in the middle office. So the demand is there for the services. 
And then second, I would say, a static analysis would tell you that the environment changes, but the way that we or our clients and prospects go about things don't change. But the fact of the matter is people adapt. And so in the same way that we at Northern went from doing things in person and then maybe conference calls. Now as you know, everything's is on video. And in the same way with the search process, the RFP process, the due diligence process, these activities have moved online or in something like virtual so that they can continue. So as much as it's a different environment and it presents new challenges, I would say that we've changed the prospect and client base has changed. And as a result, it's just a different set of opportunities.</text>
                    </speaker>
                </answer>
            <followQuestion id="0" question_id="2">
                <speaker id="41" position="BofA Merrill Lynch, Research Division">Michael Roger Carrier<text>Okay. That's helpful. And then just as a follow-up. Just given your strong capital position and then some clarity on the restructure with the SCB. Once the macro backdrop does get better and the industry has more flexibility and clarity, how are you guys thinking about capital management, including maybe CET1 internal or management minimum or buffer? Maybe investing in new growth areas and capital return?</text>
                    </speaker>
                </followQuestion>
            <followAnswer id="0" question_id="2">
                <speaker id="37" position="CFO &amp; Executive VP">Jason Jerrome Tyler<text>Sure. Well, we always take our capital levels, not just as a single topic, but we think about it in conjunction with the -- with our overall engagement strategy, our approach to the market. And so we want to ensure that as we look across peers, that's one lens to make sure we look good on that basis. And then we also are talking -- thinking about the regulatory environment and the optics of what to do there. And then we have very meaningful engagement with our Board of Directors and about what we should do from a capital perspective. And I think even this past several months just give an indication that coming into an environment like what we experienced with strong capital levels, it helps us not just in the short run, but it provides really good illustration for clients and prospects of what a strong balance sheet means for us as we compete in the market.</text>
                    </speaker>
                </followAnswer>
            <transition>
                <speaker id="0" position="Operator">Operator<text>We'll go next to Jim Mitchell with Seaport Global.</text>
                    </speaker>
                </transition>
            <question id="3">
                <speaker id="42" position="Seaport Global Securities LLC, Research Division">James Francis Mitchell<text>Maybe just a quick follow-up on your thoughts on deposit trends so far in the quarter. I hear your sort of NII guide overall, but maybe you can help us more specifically on the balance sheet. It seems like deposits have been sticking and how you think about the prospects for growth in a zero-rate environment.</text>
                    </speaker>
                </question>
            <answer id="3">
                <speaker id="37" position="CFO &amp; Executive VP">Jason Jerrome Tyler<text>Yes. So first of all, on that, you're right. Deposits are sticking. And I don't think I mentioned it earlier, but even post close of the period, deposits are sticking at the same level. So if you look at our balance sheet and add the interest-bearing deposits plus the DDA, still, you'd see us somewhere in the $110 million range. And $110 million, $120 million, we're still actually at that level. Now that's, in some ways, a good news, and that drives the size of the balance sheet, for sure. That determines how we're going to end the quarter at $151 billion. It has much less of an impact on NII and NIM. 
On the margin, as we have that incremental dollar coming in, it's often going to go into IOER at the fed at 10 basis points or even if it's in another currency, it's going to go to a central bank deposit with not a lot on it. And that's why I keep coming back to trying to encourage people to look at and start to predict what's going to happen with loan volume and rate. And super importantly, the info, the mini walk forward I went through earlier, is super dependent on rates being the way they are today. Everything we're talking about is now. We were predicting, accurately, a decline in LIBOR, as we said 90 days ago. At this point, we're assuming that LIBOR is flat from here. And it has leveled out, hopefully, it doesn't compress relative to fed funds. If that happens, things have changed, but the deposits will absolutely impact the size of the balance sheet, much less of an impact on NIM and NII.</text>
                    </speaker>
                </answer>
            <followQuestion id="0" question_id="3">
                <speaker id="42" position="Seaport Global Securities LLC, Research Division">James Francis Mitchell<text>Okay. Makes sense. And then maybe just a question on wealth. I know that's an area that you guys have been targeting for accelerating organic growth. I think if you look at this quarter, the market impact, it was hard to kind of see a lot of organic growth there. I guess, maybe just give us an update on how that effort could kind of accelerate growth in wealth is working. Maybe it's being slowed by COVID. That's it, just curious.</text>
                    </speaker>
                </followQuestion>
            <followAnswer id="0" question_id="3">
                <speaker id="37" position="CFO &amp; Executive VP">Jason Jerrome Tyler<text>Well, to start, we tend to look at organic growth on a year-over-year basis and much less on a quarter-to-quarter basis just because it's such a tight time frame on close cycles that happen over a longer period of time. And secondly, to your point, within wealth, specifically, the theme I'd want you to take away is with the GFO businesses continuing to be the driver of growth there and the regions are growing less quickly, and over short periods of time, might even show areas of decline, nothing that we're worried about from a strategic perspective. But within wealth, GFO is certainly the area that's continuing to grow more.</text>
                    </speaker>
                </followAnswer>
            <transition>
                <speaker id="0" position="Operator">Operator<text>We'll go next to Brian Bedell with Deutsche Bank.</text>
                    </speaker>
                </transition>
            <question id="4">
                <speaker id="7" position="Deutsche Bank AG, Research Division">Brian Bertram Bedell<text>Maybe just -- a lot of color on the net interest rates, so I appreciate that, Jason. Just one question on that for the loan yield repricing. I know they've mostly, I believe, repriced to 1-month LIBOR predominantly and most of them repriced, I think, within a quarter. But if I recall, some you repriced with a lag of, I think, it's 3 to 4 quarters. But if you could just talk about that and whether we could see some repricing down the road based on that, if that's true?</text>
                    </speaker>
                </question>
            <answer id="4">
                <speaker id="37" position="CFO &amp; Executive VP">Jason Jerrome Tyler<text>Yes. In general, you think about that portfolio is about 70%, 75% floating and against either 30-day LIBOR, 90-day LIBOR or prime. And you mentioned yield at the beginning, which is something I, actually, I'm not sure I mentioned earlier, but I think it might be helpful because I would imagine you guys are going to try and predict -- to dissect the balance sheet. Think about a yield in that component of the balance sheet very roughly around 200 basis points. And so as we -- as you think about the impact of converting, if we do have a decline in loans, and we see loan volume coming down. And you think on that, if that has to be reinvested in IOER, think about that type of difference in yield. That's why this dynamic of looking at loan volume is so important because the conversion of $1 of loans to the alternative investment is significant.</text>
                    </speaker>
                </answer>
            <followQuestion id="0" question_id="4">
                <speaker id="7" position="Deutsche Bank AG, Research Division">Brian Bertram Bedell<text>Right, right. That makes total sense. And then maybe just walk through some of the -- I don't want to call them one-off items, but things that influence both other operating income and other operating expenses? Just trying to get a sense of what a more normal run rate is for those 2. Instead of comparing on a year-over-year quarter or sequential quarter growth basis, maybe just on sort of an absolute basis of what drove those 2 line items, the $56.5 million and the $85.8 million on the other expenses.</text>
                    </speaker>
                </followQuestion>
            <followAnswer id="0" question_id="4">
                <speaker id="37" position="CFO &amp; Executive VP">Jason Jerrome Tyler<text>Yes. Well, I'll do the -- maybe I'll do the expense side. Mark, maybe you can do the revenue side. But on the other operating expense side, we've got the supplemental comp there. And then we've also got -- when we have account servicing losses, that's where that line item shows up. And then business promotion, travel entertainment. Those are the big buckets I think about for other operating expense. Mark, do you want to do the other side?</text>
                    </speaker>
                </followAnswer>
            <answer id="4">
                <speaker id="34" position="Senior VP &amp; Director of Investor Relations">Mark M. Bette<text>Yes. Brian, this is Mark. One thing to keep in mind is in the first quarter, if we talk about other operating income, we had a negative drag from the seed investment's mark-to-market that kind of came back this quarter. Similarly with the supplemental compensation plans that impact both income and expense, a negative last quarter because of the mark, a pretty significant positive this quarter. So one way again, and I think we've talked about this a little bit. And one way you can almost average, look at the first and second quarter on other operating income more as an average. But you do have other things like hedging and Visa-related things that happened there. But if you were to look at the average over time, and I think we -- it kind of holds true, you're about in the mid-40s, now that the BOLI program that we put in place is at a full run rate as of the first quarter and continues that in the second quarter. If you stripped out the items we've called out over time and looked at the average, you're probably more in the mid-40s, which is actually close to what the year-to-date average for the other operating income would be as well.</text>
                    </speaker>
                </answer>
            <followQuestion id="1" question_id="4">
                <speaker id="7" position="Deutsche Bank AG, Research Division">Brian Bertram Bedell<text>And the seed capital positive, Mark, was how much in the quarter?</text>
                    </speaker>
                </followQuestion>
            <followAnswer id="1" question_id="4">
                <speaker id="37" position="CFO &amp; Executive VP">Jason Jerrome Tyler<text>$8 million.</text>
                    </speaker>
                </followAnswer>
            <answer id="4">
                <speaker id="34" position="Senior VP &amp; Director of Investor Relations">Mark M. Bette<text>Yes, $8 million.</text>
                    </speaker>
                </answer>
            <followQuestion id="2" question_id="4">
                <speaker id="7" position="Deutsche Bank AG, Research Division">Brian Bertram Bedell<text>$8 million. And then just lastly on the outside services. I forgot to ask on that one, too, on that line item. Anything onetime in there? Or basically, from a run rate basis, I guess, given we had this drop from 1Q to 2Q?</text>
                    </speaker>
                </followQuestion>
            <followAnswer id="2" question_id="4">
                <speaker id="38" position="Chairman, President &amp; CEO">Michael G. O’Grady<text>I wouldn't necessarily call out anything onetime. That line will move around. Certainly, I think some of the drag impacts we saw on the revenue side that are a little bit lagged, that benefit us on outside services to a certain extent this quarter. So I don't know that I would look at this quarter as a run rate. And Jason, I don't know if you would add anything to that. But nothing onetime necessarily to call out, but certainly, there were some things that went our way with the revenue-linked lines, data, third-party adviser fees.</text>
                    </speaker>
                </followAnswer>
            <answer id="4">
                <speaker id="37" position="CFO &amp; Executive VP">Jason Jerrome Tyler<text>Yes, nothing to add.</text>
                    </speaker>
                </answer>
            <transition>
                <speaker id="0" position="Operator">Operator<text>We go next to Brennan Hawken with UBS.</text>
                    </speaker>
                </transition>
            <question id="5">
                <speaker id="6" position="UBS Investment Bank, Research Division">Brennan Hawken<text>I actually just wanted to follow-up a little on that because the outside services expense line looked a little funky. It seems like what you're saying is that the run rate, this is not the right run rate. We should instead -- does that mean we should instead look at like the average of the past 4 quarters? 
And can you give a little bit more color on some of the drivers of the downside to the quarter? It said like third-party advisory fees, is that what you meant, Mark, when you said the lag effect as in there was a lag to the rally there?</text>
                    </speaker>
                </question>
            <answer id="5">
                <speaker id="34" position="Senior VP &amp; Director of Investor Relations">Mark M. Bette<text>Right, right. I mean, there's a few things that we had -- some of the market data costs that we had were down. Again, some of that ends up being timing, some of our data processing costs. We had -- consulting expense was down during the quarter. So it's hard to -- it was a pretty favorable quarter there. It's just hard to pin down that, that's the new run rate going forward because those will have some fluctuations to them, certainly consulting based on timing of engagements, et cetera.</text>
                    </speaker>
                </answer>
            <followQuestion id="0" question_id="5">
                <speaker id="6" position="UBS Investment Bank, Research Division">Brennan Hawken<text>Okay. And then, when we're thinking about investing services, investment services and the strength there, can you parse that out a little bit? Was that timing too? Or was there something more sustainable propping that?</text>
                    </speaker>
                </followQuestion>
            <followAnswer id="0" question_id="5">
                <speaker id="34" position="Senior VP &amp; Director of Investor Relations">Mark M. Bette<text>You're asking about the increase in investment management revenue in C&amp;IS?</text>
                    </speaker>
                </followAnswer>
            <followQuestion id="1" question_id="5">
                <speaker id="6" position="UBS Investment Bank, Research Division">Brennan Hawken<text>Yes.</text>
                    </speaker>
                </followQuestion>
            <followAnswer id="1" question_id="5">
                <speaker id="37" position="CFO &amp; Executive VP">Jason Jerrome Tyler<text>Yes. So this is an important dynamic. I think it really has added, I think, to the base of business. And so first of all, I hinted earlier, the treasury funds, but in that business, it's not just that we've had flows in. The asset management business has done a lot over the last 5 years to position the business for growth in the liquidity front. And first of all, invest most -- everything starts and ends with investment performance. And their investment performance has been in top 5 over the last several months. 
Secondly, size. And clients there want to ensure that they're investing in a fund that's got large size to it. So they don't represent a high percentage, they feel better about the liquidity. Fund, the treasury fund size is $90 billion. They worked on cutoff times to ensure they are more competitive. They hired a dedicated distribution team. They launched a portal, and that's up to almost $10 billion in assets and a decent amount of that is with Northern product. And then they reapproached the third-party portals to ensure when treasurers are looking at opportunities to park cash, we look very appealing. 
And so if you think about the increase that we've had there, the treasury and focusing a lot on the treasury fund because that's where a lot of the growth has happened. But based in the last quarter, it has been $39 billion, $40 billion in growth into those strategies, about $34 billion of it was on the institutional side. And those funds are 15 to 20 basis points, and so very, very meaningful. 
And now the flip side to it is, those are part of that watch list that I referenced earlier that could be part of fee waivers. And so we're trying to maintain humility about what that might look like. But the very good news is that the base of business there has increased significantly.</text>
                    </speaker>
                </followAnswer>
            <other id="2" question_id="5">
                <speaker id="6" position="UBS Investment Bank, Research Division">Brennan Hawken<text>Okay. And thanks for predicting my follow-up about the fee waiver, so I appreciate that.</text>
                    </speaker>
                </other>
            <transition>
                <speaker id="0" position="Operator">Operator<text>We'll go next to Betsy Graseck with Morgan Stanley.</text>
                    </speaker>
                </transition>
            <question id="6">
                <speaker id="5" position="Morgan Stanley, Research Division">Betsy Lynn Graseck<text>I had 2 questions. First, on deposits. I think average deposits in the quarter was up somewhere in the teens, but end of the period was down. I know you just traditionally say, like typically say, don't look at end of period. But wanted to understand how we should think about deposit growth over the next quarter, at least? If not, we'll further out if we could talk about the drivers of what the deposit growth has been seem to be fading. So I would think it slows down, but would like to get your understanding of that.</text>
                    </speaker>
                </question>
            <answer id="6">
                <speaker id="37" position="CFO &amp; Executive VP">Jason Jerrome Tyler<text>Yes. So you're right. We were kind of in the teens, in the 1 teens and it's held in there and we watch it on a daily basis, and we're still seeing deposits at around that level. And so often, we'll see a significant decline from quarter end. And certainly saw some come down, but have seen it level off around that level. We are still anticipating that over time, our clients will look to put some of that money to work in more risk on trades. 
And I'll come back to what I mentioned earlier that it is important to watch, to the extent you're trying to predict the size of the balance sheet, but those deposits, particularly that layer that we think is not necessarily as sticky. It doesn't have as much of an impact on NII or NIM.</text>
                    </speaker>
                </answer>
            <followQuestion id="0" question_id="6">
                <speaker id="5" position="Morgan Stanley, Research Division">Betsy Lynn Graseck<text>And what percentage of the deposits, is that, in your opinion, that's not as sticky?</text>
                    </speaker>
                </followQuestion>
            <followAnswer id="0" question_id="6">
                <speaker id="37" position="CFO &amp; Executive VP">Jason Jerrome Tyler<text>That's really hard to tell. I mean it's -- and you go back to maybe the beginning of the year, and we saw client deposits in the mid-$80-some billions. And so an absolute worst-case scenario, you could take the delta there, but a lot of our clients are clearly exhibiting more stability and stickiness at least thus far.</text>
                    </speaker>
                </followAnswer>
            <followQuestion id="1" question_id="6">
                <speaker id="5" position="Morgan Stanley, Research Division">Betsy Lynn Graseck<text>Yes. Because the stickier, the more operational, you can take duration with that. So I guess I'm wondering how much of the deposit inflow that you've gotten over the past quarter or so has been deemed operational and put into duration versus over the next quarter or 2? Would there be incremental opportunity to extend duration with deposits if they stick around more than expected?</text>
                    </speaker>
                </followQuestion>
            <followAnswer id="1" question_id="6">
                <speaker id="37" position="CFO &amp; Executive VP">Jason Jerrome Tyler<text>Some of that determination of whether they're operational or not is actually a time test. And we talk about those deposits having to season. And so it's -- we can't make a prediction or determination absent just time. But you're right in that at a point, we can start to lag out on those or go into non-HQLA and think about term and credit and achieve more at that point. We did talk on the last call about the fact that we wanted to be patient about doing that to ensure we weren't in a situation where we couldn't be there for clients, particularly if loan demand increased significantly.</text>
                    </speaker>
                </followAnswer>
            <followQuestion id="2" question_id="6">
                <speaker id="5" position="Morgan Stanley, Research Division">Betsy Lynn Graseck<text>And what kind of time test is it? Like is it 3 months? 6 months? Is that something you can share with us?</text>
                    </speaker>
                </followQuestion>
            <followAnswer id="2" question_id="6">
                <speaker id="37" position="CFO &amp; Executive VP">Jason Jerrome Tyler<text>It depends on -- it's different tests. And also, their test is different if it's a retail deposit versus if it's institutional. And so...</text>
                    </speaker>
                </followAnswer>
            <followQuestion id="3" question_id="6">
                <speaker id="5" position="Morgan Stanley, Research Division">Betsy Lynn Graseck<text>Yes. So there's a range depending on which type?</text>
                    </speaker>
                </followQuestion>
            <followAnswer id="3" question_id="6">
                <speaker id="37" position="CFO &amp; Executive VP">Jason Jerrome Tyler<text>And even within the institutional side, the type of depositor also influences the categorization of it. And then on the wealth side, the size. So there's a lot of different factors that go into it. It's not a single test just based on time.</text>
                    </speaker>
                </followAnswer>
            <followQuestion id="4" question_id="6">
                <speaker id="5" position="Morgan Stanley, Research Division">Betsy Lynn Graseck<text>But should my takeaway be there is opportunity to extend duration if deposits meet the time test as we go into 3Q and 4Q? Or not?</text>
                    </speaker>
                </followQuestion>
            <followAnswer id="4" question_id="6">
                <speaker id="37" position="CFO &amp; Executive VP">Jason Jerrome Tyler<text>Yes, there's opportunity there. I certainly wouldn't think about it as the $110 million minus $85 million, that volume level. But there would be some opportunity to identify situations where we would want to extend more.</text>
                    </speaker>
                </followAnswer>
            <followQuestion id="5" question_id="6">
                <speaker id="5" position="Morgan Stanley, Research Division">Betsy Lynn Graseck<text>And then just my other follow-up question is regarding just agency RMBS. When I think about the securities book and where spreads could compress further, agency RMBS kind of goes to the top of the list because we recently got to, I think historically it was in the mortgage rates. So I'm wondering what -- how much did agency RMBS yields compression impact your second quarter results? How much do you think it is -- how much is it contributing to the outlook you have for third quarter NII decline? Just to get a sense of that would be helpful.</text>
                    </speaker>
                </followQuestion>
            <followAnswer id="5" question_id="6">
                <speaker id="37" position="CFO &amp; Executive VP">Jason Jerrome Tyler<text>I'm not sure we've done that level of detail about the exposure and yield in that book. So I wouldn't want to comment on it.</text>
                    </speaker>
                </followAnswer>
            <answer id="6">
                <speaker id="38" position="Chairman, President &amp; CEO">Michael G. O’Grady<text>Yes.</text>
                    </speaker>
                </answer>
            <transition>
                <speaker id="0" position="Operator">Operator<text>We'll go next to Glenn Schorr with Evercore.</text>
                    </speaker>
                </transition>
            <question id="7">
                <speaker id="11" position="Evercore ISI Institutional Equities, Research Division">Glenn Paul Schorr<text>Okay. So I you hear your loud and clear on your comments all around net interest income, little loan demand and low yields in the public markets. But -- and you're not alone there, but many investors, whether you be pension funds or wealth funds, insurance companies, they've looked to the private credit markets for a source of yield. You might have to give up some liquidity, but not necessarily taking on worst credit. You're probably the most conservative management team I've ever met, but curious if you'd put thought into the private credit markets.</text>
                    </speaker>
                </question>
            <answer id="7">
                <speaker id="37" position="CFO &amp; Executive VP">Jason Jerrome Tyler<text>Yes. We look at a very broad range of asset classes that we consider for investment. And at this point, there's such a focus on ensuring that we are there for clients. We're not just -- we're not taking incremental risk because the yield curve has come down. And I think that's the prevailing theme, as we said and think from an investment strategy perspective. That said, we're constantly thinking about risk and return and also the categorization of the different asset classes and whether they're HQLA, non-HQLA, Level 1, 2 and trying to come up with a mosaic of thinking about and evaluating those opportunities on a risk and regulatory adjusted basis. But at this point, we want to make sure we're not looking to grab yield just because the yield curve has come down.</text>
                    </speaker>
                </answer>
            <followQuestion id="0" question_id="7">
                <speaker id="11" position="Evercore ISI Institutional Equities, Research Division">Glenn Paul Schorr<text>Okay. Just a follow-up. You mentioned the growth in tech lending, and we could see that still up year-on-year, quarter-on-quarter. You mentioned spread as being a big impact. Some of the spreads there have come in. Can you talk maybe about an exit rate or a forward thought on tech lending for both spreads and volumes as we look forward from second quarter?</text>
                    </speaker>
                </followQuestion>
            <followAnswer id="0" question_id="7">
                <speaker id="37" position="CFO &amp; Executive VP">Jason Jerrome Tyler<text>Yes. I mean it's interesting. You're right. I mean at the beginning of the quarter, the spreads were much wider. And frankly, volumes weren't great. And then as we got later in the quarter, the spread started to thin, but volume came back, I think, as clients felt more comfortable. And so it's a tricky dynamic to triangulate, and I think the volumes and the spreads are actually correlated. And so it's hard to give a sense right now of where that ends up landing. Mark, I don't know if you have other thoughts on it.</text>
                    </speaker>
                </followAnswer>
            <answer id="7">
                <speaker id="34" position="Senior VP &amp; Director of Investor Relations">Mark M. Bette<text>One thing you can look at is 3-month LIBOR versus overnight. And if you plotted that out, you would certainly see that, like we've been saying earlier in the quarter, particularly early April was a significant benefit there. And then we're exiting the quarter in certainly at a much tighter spread there. So that would be one way to look at it, Glenn.</text>
                    </speaker>
                </answer>
            <answer id="7">
                <speaker id="37" position="CFO &amp; Executive VP">Jason Jerrome Tyler<text>And our view is LIBOR, really since May and June, both 30- and 90-day LIBOR has flattened out.</text>
                    </speaker>
                </answer>
            <transition>
                <speaker id="0" position="Operator">Operator<text>We'll go next to Rob Wildhack with Autonomous Research.</text>
                    </speaker>
                </transition>
            <question id="8">
                <speaker id="22" position="Autonomous Research LLP">Robert Henry Wildhack<text>A little bit more of a big picture question. I think back to the fourth quarter earnings call when you talked about a demand for increased scalability from some of your larger clients. And I was hoping you could give us an update on your efforts there and what you've done and are doing to kind of meet that demand.</text>
                    </speaker>
                </question>
            <answer id="8">
                <speaker id="38" position="Chairman, President &amp; CEO">Michael G. O’Grady<text>Sure. It's Mike. I'll take that. Absolutely, a critical objective for our business, I'll say, overall, but particularly within asset servicing. And so we are, I'll say, battling out every day to make sure we can provide continuity of service for our clients, as Jason and Mark have gone through here and trying to navigate the financial environment. But at the same time, we are looking forward 2, 3, 4, 5 years ahead with the business model, trying to determine how can we not only take care of clients and what their needs are. But build in more productivity into the business model. And as you have highlighted, that's going to be through scalability, particularly in asset servicing. And on that front, we've made investments that have begun to change the nature of the way that, that business will operate. And what I mean by that is primarily our investments have been in what we're calling Matrix, our Matrix platform, which essentially is a data-driven architecture that essentially takes all of the data in through one place, if you will, ensures that, that is clean, accurate data, if you will. And then from there, we're able to utilize it in multiple platform for multiple services. And it also shifts the service model to one that right now requires a fair number of employees to provide that service to a model where there's more either automation and how things happen and how they're processed. But also self-service and self-service in a way that is a positive from a client satisfaction perspective. That they don't need to call in or fax in or e-mail in a transaction or order or anything like that, but rather they can put it in and it gets processed essentially straight through. So that improves both the efficiency of what we're doing, the scalability, because we can put more business on it, but also the accuracy and consistency and reliability of how we process. So we're pretty optimistic on that. We have rolled out 2 releases over the last several months here despite the environment, so that continues to progress.</text>
                    </speaker>
                </answer>
            <followQuestion id="0" question_id="8">
                <speaker id="22" position="Autonomous Research LLP">Robert Henry Wildhack<text>Just quickly, the integration you announced with BlackRock and Aladdin, would you bucket that as part of that scalability goal? And then I know it's early, but any sense for how clients are responding to the partnership so far?</text>
                    </speaker>
                </followQuestion>
            <followAnswer id="0" question_id="8">
                <speaker id="38" position="Chairman, President &amp; CEO">Michael G. O’Grady<text>Yes. Broadly speaking, I absolutely would put that in the same -- it's part of the same strategy because what we're doing with BlackRock in that case is essentially further integration with Aladdin provider. And in which case, by being more directly connected, it provides greater efficiency. So what's happening between our platforms, if you will, in Aladdin is directly linked, in which case, you get the same types of benefits that I just talked about there.</text>
                    </speaker>
                </followAnswer>
            <transition>
                <speaker id="0" position="Operator">Operator<text>We'll go next to Vivek Juneja with JPMorgan.</text>
                    </speaker>
                </transition>
            <question id="9">
                <speaker id="16" position="JP Morgan Chase &amp; Co, Research Division">Vivek Juneja<text>A quick one, which is just an update on the Northern Trust open. Given the environment, should we expect a similar kind of increase as you've guided to in the past? Any color on that? And then I have a bigger picture question.</text>
                    </speaker>
                </question>
            <answer id="9">
                <speaker id="37" position="CFO &amp; Executive VP">Jason Jerrome Tyler<text>Headlines won't see a significant decline relative to prior years. And we typically see $16 million, $17 million sequential increase in business promo as we look into the quarter, a few thoughts on it. One, the tournament is going to be players only, as you know. Secondly, we don't give any specific cost about the tournament, but people what should know most is the costs associated with the tournament are about television and the expenses related to tournament production, and those actually aren't going to come down significantly. And so -- and then the reality is the television ratings for PGA have actually been very, very good. And so there will be modest savings as we think about reduction in travel and entertainment and some other things, but the reduction won't be meaningful.</text>
                    </speaker>
                </answer>
            <followQuestion id="0" question_id="9">
                <speaker id="16" position="JP Morgan Chase &amp; Co, Research Division">Vivek Juneja<text>Okay. Shifting gears to a bigger picture question. As I look at over the last year, your -- and if you look forward, if you think about your mix of asset servicing clients, what does that look like by type of client? Pension fund versus long-only versus insurance versus hedge funds and what levels? What is that mix? And what is the change you've seen over the past year or 2? And what do you expect to see?</text>
                    </speaker>
                </followQuestion>
            <followAnswer id="0" question_id="9">
                <speaker id="38" position="Chairman, President &amp; CEO">Michael G. O’Grady<text>So I'll take it. And I'm going to do this, Vivek, without a specific breakdown with the numbers and percentages of our client base because I don't have it in front of me. But generally speaking, over the last several years, and that would continue through last year. The proportion of our business that is coming from asset managers as opposed to asset owners has gone up. That's been a combination of just the business strategy over time, but also because the demands of asset managers for our types of services have been growing at a higher rate, from a market perspective. And then also, as you know, we're taking share as we continue to expand that business, both geographically, but also within particular segments. So geographically, if you think about what we did in Luxembourg and Switzerland, that primarily is going to drive business with asset managers. And then Switzerland is a mix between asset managers and asset owners. So that's where our focus has been, and that's where the greater growth has come from. 
The thing I would say about the asset owner side and subsegments within that, it really does vary with what's happening across the globe, just broader macro factors because as you would expect, things like sovereign wealth funds, and governments, we're working with them. Their needs to deploy investments into the economy changes over time versus their ability to invest those. And it's when they're invested globally that we see higher asset levels from them. And it's when they deploy them into the economy that they'll reduce those levels. So it's just a higher level of variability. 
And I would just add, sorry Vivek, one other thing. And then in the U.S., where the asset owners are largely pension funds, that dynamic, it's more of a share game than it is a market growth game. And so there, again, we've been able to pick up share, but you're doing it in a slower growing market.</text>
                    </speaker>
                </followAnswer>
            <followQuestion id="1" question_id="9">
                <speaker id="16" position="JP Morgan Chase &amp; Co, Research Division">Vivek Juneja<text>Mike, any plans to break this kind of data out at least once a year in the 10-K or something to give us a sense of where you're growing, et cetera? And provide a little more granularity?</text>
                    </speaker>
                </followQuestion>
            <followAnswer id="1" question_id="9">
                <speaker id="38" position="Chairman, President &amp; CEO">Michael G. O’Grady<text>Vivek, that's definitely something we can take on to consider because, obviously, it's something that we track closely, thus we can do it in a reliable way. It's something we'll consider.</text>
                    </speaker>
                </followAnswer>
            <transition>
                <speaker id="0" position="Operator">Operator<text>We go next to Brian Bedell with Deutsche Bank.</text>
                    </speaker>
                </transition>
            <question id="10">
                <speaker id="7" position="Deutsche Bank AG, Research Division">Brian Bertram Bedell<text>Just wanted to come back to expenses in the second half. Some of those were answered with the [ hope ] open. But typically, we do see that seasonal increase in the second half in outside services and certainly, equipment and software expense. I just wanted to check in and see if you still think that's the case? Obviously, with the COVID environment, that could be fluid this time around. But I just wanted to sort of check in on that, especially since we saw the downtick in outside services in the second quarter.</text>
                    </speaker>
                </question>
            <answer id="10">
                <speaker id="37" position="CFO &amp; Executive VP">Jason Jerrome Tyler<text>Yes. A couple of things: one, you're right in that there are some -- there's some bounciness. So on one hand, there's COVID-related expenses that are impacting things a lot. We've got investments to make there. Some of that will come through in capital, but some of it will come through the income statement as we've spent decently at this point and continuing to ensure that in a resiliency mode, we're doing everything we can to make sure we're there for clients. 
Secondly, we want to make sure that we're investing appropriately and in a disciplined way, particularly around things like technology and some of that will show up in outside services, some of it shows up in equipment and software, but some of it will show up in outside services. And so this is -- we've got a high bar for where we're investing, but the traditional view of what expense ramps look like in the third and fourth quarter, I think, are going to be less reliable. It's much more about what do we think is necessary to ensure resiliency and our strategy of being there for clients.</text>
                    </speaker>
                </answer>
            <followQuestion id="0" question_id="10">
                <speaker id="7" position="Deutsche Bank AG, Research Division">Brian Bertram Bedell<text>Okay. That's good color. And then just lastly, just on the provisioning. You talked about some internal downgrades across the book. I guess just as we go into the second half as well, if we do have a situation where there's a second wave of COVID-19, that's -- hopefully not, but worse than people are expecting, is that a significant part of your credit assessment, even if you think the credit qualities are relatively good, but nevertheless could drive higher provisioning in the second half?</text>
                    </speaker>
                </followQuestion>
            <followAnswer id="0" question_id="10">
                <speaker id="37" position="CFO &amp; Executive VP">Jason Jerrome Tyler<text>We run multiple macro scenarios, and some of those scenarios will incorporate that type of worsening, a W type as opposed to a V. And so as things approach, we play with the weights of those factors, and that has heavy influence on what the output is, and so we monitor that closely. If things worsen significantly, just like what we experienced last quarter, frankly, things worsened from the end of March to the beginning of April. And this time, we haven't seen that type of dynamic shift between the end of the quarter and the time we're talking to you. But there's so much time between now and then. We're reliant on what those macro forecasts look like, and they'll always have influence, particularly in the CECL environment on what provision looks like.</text>
                    </speaker>
                </followAnswer>
            <transition>
                <speaker id="0" position="Operator">Operator<text>And at this time, there are no further questions.</text>
                    </speaker>
                </transition>
            <other id="11">
                <speaker id="34" position="Senior VP &amp; Director of Investor Relations">Mark M. Bette<text>Thanks, everyone. Stay safe, and we look forward to talking to you about the third quarter.</text>
                    </speaker>
                </other>
            <ending>
                <speaker id="0" position="Operator">Operator<text>This does conclude today's conference. We thank you for your participation.</text>
                    </speaker>
                </ending>
            </section>
        </body>
    </Transcript>
