<?xml version='1.0' encoding='utf-8'?>
<Transcript>
    <header>
        <company>The Bank of New York Mellon Corporation NYSE:BK</company>
        <quarter>Q4</quarter>
        <year>2018</year>
        <time>Wednesday, January 16, 2019 1:00 PM GMT</time>
        <currency>Currency: USD</currency>
        <note>Consensus as of  Jan-16-2019 12:41 PM GMT</note>
        <ticker>BK</ticker>
        <open_price>42.767129</open_price>
        <close_price>43.057423</close_price>
        <high_price>43.322104</high_price>
        <low_price>41.631565</low_price>
        <stock_performance>increased</stock_performance>
        </header>
    <body>
        <section name="Financial Tables">
            <table id="0" name="Earnings Estimates Comparison Table">
                <timePeriods>
                    <period name="FQ4 2018" />
                    <period name="FQ1 2019" />
                    <period name="FY 2018" />
                    </timePeriods>
                <metrics>
                    <metric name="EPS Normalized">
                        <value period="-FQ4 2018-" type="CONSENSUS">0.92</value>
                        <value period="-FQ1 2019-" type="ACTUAL">0.99</value>
                        <value period="-FY 2018-" type="SURPRISE">7.61</value>
                        </metric>
                    <metric name="Revenue  (mm)">
                        <value period="-FQ4 2018-" type="CONSENSUS">4020.68</value>
                        <value period="-FQ1 2019-" type="ACTUAL">4007.00</value>
                        <value period="-FY 2018-" type="SURPRISE">(0.34 %)</value>
                        </metric>
                    </metrics>
                </table>
            <table id="1" name="EPS Normalized Comparison Table">
                <timePeriods>
                    <period name="FQ1 2018" />
                    <period name="FQ2 2018" />
                    <period name="FQ3 2018" />
                    <period name="FQ4 2018" />
                    </timePeriods>
                <metrics>
                    <metric name="EPS Normalized">
                        <value period="FQ1 2018" type="CONSENSUS">0.96</value>
                        <value period="FQ2 2018" type="CONSENSUS">1.02</value>
                        <value period="FQ3 2018" type="CONSENSUS">1.04</value>
                        <value period="FQ4 2018" type="CONSENSUS">0.92</value>
                        </metric>
                    </metrics>
                </table>
            </section>
        <section name="Call Participants">
            <person company="The Bank of New York Mellon Corporation NYSE:BK" position="Chairman &amp; CEO" group="EXECUTIVES" id="1">Charles W. Scharf</person>
            <person company="The Bank of New York Mellon Corporation NYSE:BK" position="Chief Financial Officer" group="EXECUTIVES" id="2">Michael P. Santomassimo</person>
            <person company="The Bank of New York Mellon Corporation NYSE:BK" position="Executive VP &amp; Treasurer" group="EXECUTIVES" id="33">Scott Freidenrich</person>
            <person company="Goldman Sachs Group Inc." group="ANALYSTS" id="4">Alexander Blostein</person>
            <person company="UBS Investment Bank" group="ANALYSTS" id="6">Brennan Hawken</person>
            <person company="Deutsche Bank AG" group="ANALYSTS" id="7">Brian Bertram Bedell</person>
            <person company="Jefferies LLC" group="ANALYSTS" id="12">Kenneth Michael Usdin</person>
            <person company="BofA Merrill Lynch" group="ANALYSTS" id="13">Michael Roger Carrier</person>
            <person company="Wells Fargo Securities, LLC" group="ANALYSTS" id="34">Robert Carr Rutschow</person>
            <person company="JP Morgan Chase &amp; Co" group="ANALYSTS" id="16">Vivek Juneja</person>
            </section>
        <section name="Presentation ">
            <statement>
                <speaker id="0" position="Operator">Operator<text>Good morning, and welcome to the fourth quarter earnings conference call hosted by BNY Mellon. [Operator Instructions] 
Please note that this conference call webcast will be recorded and will consist of copyrighted material. You may not record or rebroadcast these materials without BNY Mellon's consent. 
I will now turn the call over to Mr. Scott Freidenrich. You may begin.<sentiment>neutral</sentiment><analysis>Overall sentiment is neutral. 0 sentences are positive (0.00%). 0 sentences are negative (0.00%). 7 sentences are neutral (100.00%). </analysis></text>
                    </speaker>
                </statement>
            <statement>
                <speaker id="33" position="Executive VP &amp; Treasurer">Scott Freidenrich<text>Thank you. Good morning, and welcome to the BNY Mellon Fourth Quarter 2018 Earnings Conference Call. 
This morning, BNY Mellon released its results for the fourth quarter of 2018. The earnings press release and the financial highlights presentation to accompany this teleconference are both available on our website at bnymellon.com. 
Charlie Scharf, BNY Mellon's Chairman and Chief Executive Officer, will lead this morning's conference call. Also making prepared remarks on the call this morning is Mike Santomassimo, BNY Mellon's Chief Financial Officer. Following Mike's prepared remarks, there will be a Q&amp;A session. 
Before we begin, please note that our remarks today may include forward-looking statements. Actual results may differ materially from those indicated or implied by our forward-looking statements as a result of various factors, including those identified in the cautionary statement in the earnings press release, the financial highlights presentation and in our documents filed with the SEC available on our website. Forward-looking statements made on this call speak only as of today, January 16, 2019, and will not be updated. 
Now I will turn the call over to Charlie.<sentiment>neutral</sentiment><analysis>Overall sentiment is neutral. 0 sentences are positive (0.00%). 0 sentences are negative (0.00%). 13 sentences are neutral (100.00%). </analysis></text>
                    </speaker>
                </statement>
            <statement>
                <speaker id="1" position="Chairman &amp; CEO">Charles W. Scharf<text>Thank you, Scott. Good morning, everyone. Thanks for joining us. As usual, I'll make some comments and then turn it over to Mike. 
You can see that we reported earnings per share of $0.84, down 22% from last year's fourth quarter. Both this quarter and last year's fourth quarter included a number of notable items that made comparisons difficult, but we will do our best to explain what's included so you could perform your own analysis of the quarter. 
Notable items in the fourth quarter of 2018 reduced earnings by $0.16. This includes costs related to the relocation of our corporate headquarters, severance charges and litigation expenses. Those costs were partially offset by some tax adjustments. As a reminder, our fourth quarter results in 2017 included notable items that increased earnings by $0.17 per share. These items were related to the estimated benefit of U.S. tax legislation, partially offset by some actions we took. 
On a GAAP basis, our revenues grew 7%, expenses decreased 1%, pretax earnings grew 40% and after-tax earnings decreased 26%. If you were to exclude these notable items in both periods, which you can see in the reconciliation table on the second page of the earnings release, revenue declined 1%, expenses were essentially flat, pretax earnings decreased 3%, after-tax earnings increased 4% and earnings per share increased 9%. My comments will refer to our results excluding notable items in both periods. 
Let me mention a few things about the overall results. First, while we aren't happy with the revenue decline of 1%, it's important to note that we saw growth in many of our Investment Services business. In total, Investment Services revenue grew 3%, and Investment Management revenue declined by 8% due to the combination of outflows, currency and the impact of lower equity markets. And we continue to benefit from increasing interest rates, albeit at a slower rate than prior quarters. 
The second thing is that we remain extremely focused on controlling our expenses while we continue to significantly increase our technology and infrastructure investments. Excluding the notable items, our expenses were essentially flat to the prior year. Our technology expenses increased about $100 million versus the prior year while all other expenses decreased a little more than the same amount. 
I mentioned on last quarter's earnings call that we see meaningful opportunities to become more efficient across the company. While we're looking to automate many of the manual tasks we perform, we also see broader opportunities to continue to drive efficiency. On last quarter's call, I used the example of a significant opportunity to reduce management layers and increase spans of control. This quarter's GAAP results include a severance charge which includes these actions, many of which we've already completed. We anticipate that the payback on this severance will be less than 1 year. 
These savings and other efficiencies we continue to drive towards will allow us to continue to increase our investment in technology and infrastructure without significantly increasing our expense base. 
As I also said on last quarter's earnings call, while these changes result in lower costs, they help advance our culture by improving decision-making, allowing us to move more quickly and making sure we have our best people in roles which allow them to grow and contribute more significantly to our growth agenda. 
And thirdly, as we said consistently, the road to increase our organic growth will take time, but we do see some progress. The impact of the markets and interest rates will ebb and flow, but we must grow the franchise, and we remain focused on methodically building our capabilities to increase our rate of organic growth. As 2019 unfolds, we hope to provide a clearer road map of how this is playing out. 
Let's go through our businesses, starting with Asset Servicing. Asset Servicing revenue was down 2%. Although we continue to have a healthy pipeline, the impact from new business was minimal. There were negative impacts from asset outflows from existing clients. These clients did not leave us but saw outflows from their accounts. This can shift based on market conditions and investor behavior. 
The decline, combined with a little lower foreign exchange and securities lending volumes as well as the negative impact of a stronger U.S. dollar, drove the lower revenue year-over-year. The declines were offset by higher net interest revenue due to higher rates. We are continuing to invest across this business to improve our core custody and accounting service, extend our service and capabilities for alternative managers, including credit managers, middle office and data management. 
We turn to Pershing. While revenue was down year-over-year due to the 2 previously disclosed client losses, revenue was flat sequentially. Excluding the impact of the lost clients, the revenues grew about 4%. In addition, the business has grown in a number of other fronts. 
The impact of the lost clients has been fully in our run rate since the second quarter of this year, and the impact on the year-over-year growth rate for Pershing will abate after the first quarter of 2019. We continue to have a sizable pipeline of new business that we are onboarding now, which will begin to go live in the second half of 2019 and have a more meaningful impact in 2020, so we expect Pershing will return to revenue growth as the negative impact of the 2 client losses abate and we onboard the signed business. We are as confident as ever in our ability to continue building Pershing over the longer term. 
In Issuer Services, revenue growth of 25% was driven primarily by Depositary Receipts, corporate action activity and higher volumes, although Corporate Trust also generated a little bit of revenue growth. As we've discussed previously, Depositary Receipts revenue is seasonal, and volatility in the market drives cross-border settlement activity. The timing of corporate action events during the quarter drove significant year-over-year growth, and volatility levels were particularly high in Latin America. 
Corporate Trust also had some revenue growth this quarter, albeit small. Our efforts to reposition our Corporate Trust sales and service teams has helped us to drive incremental growth in insurance-linked securities and CLOs. Our pipeline remained healthy. While market share statistics in this business aren't perfect, as I've mentioned before, we're gaining share, particularly in the structured finance space. 
In Treasury Services, we're continuing to see modest growth in this business. Payment volume, which is the key driver of our fee revenue growth, was up 5% year-over-year and sequentially, driven by the volume growth from both new and existing clients. Our focus on growing liability balances from our Treasury Services clients has been paying off as we experienced growth in attracting competitively priced, interest-bearing operational client deposits to support our climate -- clients' payment activities. 
In Clearance and Collateral Management, we reported 10% revenue growth. We again saw strong revenue growth from our historical clients, newly converted government clearing broker-dealer clients, higher clearance volumes related to record issuance levels and strong demand for U.S. government and treasury issuances and growth in collateral management activity from new business and increased client activity. Our Clearance and Collateral Management capabilities are among the best in the business, and our collateral optimization and segregation services go beyond what others can provide. As collateral management becomes increasingly important part of the investment process, we are a major beneficiary. We're seeing interest from new entrants to the collateral market such as alternative asset managers investing their cash in repo. 
Turning to Investment Management. Asset Management had a difficult quarter with revenues down 11%. The cumulative impact of outflows year-to-date, particularly in our active equity strategies as well as lower equity markets, the unfavorable impact of a stronger U.S. dollar and some small divestitures drove the results. We saw strong flows into our liability-driven investment strategies as that business has continued to consistently perform well over a number of years. 
Performance across some key strategies has been good, evidenced by solid performance fees in the quarter and for the full year. Wealth Management revenues were down 2%, primarily driven by the impact of lower equity markets and lower net interest revenue. We continue to believe that we should be able to drive more growth in this business over time. 
Shifting to talent. We continue to attract terrific people. During the quarter, we announced that Lester Owens will be joining our Executive Committee next month as Head of Operations. Lester is an experienced operations executive who's occupied key roles in large complex financial services organizations. He also has a reputation as a great leader with a passion for efficiency, transformation, controls and working with clients. Lester will join us next month and help us and our clients rethink how we process securities and cash with the goal of gaining material efficiencies and improved quality. 
On the capital front, we continue to be keenly focused on intelligently deploying our capital, including returning excess capital to shareholders. Last month, we announced that we received approval to increase our repurchase program of common stock by an additional $830 million, and we completed it in the fourth quarter. In the past, our ability to return additional capital to shareholders had been constrained by our internal CCAR models, and we have refined those models. We are pleased now being in a position to return additional capital to our shareholders, and we are confident that we'll continue to maintain strong capital ratios and be able to invest in our business going forward with this higher level of capital return. 
In terms of 2019, while we cannot predict market levels and interest rates, the environment is clearly more difficult today than 1 quarter ago. And to state the obvious, at these levels, the markets will not be a significant contributor to our results in 2019. Therefore, we remain focused on building the underlying franchise to drive higher levels of organic growth, and we'll continue to remain disciplined on expenses. And even if the market constrains our short-term growth, our goal is to ensure we drive EPS growth as we benefit from our strong expense disciplines and capital actions. 
With that, let me turn it over to Mike.<sentiment>positive</sentiment><analysis>Overall sentiment is positive. 44 sentences are positive (45.83%). 19 sentences are negative (19.79%). 33 sentences are neutral (34.38%). The classified negative sentences are: (1) 84, down 22% from last year's fourth quarter. (2) Notable items in the fourth quarter of 2018 reduced earnings by $0. (3) On a GAAP basis, our revenues grew 7%, expenses decreased 1%, pretax earnings grew 40% and after-tax earnings decreased 26%. (4) If you were to exclude these notable items in both periods, which you can see in the reconciliation table on the second page of the earnings release, revenue declined 1%, expenses were essentially flat, pretax earnings decreased 3%, after-tax earnings increased 4% and earnings per share increased 9%. (5) First, while we aren't happy with the revenue decline of 1%, it's important to note that we saw growth in many of our Investment Services business. (6) In total, Investment Services revenue grew 3%, and Investment Management revenue declined by 8% due to the combination of outflows, currency and the impact of lower equity markets. (7) This quarter's GAAP results include a severance charge which includes these actions, many of which we've already completed. (8) Asset Servicing revenue was down 2%. (9) Although we continue to have a healthy pipeline, the impact from new business was minimal. (10) There were negative impacts from asset outflows from existing clients. (11) The decline, combined with a little lower foreign exchange and securities lending volumes as well as the negative impact of a stronger U. (12) dollar, drove the lower revenue year-over-year. (13) While revenue was down year-over-year due to the 2 previously disclosed client losses, revenue was flat sequentially. (14) The impact of the lost clients has been fully in our run rate since the second quarter of this year, and the impact on the year-over-year growth rate for Pershing will abate after the first quarter of 2019. (15) As we've discussed previously, Depositary Receipts revenue is seasonal, and volatility in the market drives cross-border settlement activity. (16) Asset Management had a difficult quarter with revenues down 11%. (17) The cumulative impact of outflows year-to-date, particularly in our active equity strategies as well as lower equity markets, the unfavorable impact of a stronger U. (18) dollar and some small divestitures drove the results. (19) Wealth Management revenues were down 2%, primarily driven by the impact of lower equity markets and lower net interest revenue. </analysis></text>
                    </speaker>
                </statement>
            <statement>
                <speaker id="2" position="Chief Financial Officer">Michael P. Santomassimo<text>Thanks, Charlie. Let me run through the details of our results for the quarter and full year then provide some further thoughts on 2019. Note that all comparisons will be on a year-over-year basis unless otherwise specified. 
Beginning on Page 3 of the financial highlights document. In the final quarter of 2018, we had earnings of $832 million and EPS of $0.84, down 22%. But as Charlie mentioned, both the current and prior year quarters included a number of notable items that make comparisons difficult. As a reminder, our fourth quarter 2017 results included $0.17 per share net benefit related to the new U.S. tax legislation and charges related to severance litigation and asset impairment and losses on sale of certain securities in our investment portfolio. 
Our results in the fourth quarter of 2018 included $0.16 per share related to severance charges, expenses associated with the real estate consolidation and litigation charges, partially offset by a positive adjustment to provisional estimates for U.S. tax legislation and other changes. The severance expenses, which are a little more than half of the charge, are related to actions we are taking to drive more efficiency across the firm. Many of the actions are already completed, and we expect to see the payback in 2019. 
As I have noted throughout the year, the remaining $60 million of the costs associated with relocating our corporate headquarters was recorded in the fourth quarter and is included in the notable items. Excluding the notable items, we had earnings of $987 million and EPS of $0.99, up 9%. 
In terms of shareholder capital return, as Charlie mentioned, we received approval to buy back $830 million of additional common shares and completed it all in the fourth quarter. In total for the fourth quarter, we repurchased approximately 29 million shares for $1.37 billion and paid $278 million in dividends. For the full year of 2018, we returned $4.3 billion or just over 100% of earnings to common shareholders through $3.3 billion of share repurchases and approximately $1.1 billion in dividends. 
Now turning to our GAAP financial highlights on Page 4. Total revenue in the fourth quarter was up 7% year-over-year; pretax income, up 40%; and net income applicable to common shareholders was down 26%. 
Page 5 shows the highlights after excluding the notable items in both quarters, which may help better understand the underlying performance. Total revenue was down 1%. Fee revenue was also down 1%. Please note that the impact of notable items on revenue is all in the Other segment so does not impact the revenue disclosures in either Investment Services or Investment Management. 
Fourth quarter net interest revenue increased 4% to $885 million, driven by the impact of higher interest rates on interest-earning assets and a leasing adjustment recorded in Q4 2017. This was partially offset by lower noninterest-bearing deposits. Net interest revenue declined 1% sequentially due to higher deposit rates and the impact of interest rate hedging. This was partially offset by higher deposit balances. 
Sequentially, the impact of higher interest rates on deposit pricing and other interest-bearing liability rates was greater than the benefit to the securities portfolio yield and other interest-earning assets. 
On Page 8 of our earnings release, you can see that year-over-year, our average interest-bearing deposits increased 9% while our average noninterest-bearing deposits declined 15%. Sequentially, average interest-bearing deposits increased 9% and noninterest-bearing deposits declined 3%. 
As we have consistently said, for our client base, deposit pricing is continually becoming more competitive with betas increasing as rates rise. The rates on our interest-bearing deposits increased from 63 basis points in the third quarter to 86 basis points this quarter. On the surface, this would imply a positive beta of approximately 82% across all currencies. When you focus on core interest-bearing U.S. dollar client deposits, excluding wholesale funding, betas have been in the mid-80% over the past few rate hikes and more closer to 100% in the fourth quarter. 
The net interest margin increased 10 basis points to 1.24%. Sequentially, the NIM declined 3 basis points. While we focus on NIM, we are seeking to maximize earnings and take advantage of opportunities to use the capacity we have on our balance sheet. For example, we will take on temporary non-operated deposits and reinvest them risk fee -- risk-free at a central bank or a government security. We had the opportunity to do that in the fourth quarter. These riskless transactions are accretive to net interest income but they may have a modest spread that could negatively impact the NIM. 
Also note that the effect of certain hedging activities were recorded in fee revenue and not reflected in net interest revenue or the NIM. This negatively impacted net interest revenue and the NIM by approximately 1.5 to 2 basis points sequentially. 
Picking back up on the highlights after excluding the notable items on Page 5. Our expenses of $2.7 billion were essentially flat as our continued investments in technology were mostly offset by decreases in other expenses. Pretax income was down 3%. Net income applicable to common shareholders, which benefited from a lower tax rate in the U.S., was up 4%. And our earnings per share were up 9% when you include the impact of our share repurchases. 
The full year results on a GAAP basis are on Page 6. We had earnings of $4.1 billion or $4.04 per share. Our earnings per share was up 9%. And our return on tangible common equity was 22.5%. 
On Page 7 are the full year results excluding the notable items. We had earnings of $4.3 billion or $4.21 per common share, and our earnings per share was up 18%. 
Page 8 highlights our Investment Service business results. Investment Services revenue was $3 billion, up 3%. Within Investment Services, Asset Servicing revenue was down 2% to $1.4 billion, primarily reflecting lower client assets and activity and the impact of a stronger dollar, partially offset by higher net interest revenue. This includes a modest decline in securities lending revenue due to lower U.S. equity and lower U.S. government balances and spreads. 
Pershing revenue was down 2% to $558 million due to the impact of previously disclosed lost business, partially offset by higher clearance volumes and net interest income. Excluding the impact of the lost clients, the underlying business grew closer to 4%. 
Issuer Services revenue was up 25% to $441 million, primarily reflecting higher Depositary Receipts revenue, driven by corporate actions and higher volumes in Depositary Receipts and a smaller volume increase in Corporate Trust. The sequential decrease reflects seasonality in Depositary Receipts. 
Treasury Services revenue increased 2% year-over-year to $328 million, primarily reflecting higher payment volumes and net interest revenue. Clearance and Collateral Management revenue was up 10% year-over-year and 5% sequentially to $278 million. Both increases reflect growth in Clearance and Collateral Management and higher net interest revenue. The new clients that we onboarded and other increases in collateral activity drove a 22% increase in average tri-party collateral management balances. 
Noninterest expense within Investment Services increased 1% year-over-year to $2.1 billion, driven by investments in technology, partially offset by the impact of the notable items. The sequential increase of 4% primarily reflects higher severance expense and investments in technology. Also, on the metrics, foreign exchange and other trading revenue was down 3%. 
Assets under custody and/or administration declined 1% to $33.1 trillion. And just a reminder that approximately 1/3 of our assets under custody and/or administration are equities. And average long-term mutual fund assets were down 4%, primarily due to the impact of lost clients and lower equity markets. The sequential decline was primarily driven by the decline in equity markets in the fourth quarter and other activity. 
Now turning to Page 9 for the Investment Management business highlights. Asset management revenue was down 11% year-over-year and 6% sequentially to $660 million, primarily reflecting the impact of net outflows in prior quarters, lower equity markets and lost revenues associated with the sale of CenterSquare and the unfavorable impact of a stronger U.S. dollar. Wealth Management revenue was down 2% year-over-year and 3% sequentially to $303 million, with both decreases driven by lower market values and lower net interest revenue. Assets under management decreased 9% and 6% sequentially to $1.7 trillion. We had outflows in most asset classes with total net flows of $18 billion. We had $14 billion of inflows into liability-driven investments. 
As Charlie mentioned, this business continues to perform well. Equity outflows were $8 billion, with a little under half of that coming from lower fee mandates. Fixed income outflows were $1 billion, and multi-asset alternative outflows were $2 billion. Index strategy outflows were $11 billion, primarily from equity-indexed products, and approximately half of that was from one institutional client rotating asset classes. Cash outflows were $10 billion, approximately half of which occurred at year-end, some of which we have seen returning within the first week of 2019. 
Now turning to our Other segment on Page 10. Fee revenue increased year-over-year and sequentially, primarily reflecting the negative impact of the U.S. tax legislation on our investments in renewable energy in the fourth quarter of 2017, the benefit of which shows up in the tax line. Noninterest expense increased year-over-year and sequentially, primarily reflecting expenses associated with relocating our corporate headquarters and higher severance. 
Moving now to capital and liquidity on Page 11. Our capital and liquidity ratios remained strong. As of December 31, our key ratios declined since the end of Q3, primarily due to share repurchases in the quarter. Common equity Tier 1 capital totaled $17.6 billion at December 31, and our CET1 ratio was 10.6% under the Advanced Approach. The supplementary leverage ratio was 6%. Our average LCR or liquidity coverage ratio in the fourth quarter was 118%. 
Page 12 details our expenses. On a consolidated GAAP basis, expenses of $3 billion were potentially flat, reflecting investments in technology and expenses associated with relocating our corporate headquarters, offset by lower staff expense, lower bank assessment charges and the favorable impact from a stronger dollar. Note that the technology expenses included staff, professional, legal and other purchased services as well as software and equipment. The 9% sequential increase primarily reflects higher severance expense, expenses associated with relocating our corporate headquarters and investments in technology and partially offset by the lower bank assessment charges, primarily FDIC expenses. 
Now let me spend a few minutes on how we're thinking about 2019. The equity markets and higher interest rates have been key drivers of revenue growth for the last couple of years. If these levels persist, the markets would not be a significant contributor to our results in 2019. While our business model does benefit from economic growth and increasing markets over time, we are focused on organic growth and are adding services, products and technology; entering new markets; improving the client experience; and working to be more solutions-driven on behalf of our clients. Across our company, we've been making investments in shifting how we operate in support of organic growth, but those actions will take time to show up in our numbers. 
One note on fee revenue for the first quarter. Investment Management fees will be impacted by the market levels and outflows in the fourth quarter. I would factor that into your modeling. 
With respect to net interest revenue, there are a few variables to consider. At this point in the quarter, interest-bearing deposits are trending in line with the fourth quarter. We would also expect the noninterest-bearing deposits would continue to tick down, but it's still really early in the quarter. Deposit betas are consistent with what I discussed earlier. The yield on our securities portfolio should continue to grind up through 2019. The portfolio yield should benefit from factors including higher short-term rates and reinvestment opportunities. 
The sequential change in yield in the first quarter should improve versus the change in the fourth quarter. The change quarter-to-quarter for the remainder of the year will be dependent on rates. Just a reminder that the duration of the portfolio is approximately 2 years, and approximately 30% of it reprices each quarter. If all these assumptions play out for the first quarter, we would expect net interest revenue to be flat to up a little versus the fourth quarter of 2018. 
On the expense front, we expect our technology spend to increase in 2019, reflecting the ramp-up of spend this year, in 2018, which was largely included in the fourth quarter run rate. This spend continues to be focused on our operating platform and the expansion of development resources to extend and enhance our capabilities and to support new business onboarding in support of organic growth that we discussed here and back at our Investor Day. Even with these investments, excluding the notable items, we do not expect to significantly increase our expense base in 2019. 
With regard to expenses in the first quarter, a reminder about the typical first quarter impact to staff expense from the acceleration of long-term incentive compensation expense for retirement-eligible employees, the impact of which should be similar to last year. Despite that, adjusted for the notable items discussed earlier, we expect expenses to go up around 1% to 2% versus the fourth quarter and the first quarter of 2018. We should see the benefit of actions related to the severance that we booked in the fourth quarter to streamline our organization and boost productivity later in the year. 
In terms of our tax rate, there were a number of clarifications to new U.S. tax legislation that were published in late November and December. Based on our interpretation of those rules, we currently expect the full year 2019 effective tax rate to be approximately 21%. 
As I mentioned, we completed the full $830 million of additional buybacks in the fourth quarter. This, coupled with the impact of further capital distribution, should be incorporated into your modeling. Assuming the assumptions play out, our goal would be to have reasonable growth in earnings per common share. 
Before opening the call, I just want to mention one additional thing. We have approximately $160 million of exposure to the California utility that's been in the press lately that has plans to potentially file bankruptcy. We increased our provision on that credit in the quarter a bit but may have additional impact depending on how the facts and circumstances develop. 
With that, operator, can you please open the lines for questions.<sentiment>neutral</sentiment><analysis>Overall sentiment is neutral. 52 sentences are positive (30.95%). 28 sentences are negative (16.67%). 88 sentences are neutral (52.38%). The classified negative sentences are: (1) 84, down 22%. (2) As a reminder, our fourth quarter 2017 results included $0. (3) tax legislation and charges related to severance litigation and asset impairment and losses on sale of certain securities in our investment portfolio. (4) Total revenue in the fourth quarter was up 7% year-over-year; pretax income, up 40%; and net income applicable to common shareholders was down 26%. (5) Total revenue was down 1%. (6) Fee revenue was also down 1%. (7) Net interest revenue declined 1% sequentially due to higher deposit rates and the impact of interest rate hedging. (8) Sequentially, the NIM declined 3 basis points. (9) These riskless transactions are accretive to net interest income but they may have a modest spread that could negatively impact the NIM. (10) This negatively impacted net interest revenue and the NIM by approximately 1. (11) 7 billion were essentially flat as our continued investments in technology were mostly offset by decreases in other expenses. (12) Pretax income was down 3%. (13) Within Investment Services, Asset Servicing revenue was down 2% to $1. (14) This includes a modest decline in securities lending revenue due to lower U. (15) Pershing revenue was down 2% to $558 million due to the impact of previously disclosed lost business, partially offset by higher clearance volumes and net interest income. (16) The sequential decrease reflects seasonality in Depositary Receipts. (17) Also, on the metrics, foreign exchange and other trading revenue was down 3%. (18) Assets under custody and/or administration declined 1% to $33. (19) And average long-term mutual fund assets were down 4%, primarily due to the impact of lost clients and lower equity markets. (20) The sequential decline was primarily driven by the decline in equity markets in the fourth quarter and other activity. (21) Asset management revenue was down 11% year-over-year and 6% sequentially to $660 million, primarily reflecting the impact of net outflows in prior quarters, lower equity markets and lost revenues associated with the sale of CenterSquare and the unfavorable impact of a stronger U. (22) Wealth Management revenue was down 2% year-over-year and 3% sequentially to $303 million, with both decreases driven by lower market values and lower net interest revenue. (23) Assets under management decreased 9% and 6% sequentially to $1. (24) Noninterest expense increased year-over-year and sequentially, primarily reflecting expenses associated with relocating our corporate headquarters and higher severance. (25) As of December 31, our key ratios declined since the end of Q3, primarily due to share repurchases in the quarter. (26) Investment Management fees will be impacted by the market levels and outflows in the fourth quarter. (27) We would also expect the noninterest-bearing deposits would continue to tick down, but it's still really early in the quarter. (28) With regard to expenses in the first quarter, a reminder about the typical first quarter impact to staff expense from the acceleration of long-term incentive compensation expense for retirement-eligible employees, the impact of which should be similar to last year. </analysis></text>
                    </speaker>
                </statement>
            </section>
        <section name="Question and Answer">
            <transition>
                <speaker id="0" position="Operator">Operator<text>[Operator Instructions] Our first question comes from Ken Usdin with Jefferies.<sentiment>neutral</sentiment><pos>0.0466</pos><neg>0.0227</neg><neutr>0.9307</neutr><emotion>doubtful, curiosity, skepticism</emotion></text>
                    </speaker>
                </transition>
            <question id="0">
                <speaker id="12" position="Jefferies LLC, Research Division">Kenneth Michael Usdin<text>Just one clarification that I know will come up. When you guys are talking about reasonable EPS growth this year, just can you just level set us on your starting point? Is that off of a GAAP basis? Or is it off of your adjusted basis?<sentiment>neutral</sentiment><pos>0.0436</pos><neg>0.0623</neg><neutr>0.8942</neutr><emotion>confidence, optimism</emotion></text>
                    </speaker>
                </question>
            <answer id="0">
                <speaker id="1" position="Chairman &amp; CEO">Charles W. Scharf<text>It's off an adjusted basis.<sentiment>negative</sentiment><pos>0.0287</pos><neg>0.7172</neg><neutr>0.2542</neutr><emotion>frustration, doubtful, negative surprise, skepticism</emotion></text>
                    </speaker>
                </answer>
            <followQuestion id="0" question_id="0">
                <speaker id="12" position="Jefferies LLC, Research Division">Kenneth Michael Usdin<text>So off of the $4.21 basis, you'd expect EPS growth?<sentiment>neutral</sentiment><pos>0.198</pos><neg>0.025</neg><neutr>0.7771</neutr><emotion>curiosity</emotion></text>
                    </speaker>
                </followQuestion>
            <followAnswer id="0" question_id="0">
                <speaker id="1" position="Chairman &amp; CEO">Charles W. Scharf<text>Well, again, I mean, that is what we're shooting for. Obviously, it depends on what the market is, but that's absolutely true.<sentiment>neutral</sentiment><pos>0.0834</pos><neg>0.0169</neg><neutr>0.8996</neutr><emotion>neutral</emotion></text>
                    </speaker>
                </followAnswer>
            <followQuestion id="1" question_id="0">
                <speaker id="12" position="Jefferies LLC, Research Division">Kenneth Michael Usdin<text>Okay, okay. And secondly then, to your point also about not increasing expenses by much, is the thought that you have on 1% to 2% year-over-year in the first quarter the generic way we should be thinking about expenses over the course? Or does something change with the trajectory as the severance benefit -- the benefits from the severance you took starts to layer in against future investments?<sentiment>neutral</sentiment><pos>0.0841</pos><neg>0.0885</neg><neutr>0.8274</neutr><emotion>neutral</emotion></text>
                    </speaker>
                </followQuestion>
            <followAnswer id="1" question_id="0">
                <speaker id="1" position="Chairman &amp; CEO">Charles W. Scharf<text>Yes. I think -- I don't think we want to give you a number for the full year. Otherwise, we would have. But I think the way you're thinking about it is right, which is the benefits that we will get on the severance actions that we've taken this quarter will really start second quarter and then in the second half of the year. And so there'll be more benefits in that period of time. So overall, again, I think the words are the words that we intended to use. It's obviously early, but I think the point we want to make sure you understand is -- number one, is we're highly, highly focused on driving efficiency inside the company. We think that -- and I described this before, that when we -- when you take actions, the next set of actions become even clearer. And so that is something that, in our business, we're going to continue to do. And we're going to do it at the same time that we are going to increase the spend where we need to expend it. So all in all, we feel very good about our ability to really control expenses while investing where we think we need to next year.<sentiment>neutral</sentiment><pos>0.2083</pos><neg>0.0166</neg><neutr>0.7751</neutr><emotion>curiosity</emotion></text>
                    </speaker>
                </followAnswer>
            <followQuestion id="2" question_id="0">
                <speaker id="12" position="Jefferies LLC, Research Division">Kenneth Michael Usdin<text>Okay. And then just to clarify, when you -- do you expect like the gap between your GAAP expenses and adjusted expenses to narrow? Like do you expect as many of these noncore notable items as you go forward? Are we going to see like these big severance things every quarter? I guess that's the question.<sentiment>neutral</sentiment><pos>0.072</pos><neg>0.177</neg><neutr>0.751</neutr><emotion>doubtful, curiosity, skepticism</emotion></text>
                    </speaker>
                </followQuestion>
            <followAnswer id="2" question_id="0">
                <speaker id="1" position="Chairman &amp; CEO">Charles W. Scharf<text>Yes. No, listen, certainly, we hope not. I mean, at some -- these things, at some point, has to become just part of what we do as we rightsize the employee base. I mentioned on the last quarter call that we were taking a step back and really thinking about how the company was organized. I talked about the spans and the layers and the managers that have very few direct reports. That was a very specific initiative that we looked at across the entire company. I think what we would hope is, as we go forward, it becomes more ordinary course as managers manage based upon attrition and things like that, and hopefully, these things do go away.<sentiment>neutral</sentiment><pos>0.0505</pos><neg>0.0729</neg><neutr>0.8766</neutr><emotion>confidence, optimism</emotion></text>
                    </speaker>
                </followAnswer>
            <transition>
                <speaker id="0" position="Operator">Operator<text>Our next question comes from the line of Michael Carrier with Bank of America.<sentiment>neutral</sentiment><pos>0.0328</pos><neg>0.0259</neg><neutr>0.9413</neutr><emotion>doubtful, curiosity, skepticism</emotion></text>
                    </speaker>
                </transition>
            <question id="1">
                <speaker id="13" position="BofA Merrill Lynch, Research Division">Michael Roger Carrier<text>First question, some of the investments that you have been making and both your comments just on the focus on organic growth. Just wanted to get an update on maybe where you're seeing some of the earlier traction and what we should be focused on as we move through '19 and '20 to see some of the kind of the realizations.<sentiment>neutral</sentiment><pos>0.0731</pos><neg>0.0188</neg><neutr>0.9081</neutr><emotion>confidence, optimism, doubtful, curiosity, skepticism</emotion></text>
                    </speaker>
                </question>
            <answer id="1">
                <speaker id="1" position="Chairman &amp; CEO">Charles W. Scharf<text>Yes. This is Charlie. Thanks for the question. Why don't I start, and then Mike will comment along the way. I guess, listen, as you said, we've talked about the fact that given the nature of what our business is, it does take time. Having said that, there are some businesses that are further along and we see a clear path towards increasing the rate of revenue growth. Others is still evolving. 
Let me start with Pershing as an example. In the world in which Pershing operates, we've talked about the opportunity to expand our offerings and grow in the RIA categorically. Historically, we've been very, very strong in the broker-dealer category. So that's still a significant opportunity that we see. And just, I guess, more generically, there are more banks than broker-dealers that are looking at us for outsourcing. And I just -- when you just think about the increasing technology needs, the increasing complexity of what's required, other priorities they have, they're looking to us to figure out how to help them both wind up with a better product but also allow them to focus on what they can actually create value in. Today, we mentioned that in our remarks, that Pershing revenue declined 2% year-over-year even though it was flat year-to-year. Big portion of that is driven downward by these 2 clients that we've mentioned. Excluding that, we were up 4%. And I think the most important thing beyond that, which we've mentioned, is we have a very significant pipeline of signed business within Pershing where we're actually spending the money today to onboard those clients. As I mentioned in my remarks, that will start to happen in the second quarter of '19 and into 2020. But the pipeline as we see it -- I asked the question and it's hard to get the exact answer because of the size of the pipeline. But it's as big, if not -- it's bigger than any pipeline we've had in at least 5 years and probably more than that. And the wins and the opportunities are in the U.S., and then they're in Europe as well. And in Europe specifically, we see continued opportunities as the Wealth Management market here develops. So it's a lot on Pershing, but we feel really good about it because of what we actually see in the pipeline even though we've got to wait a little bit to see it in the revenue line. But longer term, Pershing is a -- it's a hugely important platform for us to participate in the growth in Wealth Management in the U.S. and in Europe. 
In addition to that, our own Wealth Management business, I've spoken about. This one's early on. Catherine Keating just joined us in the third quarter. She's working on developing exactly what the plans are, and she's starting to move towards implementation of what those are. It's product. It's banking infrastructure. It's sales products. It's incentives. And so that's not something we would expect to see in the next couple of quarters. But just given what we know we've done there, we've -- as I said, we've been a consistent performer, but we have more and should be able to grow faster than we're growing. 
Mike, maybe you want to talk a little about Treasury Services and Clearance and Collateral Management.<sentiment>neutral</sentiment><pos>0.4141</pos><neg>0.0196</neg><neutr>0.5664</neutr><emotion>optimism</emotion></text>
                    </speaker>
                </answer>
            <answer id="1">
                <speaker id="2" position="Chief Financial Officer">Michael P. Santomassimo<text>Yes, Mike. Maybe I'll start with clearance and collateral first. So when you look at that business, obviously, one of the big drivers of it is the business we're bringing in from the other competitor around the government clearing business. And when you look at the tri-party balance growth of 22%, about 2/3 of it's from those clients coming in from JPMorgan. About 1/3 of it is actually other new activity happening, both new clients and activity from our existing clients. And you're seeing good traction in products like our margin segregation product, where market participants now need to hold segregated margin balances with providers like us. And that was a business that was 0 just a couple of years ago. And we're seeing good traction, and that's contributing to sort of the growth in the collateral balances you see there. And there's a whole set of another initiatives that sort of underlies that business. And as we sort of bring in these government clearing clients, I think they're finding that our capabilities are a bit differentiated in the collateral space than what they saw. And are -- the conversations are happening -- are getting better and better and sort of happening real time here, and more people are interested in our collateral optimization service and the whole series of things that we've been trying to do there. 
On Treasury Services, again, this is another business where we brought in a new CEO just in the summer. And what Paul Camp has been working on is helping reposition sort of the way people think about us. Historically, we've positioned ourselves as more of a receivables bank, i.e., like we'll collect your payments, a collections bank versus a payments bank. And when you start focusing more on the payments piece, that's what brings liquidity balances and a broader set of dialogue that we can have with these clients. So we've changed our -- we've changed the leadership and focus of our sales team. We've changed the incentives. We have underneath it -- you can't see it from the disclosures, but underneath that, the Treasury Services deposits are growing just over 10% just from the third quarter. So when you look at third quarter to fourth quarter, they're up about 10%. And so you're seeing sort of the traction real time. And if I just use sort of one example, I'm not going to give you the client name, but when you look at -- there's an international development bank that we've been working with for a number of years in a very small way with Treasury Services. We have a strong relationship across the company with them, and we've been working to improve a couple -- very minor changes to some products that we have that opens up a wallet of billions of dollars of deposit balances that we have -- we're mandated on now and are sort of in the process of coming through. So you're seeing good traction in really all of these businesses that I think builds up over time to show sort of that organic growth story. 
I don't know, Charlie, you want to talk about Asset Servicing?<sentiment>neutral</sentiment><pos>0.1414</pos><neg>0.0263</neg><neutr>0.8323</neutr><emotion>curiosity</emotion></text>
                    </speaker>
                </answer>
            <answer id="1">
                <speaker id="1" position="Chairman &amp; CEO">Charles W. Scharf<text>Yes. Maybe I'll just -- I know this is a long answer, but obviously, this is extraordinarily important. Asset Servicing, hugely important part of the business. We -- our belief is we have real differentiation here. We have a data platform. We are willing to work openly with front-end providers, and we're working towards more tight integration to the benefit of our clients. And we're continuing to improve the infrastructure and the quality of what we do, which isn't a sexy thing to talk about, but in what we do, it really does matter. And so this is a -- this is more of a long-term build because of the nature of what these relationships are, how long the sales cycle is. But there's progress in what we're doing. This quarter, we brought in $100 billion of fund administration from just one client specifically, $400 billion of new custody, ETFs and mutual funds from a provider. So we have plenty of examples of places they're winning, but this will be a slower build because -- from where we're starting from, from what we've seen in Pershing and some of these other businesses. So why don't I stop there.<sentiment>neutral</sentiment><pos>0.3065</pos><neg>0.0139</neg><neutr>0.6796</neutr><emotion>confidence, optimism</emotion></text>
                    </speaker>
                </answer>
            <followQuestion id="0" question_id="1">
                <speaker id="13" position="BofA Merrill Lynch, Research Division">Michael Roger Carrier<text>Okay. And then, Mike, just a quick one on capital. Just given the decline in the ratios with the buybacks and then what you mentioned on the balance sheet, how should we be thinking about managing that going forward just through the regulatory process and then just some of the opportunities that you're seeing?<sentiment>neutral</sentiment><pos>0.0986</pos><neg>0.0437</neg><neutr>0.8577</neutr><emotion>confidence, optimism, negative surprise</emotion></text>
                    </speaker>
                </followQuestion>
            <followAnswer id="0" question_id="1">
                <speaker id="2" position="Chief Financial Officer">Michael P. Santomassimo<text>Yes. I mean, obviously, Mike, between now and the second quarter of 2019, our remaining buybacks are already sort of defined based on what got approved in CCAR last year. So that should be pretty easy to sort of think about for the first half of the year. And as we look to CCAR 2018 -- or 2019, sorry, a lot of the work that we put into getting the incremental $800 million -- $830 million approved sort of flows right into sort of the modeling that we'll do as part of that process. That process kicks off sort of as we speak. And so over the next couple of weeks, I think we'll all have a better sense of sort of the inputs that go into that.<sentiment>neutral</sentiment><pos>0.0716</pos><neg>0.0242</neg><neutr>0.9042</neutr><emotion>neutral</emotion></text>
                    </speaker>
                </followAnswer>
            <transition>
                <speaker id="0" position="Operator">Operator<text>Our next question comes from the line of Brian Bedell with Deutsche Bank.<sentiment>neutral</sentiment><pos>0.0346</pos><neg>0.0302</neg><neutr>0.9352</neutr><emotion>doubtful, curiosity, skepticism</emotion></text>
                    </speaker>
                </transition>
            <question id="2">
                <speaker id="7" position="Deutsche Bank AG, Research Division">Brian Bertram Bedell<text>Maybe just a follow-on on the organic growth. Thanks, you guys, you covered a lot of that. A couple of additional questions. In terms of the market conditions, obviously, they're challenging right now, but how would you expect volatility to help your overall revenue, including on the organic growth side? If we have a situation in 2019 where we have choppy markets, maybe flat but much more volatile, can you talk about the potential benefit for both the collateral management business that you referred to, Mike, and FX and other trading? And then also, just quickly on the lag between expenses on the onboarding for Pershing versus clocking that revenue in.<sentiment>neutral</sentiment><pos>0.165</pos><neg>0.0253</neg><neutr>0.8097</neutr><emotion>curiosity</emotion></text>
                    </speaker>
                </question>
            <answer id="2">
                <speaker id="2" position="Chief Financial Officer">Michael P. Santomassimo<text>Yes. I mean, look, the expenses, as we -- I'll start the last piece first. So in Pershing, as we said, most of the expenses that we're incurring to onboard that business are being spent as we speak. And so the profile of the Pershing expense base is an expected change substantially in 2019. And as Charlie mentioned, that revenue will start to kick in, in the second half of '19 and more substantially in the first part of 2020, so you'll sort of see it come in that trajectory. 
As you sort of think about volatility, for us and so -- if I sort of tick through each of the businesses just to give you a sense of where we see it. So in Pershing, the -- we do see increased transaction volumes at times during periods of volatility. Having said that, much of the accounts that -- sort of that are underpinned. Our book of business there are managed accounts. So they're not -- we're not in a -- we're not necessarily supporting sort of retail -- self-directed retail brokerage-type clients. And so you won't necessarily see the peaks and valleys of transaction activity as sort of volatility spikes up and down, but you will see that sort of positively impacted. And as you look back over the last few months, transaction volumes were up a little, but they weren't outsized in sort of any way in that business. 
And then in Asset Servicing is where you'll -- you may see some of it as well. And so that -- we give you disclosures around our foreign exchange revenue. So obviously, if the volatility picks up in that -- in foreign exchange, you'll see that come through the revenue line. And then the volumes that we see will be dependent upon underlying client activity. And then in the core Asset Servicing business, think of the -- that revenue as -- probably about 1/3 of it is sort of transaction-driven revenue. And so that piece of it will move up and down based on what you see in the market. But keep in mind that, as I said in my remarks, about 1/3 of our assets under custody are equities. So just because you see big spikes and valleys in sort of the equity markets and volatility there, it doesn't necessarily mean that's going to translate into huge, huge upticks in sort of transaction-related revenue.<sentiment>neutral</sentiment><pos>0.0817</pos><neg>0.0712</neg><neutr>0.8471</neutr><emotion>optimism, frustration, concern, confusion, doubtful, negative surprise, curiosity, skepticism</emotion></text>
                    </speaker>
                </answer>
            <answer id="2">
                <speaker id="1" position="Chairman &amp; CEO">Charles W. Scharf<text>And this is Charlie. Just I want to add one quick thing, which is and all that's very -- that's kind of what should drive some of these stats more mathematically. But to state the obvious, which is the reasons behind the volatility really matter to us. There's good volatility and there's less good volatility. What we've seen this quarter is the bad kind of volatility, which drives assets away from the businesses that we benefit from. And so the why will really matter to us as we look out over the next year.<sentiment>neutral</sentiment><pos>0.0554</pos><neg>0.1467</neg><neutr>0.7978</neutr><emotion>frustration, concern, confusion, doubtful, negative surprise, curiosity, skepticism</emotion></text>
                    </speaker>
                </answer>
            <followQuestion id="0" question_id="2">
                <speaker id="7" position="Deutsche Bank AG, Research Division">Brian Bertram Bedell<text>Right. That makes sense. Maybe just a follow-on on the expenses. Charlie, if you can talk a little bit about -- a little bit more about the nature of some of the investments that are now in the run rate. Maybe just highlight a couple -- 2 or 3 of the most major ones. And then just from that, your discussion of the expense rate, expense base not significantly going up, is that an assumption on the markets remaining flat and say the set on hold or the markets improving? And then maybe just which management layer or areas were most restructured in terms of the businesses?<sentiment>neutral</sentiment><pos>0.0565</pos><neg>0.0369</neg><neutr>0.9065</neutr><emotion>confidence, optimism</emotion></text>
                    </speaker>
                </followQuestion>
            <followAnswer id="0" question_id="2">
                <speaker id="1" position="Chairman &amp; CEO">Charles W. Scharf<text>So let me try and remember all 3, and I'll do them backwards. On the third one, it was across the entire company. As I said before, we really looked at spans, layers and the series of things like that across the entire entity, from the staff areas to Investment Services to our Investment Management businesses. And so I think it's very consistent. In addition, ongoing efficiencies through our operations areas on top of that are things that we've seen and then just tactically, some spots in different places. But overall, I would say it was pretty consistent. 
On the second question about expenses relative to the environment, I would characterize it as we're thinking about what the right level for us to invest in. And so I think with a cautious eye towards next year, that's where we plan for. To the extent that the environment gets even worse, we always have levers we could pull if we thought things were going to really get bad and actually stay there for a period of time. And maybe spend a little bit more if all of a sudden the world changed very dramatically. But I don't want to overstate either of those 2 cases up or down. I think where we're planning for is where we feel the right level of spend for us is within a reasonable range of outcomes for next year. And I'm sorry, the first -- ask the first one again.<sentiment>neutral</sentiment><pos>0.0982</pos><neg>0.0424</neg><neutr>0.8594</neutr><emotion>frustration, concern, confusion, doubtful, negative surprise, curiosity, skepticism</emotion></text>
                    </speaker>
                </followAnswer>
            <followQuestion id="1" question_id="2">
                <speaker id="7" position="Deutsche Bank AG, Research Division">Brian Bertram Bedell<text>The first one was just -- yes, the first one was just maybe a couple of examples of the investments that you made most recently, in which areas -- technology investments, I'm sorry.<sentiment>neutral</sentiment><pos>0.0482</pos><neg>0.044</neg><neutr>0.9078</neutr><emotion>neutral</emotion></text>
                    </speaker>
                </followQuestion>
            <followAnswer id="1" question_id="2">
                <speaker id="1" position="Chairman &amp; CEO">Charles W. Scharf<text>Sure. So first of all, Mike's referenced and I referenced the work that's ongoing in Pershing to onboard these clients. A lot of the work to bring on these clients isn't just bringing -- I mean, it takes a long time because you have to build a set of capabilities, and you build the set of capabilities that you can then scale and provide to others. So there's a significant amount of technology work that has to go into bringing on those Pershing clients, and that's embedded in the overall spend numbers that we talk about. We've talked about in the Corporate Trust business how we continue to build out our technology platform for things other than just pure traditional products. That's embedded in this spend. So we think about Asset Servicing, we're highly focused on automation. We're highly focused on figuring out how to continue to build our data infrastructure. So I think those are just some examples.<sentiment>neutral</sentiment><pos>0.0784</pos><neg>0.0203</neg><neutr>0.9013</neutr><emotion>confidence, optimism</emotion></text>
                    </speaker>
                </followAnswer>
            <transition>
                <speaker id="0" position="Operator">Operator<text>Our next question comes from the line of Brennan Hawken with UBS.<sentiment>neutral</sentiment><pos>0.0311</pos><neg>0.0338</neg><neutr>0.9351</neutr><emotion>doubtful, curiosity, skepticism</emotion></text>
                    </speaker>
                </transition>
            <question id="3">
                <speaker id="6" position="UBS Investment Bank, Research Division">Brennan Hawken<text>I'm sorry, Charlie, were you in the middle of saying something?<sentiment>negative</sentiment><pos>0.0295</pos><neg>0.625</neg><neutr>0.3455</neutr><emotion>frustration, concern, doubtful, negative surprise, skepticism</emotion></text>
                    </speaker>
                </question>
            <answer id="3">
                <speaker id="1" position="Chairman &amp; CEO">Charles W. Scharf<text>Yes. No, the only thing I just -- in my mind, I'm just thinking I think we -- one area that we haven't mentioned is our markets business. Since we think about where we would make investments, we've talked about this in the past. We've talked about the progress that we've made. You've seen it in the numbers. You see -- we've talked about some of the new products that we've offered, and a lot of what's happening there is really based upon technology spend.<sentiment>neutral</sentiment><pos>0.066</pos><neg>0.0221</neg><neutr>0.9119</neutr><emotion>neutral</emotion></text>
                    </speaker>
                </answer>
            <followQuestion id="0" question_id="3">
                <speaker id="6" position="UBS Investment Bank, Research Division">Brennan Hawken<text>Okay. Curious about deposit trends. So I think, Mike, you had commented that you guys see them as consistent quarter-to-date with what you saw in the fourth quarter. But deposit trends were a little mixed under the surface, and you excluded the wholesale or the CD prices from your deposit betas. So I'm curious. When you comment on deposits, are you talking about the total interest-bearing deposit balance that on average was $161.7 million? Or are you talking about the deposits excluding the CDs? And how should we think about that CD growth? It's really picked up. The growth in CDs has picked up pretty substantially here the last few quarters, how are you thinking that -- about that into next year?<sentiment>neutral</sentiment><pos>0.1068</pos><neg>0.0655</neg><neutr>0.8277</neutr><emotion>curiosity</emotion></text>
                    </speaker>
                </followQuestion>
            <followAnswer id="0" question_id="3">
                <speaker id="2" position="Chief Financial Officer">Michael P. Santomassimo<text>Yes. What I -- my remarks were in total, Brennan. Thanks for the question to clarify that. And the reason why I think you sort of need to look through the -- look through into sort of what's happening with your client deposits, obviously, wholesale funding is more index-based pricing for the most part. And so you really want to try to understand what's happening with your clients in those conversations. That's why we're trying to give you that color. I think as you sort of think about the wholesale funding, I don't see it moving in any substantial way from current levels.<sentiment>neutral</sentiment><pos>0.0869</pos><neg>0.0369</neg><neutr>0.8762</neutr><emotion>doubtful, curiosity, skepticism</emotion></text>
                    </speaker>
                </followAnswer>
            <followQuestion id="1" question_id="3">
                <speaker id="6" position="UBS Investment Bank, Research Division">Brennan Hawken<text>Okay. All right, great. And then to the second question on Issuer Services. You guys provided some color in the commentary on the fact that there were some elevated activities, Depositary Receipts, LatAm. Kind of curious about how sustainable you would see this activity level. Was this corporate action activity impacted by maybe the volatile markets that we saw in the quarter? Or it was also quite a quarter for M&amp;A closing activity. Did that come into play into that line as well?<sentiment>neutral</sentiment><pos>0.0708</pos><neg>0.04</neg><neutr>0.8891</neutr><emotion>frustration, concern, confusion, doubtful, negative surprise, curiosity, skepticism</emotion></text>
                    </speaker>
                </followQuestion>
            <followAnswer id="1" question_id="3">
                <speaker id="1" position="Chairman &amp; CEO">Charles W. Scharf<text>Yes. So M&amp;A closing activity, no; volatility, a little bit, I guess, I would say. And I think -- relative to the question of sustainability, I guess the way to think about it is -- and we've talked about this, which is within Issuer Services, that's Corporate Trust and DR. Corporate Trust, we are seeing revenue growth. It's not huge but it is growing. And based on the actions that we've taken, hopefully, that will continue. It's -- that is deal by deal. And we feel better about our calling efforts. We feel better about the capabilities that we continue to build. So hopefully, that growth will continue. Within DRs, you know this and we've said this, is -- quarter by quarter can be very volatile, can be very, very seasonable. And if you look at our yearly performance from I think it's '17 to '18, while the quarters matter a lot, overall, when you look at the full year, relatively -- I don't remember exactly, but relatively flat. When we look at 2017 to 2018, same thing is true, albeit, within the fourth quarter, we had strong performance. And part of that, by the way, is driven by, in the fourth quarter of the prior year, we actually had a very weak DR quarter. So that's a long way of saying that as we look forward, we would think that the full year performance is sustainable, albeit it's going to be volatile quarter-to-quarter.<sentiment>neutral</sentiment><pos>0.3464</pos><neg>0.0809</neg><neutr>0.5727</neutr><emotion>optimism</emotion></text>
                    </speaker>
                </followAnswer>
            <followQuestion id="2" question_id="3">
                <speaker id="6" position="UBS Investment Bank, Research Division">Brennan Hawken<text>That's really fair. Just, I'm sorry, one follow-up on your comment on Corporate Trust. How much has the CLO trustee business helped in some of that Corporate Trust growth recently? Could you walk through a little bit about how sustainable you think that growth might be?<sentiment>neutral</sentiment><pos>0.1618</pos><neg>0.012</neg><neutr>0.8262</neutr><emotion>curiosity</emotion></text>
                    </speaker>
                </followQuestion>
            <followAnswer id="2" question_id="3">
                <speaker id="2" position="Chief Financial Officer">Michael P. Santomassimo<text>Yes. Look, Brennan, underneath -- we don't disclose the components of Corporate Trust, as you know. But the CLO business has been an area of strength for us this year, where we have picked up market share. And so it has been a contributor to that underlying growth. And we've been talking consistently now for the last year or so where we've been making some investments in some of the underlying technology for -- to better support that business, and we're seeing the benefits of that come through, through some of the market share that we've been picking up this year. And so that has been a contributor.<sentiment>positive</sentiment><pos>0.6346</pos><neg>0.0194</neg><neutr>0.346</neutr><emotion>confidence, excitement, optimism, positive surprise</emotion></text>
                    </speaker>
                </followAnswer>
            <transition>
                <speaker id="0" position="Operator">Operator<text>We'll next go to the line of Alex Blostein with Goldman Sachs.<sentiment>neutral</sentiment><pos>0.0352</pos><neg>0.0208</neg><neutr>0.944</neutr><emotion>neutral</emotion></text>
                    </speaker>
                </transition>
            <question id="4">
                <speaker id="4" position="Goldman Sachs Group Inc., Research Division">Alexander Blostein<text>First question just around the expense trends. I think in the beginning of the year last year, you guys talked about reinvesting the majority of the tax savings, which I think was in the kind of $250 million to $300 million range. Charlie, I think you mentioned $100 million in tech spend this year. So did the investment pace change or some of that is just kind of slipping into next year?<sentiment>neutral</sentiment><pos>0.0571</pos><neg>0.0594</neg><neutr>0.8835</neutr><emotion>doubtful, curiosity, skepticism</emotion></text>
                    </speaker>
                </question>
            <answer id="4">
                <speaker id="2" position="Chief Financial Officer">Michael P. Santomassimo<text>Maybe just to correct that. So I think what Charlie was referring to was the quarter. So if you look at the spend on a full year basis for '18, then we spent probably just over $300 million.<sentiment>neutral</sentiment><pos>0.0684</pos><neg>0.0756</neg><neutr>0.8559</neutr><emotion>neutral</emotion></text>
                    </speaker>
                </answer>
            <followQuestion id="0" question_id="4">
                <speaker id="4" position="Goldman Sachs Group Inc., Research Division">Alexander Blostein<text>Got it. So that's all in the run rate?<sentiment>neutral</sentiment><pos>0.0338</pos><neg>0.0406</neg><neutr>0.9256</neutr><emotion>acknowledgement</emotion></text>
                    </speaker>
                </followQuestion>
            <followAnswer id="0" question_id="4">
                <speaker id="2" position="Chief Financial Officer">Michael P. Santomassimo<text>Yes.<sentiment>neutral</sentiment><pos>0.1082</pos><neg>0.0226</neg><neutr>0.8692</neutr><emotion>acknowledgement</emotion></text>
                    </speaker>
                </followAnswer>
            <answer id="4">
                <speaker id="1" position="Chairman &amp; CEO">Charles W. Scharf<text>Yes.<sentiment>neutral</sentiment><pos>0.1082</pos><neg>0.0226</neg><neutr>0.8692</neutr><emotion>acknowledgement</emotion></text>
                    </speaker>
                </answer>
            <followQuestion id="1" question_id="4">
                <speaker id="4" position="Goldman Sachs Group Inc., Research Division">Alexander Blostein<text>Got it, understood. And then just digging into the Issuer Services again for a second. If we look at just the fee components, not so excluding the NIR, I think the growth was quite substantial this year. I think 10%-plus. Can you help me understand again kind of sustainability of that growth? Because to your point, I mean, it's a fairly mature business. It's something -- we haven't seen that type of growth from there in quite some time.<sentiment>neutral</sentiment><pos>0.4021</pos><neg>0.0141</neg><neutr>0.5838</neutr><emotion>optimism</emotion></text>
                    </speaker>
                </followQuestion>
            <followAnswer id="1" question_id="4">
                <speaker id="2" position="Chief Financial Officer">Michael P. Santomassimo<text>Yes. The -- as Charlie mentioned, if you sort of unpick both Corporate Trust and DR, Alex, I think the Corporate Trust fee line is a pretty consistent sort of story, right, where you've sort that -- you've seen that sort of tick up sort of gradually over the last number of quarters. And given the trend we're seeing on a full year basis, we're -- we would still expect that to sort of tick up a little bit in 2019. I think in -- the DR revenue, I think, is the place where you've seen a little bit more volatility sort of year-to-year. So in '17 to '18, it was up a little. And our -- and given some of the things that Charlie talked about in terms of some timing of corporate actions that happened, the volatility that we saw that drives transactional volume in some of the different quarters and so as you said, as you -- as we sort of look to 2019, we think that 2018 numbers, plus or minus sort of a little, look like a good way to think about the full year story for next year.<sentiment>neutral</sentiment><pos>0.2436</pos><neg>0.056</neg><neutr>0.7004</neutr><emotion>curiosity</emotion></text>
                    </speaker>
                </followAnswer>
            <transition>
                <speaker id="0" position="Operator">Operator<text>We'll next go to Mike Mayo with Wells Fargo.<sentiment>neutral</sentiment><pos>0.0322</pos><neg>0.0254</neg><neutr>0.9424</neutr><emotion>neutral</emotion></text>
                    </speaker>
                </transition>
            <question id="5">
                <speaker id="34" position="Wells Fargo Securities, LLC, Research Division">Robert Carr Rutschow<text>It's Rob Rutschow for Mike. Just a follow-up on the expenses. You've mentioned, I think, previously that there are 11 layers of management between Charlie and the bottom of the organization. What's the right level? And how long does that take to get there? And then how should we think about that from an expense perspective?<sentiment>neutral</sentiment><pos>0.0359</pos><neg>0.048</neg><neutr>0.9162</neutr><emotion>neutral</emotion></text>
                    </speaker>
                </question>
            <answer id="5">
                <speaker id="1" position="Chairman &amp; CEO">Charles W. Scharf<text>We have eliminated, depending on where you are in the company, call it, 2 to 3 as far as this exercise. And the actions, as we said, a bunch of them have already happened in the month of January. And so over the next couple of months is when we'll actually see the impact get into our run rate.<sentiment>neutral</sentiment><pos>0.0736</pos><neg>0.253</neg><neutr>0.6735</neutr><emotion>confusion</emotion></text>
                    </speaker>
                </answer>
            <followQuestion id="0" question_id="5">
                <speaker id="34" position="Wells Fargo Securities, LLC, Research Division">Robert Carr Rutschow<text>And then I understand that, I guess, severance is kind of a recurring/nonrecurring, but how -- what was that in the quarter? And how should we think about that going forward?<sentiment>neutral</sentiment><pos>0.031</pos><neg>0.1617</neg><neutr>0.8072</neutr><emotion>neutral</emotion></text>
                    </speaker>
                </followQuestion>
            <followAnswer id="0" question_id="5">
                <speaker id="2" position="Chief Financial Officer">Michael P. Santomassimo<text>As I, Rob...<sentiment>neutral</sentiment><pos>0.0558</pos><neg>0.0404</neg><neutr>0.9038</neutr><emotion>neutral</emotion></text>
                    </speaker>
                </followAnswer>
            <answer id="5">
                <speaker id="1" position="Chairman &amp; CEO">Charles W. Scharf<text>I answered the question about -- I answered the question earlier about how to think about it going forward.<sentiment>neutral</sentiment><pos>0.0625</pos><neg>0.037</neg><neutr>0.9006</neutr><emotion>doubtful, curiosity, skepticism</emotion></text>
                    </speaker>
                </answer>
            <answer id="5">
                <speaker id="2" position="Chief Financial Officer">Michael P. Santomassimo<text>Yes. And in my remarks, Rob, I mentioned that severance charge was a little over half of the notable items -- the expense notable items in the quarter.<sentiment>neutral</sentiment><pos>0.0533</pos><neg>0.2494</neg><neutr>0.6973</neutr><emotion>confusion</emotion></text>
                    </speaker>
                </answer>
            <transition>
                <speaker id="0" position="Operator">Operator<text>[Operator Instructions] Our next question comes from the line of Vivek Juneja with JPMorgan.<sentiment>neutral</sentiment><pos>0.0342</pos><neg>0.025</neg><neutr>0.9409</neutr><emotion>doubtful, curiosity, skepticism</emotion></text>
                    </speaker>
                </transition>
            <question id="6">
                <speaker id="16" position="JP Morgan Chase &amp; Co, Research Division">Vivek Juneja<text>It's a day with overlapping calls, so if I've missed some of this, sorry. Severance is over half -- just going through those noncores just so that we can have our numbers correct as we look forward. Charlie, I missed your comment on how to think about it going forward, but I will go back and talk to IR. $16 million in real estate relocation, so is the rest all from higher litigation?<sentiment>neutral</sentiment><pos>0.0379</pos><neg>0.1647</neg><neutr>0.7974</neutr><emotion>negative surprise</emotion></text>
                    </speaker>
                </question>
            <answer id="6">
                <speaker id="2" position="Chief Financial Officer">Michael P. Santomassimo<text>Yes. The 3 components of the notable items, Vivek -- this is Mike -- obviously are the severance, the real estate charges and litigation. Correct.<sentiment>neutral</sentiment><pos>0.0337</pos><neg>0.033</neg><neutr>0.9334</neutr><emotion>neutral</emotion></text>
                    </speaker>
                </answer>
            <followQuestion id="0" question_id="6">
                <speaker id="16" position="JP Morgan Chase &amp; Co, Research Division">Vivek Juneja<text>Okay. So -- okay. And when you're saying a little over half, you're talking 50%, 60%, kind of a little over that -- in that range but not above that?<sentiment>neutral</sentiment><pos>0.0623</pos><neg>0.0335</neg><neutr>0.9042</neutr><emotion>neutral</emotion></text>
                    </speaker>
                </followQuestion>
            <followAnswer id="0" question_id="6">
                <speaker id="2" position="Chief Financial Officer">Michael P. Santomassimo<text>That's a good way to think about it, yes.<sentiment>neutral</sentiment><pos>0.1232</pos><neg>0.0197</neg><neutr>0.8571</neutr><emotion>acknowledgement</emotion></text>
                    </speaker>
                </followAnswer>
            <followQuestion id="1" question_id="6">
                <speaker id="16" position="JP Morgan Chase &amp; Co, Research Division">Vivek Juneja<text>Okay. Sorry, we're just trying to...<sentiment>neutral</sentiment><pos>0.0779</pos><neg>0.3468</neg><neutr>0.5753</neutr><emotion>acknowledgement</emotion></text>
                    </speaker>
                </followQuestion>
            <followAnswer id="1" question_id="6">
                <speaker id="2" position="Chief Financial Officer">Michael P. Santomassimo<text>Yes. We know it's a busy morning. No worries, Vivek.<sentiment>neutral</sentiment><pos>0.1165</pos><neg>0.0288</neg><neutr>0.8547</neutr><emotion>curiosity</emotion></text>
                    </speaker>
                </followAnswer>
            <followQuestion id="2" question_id="6">
                <speaker id="16" position="JP Morgan Chase &amp; Co, Research Division">Vivek Juneja<text>It's an unfortunate morning. I'll just -- I'll let you go. We'll catch up with IR later.<sentiment>neutral</sentiment><pos>0.0409</pos><neg>0.3269</neg><neutr>0.6322</neutr><emotion>confusion</emotion></text>
                    </speaker>
                </followQuestion>
            <followAnswer id="2" question_id="6">
                <speaker id="1" position="Chairman &amp; CEO">Charles W. Scharf<text>Thanks, Vivek.<sentiment>positive</sentiment><pos>0.6786</pos><neg>0.018</neg><neutr>0.3034</neutr><emotion>acknowledgement</emotion></text>
                    </speaker>
                </followAnswer>
            <answer id="6">
                <speaker id="2" position="Chief Financial Officer">Michael P. Santomassimo<text>All right. We're happy to talk later, Vivek, if you want. All right. Thanks, everyone, for -- I think that's the last one, so thanks, everyone, for joining. We appreciate it.<sentiment>neutral</sentiment><pos>0.3612</pos><neg>0.0254</neg><neutr>0.6134</neutr><emotion>neutral</emotion></text>
                    </speaker>
                </answer>
            <answer id="6">
                <speaker id="1" position="Chairman &amp; CEO">Charles W. Scharf<text>Can we just double check with the operator that there are no more?<sentiment>neutral</sentiment><pos>0.031</pos><neg>0.0512</neg><neutr>0.9178</neutr><emotion>neutral</emotion></text>
                    </speaker>
                </answer>
            <transition>
                <speaker id="0" position="Operator">Operator<text>And that's correct. We have no further questions in the queue at this time.<sentiment>neutral</sentiment><pos>0.0358</pos><neg>0.0405</neg><neutr>0.9236</neutr><emotion>doubtful, curiosity, skepticism</emotion></text>
                    </speaker>
                </transition>
            <question id="7">
                <speaker id="2" position="Chief Financial Officer">Michael P. Santomassimo<text>Great. Thank you.<sentiment>positive</sentiment><pos>0.7844</pos><neg>0.0127</neg><neutr>0.2029</neutr><emotion>acknowledgement</emotion></text>
                    </speaker>
                </question>
            <answer id="7">
                <speaker id="1" position="Chairman &amp; CEO">Charles W. Scharf<text>Thank you, everyone.<sentiment>neutral</sentiment><pos>0.1768</pos><neg>0.0204</neg><neutr>0.8027</neutr><emotion>acknowledgement</emotion></text>
                    </speaker>
                </answer>
            <ending>
                <speaker id="0" position="Operator">Operator<text>This concludes today's conference call webcast. A replay of this conference call webcast will be available on the BNY Mellon Investor Relations website at 2 p.m. Eastern Standard time today. Have a good day.<sentiment>neutral</sentiment><pos>0.0476</pos><neg>0.0208</neg><neutr>0.9315</neutr><emotion>neutral</emotion></text>
                    </speaker>
                </ending>
            <ending id="8">
                <speaker id="33" position="Executive VP &amp; Treasurer">Scott Freidenrich<text>Thank you, Darren.<sentiment>neutral</sentiment><pos>0.3625</pos><neg>0.017</neg><neutr>0.6205</neutr><emotion>acknowledgement</emotion></text>
                    </speaker>
                </ending>
            </section>
        </body>
    </Transcript>