<?xml version='1.0' encoding='utf-8'?>
<Transcript>
    <header>
        <company>Northern Trust Corporation NasdaqGS:NTRS</company>
        <quarter>Q4</quarter>
        <year>2023</year>
        <time>Thursday, January 18, 2024 2:00 PM GMT</time>
        <currency>Currency: USD</currency>
        <note>Consensus as of  Jan-11-2024 12:00 AM GMT</note>
        <ticker>NTRS</ticker>
        <open_price>84.215678</open_price>
        <close_price>80.163422</close_price>
        <high_price>84.215678</high_price>
        <low_price>79.073566</low_price>
        <stock_performance>decreased</stock_performance>
        </header>
    <body>
        <section name="Financial Tables">
            <table id="0" name="Earnings Estimates Comparison Table">
                <timePeriods>
                    <period name="FQ4 2023" />
                    <period name="FQ1 2024" />
                    <period name="FY 2023" />
                    </timePeriods>
                <metrics>
                    <metric name="EPS Normalized">
                        <value period="-FQ4 2023-" type="CONSENSUS">1.10</value>
                        <value period="-FQ1 2024-" type="ACTUAL">1.46</value>
                        <value period="-FY 2023-" type="SURPRISE">32.73</value>
                        </metric>
                    <metric name="Revenue  (mm)">
                        <value period="-FQ4 2023-" type="CONSENSUS">1686.36</value>
                        <value period="-FQ1 2024-" type="ACTUAL">1563.30</value>
                        <value period="-FY 2023-" type="SURPRISE">(7.30 %)</value>
                        </metric>
                    </metrics>
                </table>
            <table id="1" name="EPS Normalized Comparison Table">
                <timePeriods>
                    <period name="FQ1 2023" />
                    <period name="FQ2 2023" />
                    <period name="FQ3 2023" />
                    <period name="FQ4 2023" />
                    </timePeriods>
                <metrics>
                    <metric name="EPS Normalized">
                        <value period="FQ1 2023" type="CONSENSUS">1.52</value>
                        <value period="FQ2 2023" type="CONSENSUS">1.64</value>
                        <value period="FQ3 2023" type="CONSENSUS">1.50</value>
                        <value period="FQ4 2023" type="CONSENSUS">1.10</value>
                        </metric>
                    </metrics>
                </table>
            </section>
        <section name="Call Participants">
            <person company="Northern Trust Corporation NasdaqGS:NTRS" position="Executive VP &amp; CFO" group="EXECUTIVES" id="39">Jason Jerrome Tyler</person>
            <person company="Northern Trust Corporation NasdaqGS:NTRS" position="Senior VP &amp; Director of Investor Relations" group="EXECUTIVES" id="43">Jennifer Childe</person>
            <person company="Northern Trust Corporation NasdaqGS:NTRS" position="Chairman &amp; CEO" group="EXECUTIVES" id="40">Michael Gerard O’Grady</person>
            <person company="Goldman Sachs Group, Inc." group="ANALYSTS" id="4">Alexander Blostein</person>
            <person company="UBS Investment Bank" group="ANALYSTS" id="6">Brennan Hawken</person>
            <person company="Deutsche Bank AG" group="ANALYSTS" id="7">Brian Bertram Bedell</person>
            <person company="Evercore ISI Institutional Equities" group="ANALYSTS" id="11">Glenn Paul Schorr</person>
            <person company="Seaport Research Partners" group="ANALYSTS" id="31">James Francis Mitchell</person>
            <person company="Keefe, Bruyette, &amp; Woods, Inc." group="ANALYSTS" id="25">Michael C. Brown</person>
            <person company="Wells Fargo Securities, LLC" group="ANALYSTS" id="34">Robert Carr Rutschow</person>
            <person company="Autonomous Research US LP" group="ANALYSTS" id="22">Robert Henry Wildhack</person>
            <person company="Morgan Stanley" group="ANALYSTS" id="26">Ryan Michael Kenny</person>
            <person company="Wolfe Research, LLC" group="ANALYSTS" id="27">Steven Joseph Chubak</person>
            </section>
        <section name="Presentation ">
            <statement>
                <speaker id="0" position="Operator">Operator<text>Good day and welcome to the Northern Trust Corporation Fourth Quarter 2023 Earnings Conference Call. Today's conference is being recorded. At this time, I would like to turn the conference over to Jennifer Childe, Director of Investor Relations. Please go ahead.<sentiment>neutral</sentiment><analysis>Overall sentiment is neutral. 0 sentences are positive (0.00%). 0 sentences are negative (0.00%). 5 sentences are neutral (100.00%). </analysis></text>
                    </speaker>
                </statement>
            <statement>
                <speaker id="43" position="Senior VP &amp; Director of Investor Relations">Jennifer Childe<text>Thank you, Ruth and good morning, everyone. And welcome to Northern Trust Corporation's Fourth Quarter 2023 Earnings Conference Call. Joining me on our call this morning is Mike O'Grady, our Chairman and CEO; Jason Tyler, our Chief Financial Officer; John Landers, our Controller; and Grace Higgins from our Investor Relations team. 
Our fourth quarter earnings press release and financial trends report are both available on our website at northerntrust.com. Also on our website, you will find our quarterly earnings review presentation, which we will use to guide today's conference call. This January 18 call is being webcast live on northerntrust.com. The only authorized rebroadcast of this call is the replay that will be made available on our website through February 18. 
Northern Trust disclaims any continuing accuracy of the information provided in this call after today. Please refer to our safe harbor statement regarding forward-looking statements on Page 13 of the accompanying presentation, which will apply to our commentary on this call. During today's question-and-answer session, please limit your initial query to 1 question and 1 related follow-up. This will allow us to move through the queue and enable as many people as possible the opportunity to ask questions as time permits. 
Thank you again for joining us today. Let me turn the call over to Mike O'Grady.<sentiment>neutral</sentiment><analysis>Overall sentiment is neutral. 1 sentences are positive (6.25%). 0 sentences are negative (0.00%). 15 sentences are neutral (93.75%). </analysis></text>
                    </speaker>
                </statement>
            <statement>
                <speaker id="40" position="Chairman &amp; CEO">Michael Gerard O’Grady<text>Thank you, Jennifer. Let me join in welcoming you to our fourth quarter 2023 earnings call. Similar to the last few years, 2023 presented a challenging operating environment. We experienced a combination of geopolitical instability, highly visible bank failures and elevated inflation and interest rates. I would like to thank our teams across the company for their tireless efforts to serve our clients under these difficult circumstances. 
Turning to our numbers. Our fourth quarter results capped off a solid year of progress towards driving improved long-term financial performance. On a year-over-year basis, reported fourth quarter revenue was $1.6 billion. Expenses were $1.4 billion and earnings per share were $0.52. Our performance in the quarter included the impact of $261 million in notable items. Adjusting for the notable items in both periods, fourth quarter revenue on a year-over-year basis was flat with trust fees up 5% and expenses up 3%. 
We focused much of our efforts in 2023 on expense control, making various structural and governance changes to enable sustained long-term productivity improvements. Actions included disciplined head count management, vendor consolidation, rationalization of our real estate footprint and process automation. Although we brought our year-over-year expense growth down in each quarter this year, our expense growth in 2023 was still too high relative to our trust fee and revenue growth levels in recent years. As such, lowering the trajectory of our expense growth further remains a top priority this year as well. 
Turning to the businesses. Our organic growth continued to be below historical levels, although we saw improvement throughout the year. Within Wealth Management, for the fourth quarter and the year, solid growth in client advisory fees was largely offset by product level asset outflows. We continue to see ongoing strength in the higher wealth tiers above $50 million in client assets, where our expertise, track record and industry leadership are significant differentiators. 
Our ability to harness the data and analytics from serving the wealthiest people in the world for more than 130 years, coupled with our holistic advice driven culture sets us apart in the marketplace and will continue to be an important driver of our success. 
Drawing from our experience working with some of the most sophisticated families around the globe, next month, the Northern Trust Institute will publish its first book, Secrets of Enterprising Families. The book will provide a window into what works for ultra-high net worth families who have succeeded generation after generation and what doesn't, to help other families gain important insights and unlock value. The book will be launched with a series of client and prospect events around the country, giving us a new channel to establish relationships and develop business. 
Finally, as a testament to our exceptional client service and expertise, in 2023, we were named Best Private Bank for Family Offices in the U.S. and Best Private Bank for Succession Planning in the U.S. by the Financial Times Group. 
Asset servicing generated solid new business growth in both the fourth quarter and full year but this was largely offset by continuing asset outflows at the client level and generally lower transaction volumes and capital markets activities. We performed particularly well with asset owners in the Americas in the fourth quarter. Notable wins included the state of Nebraska Investment Council pension plan and Costco's retirement plan. We were also reappointed as asset servicing provider for the Healthcare of Ontario pension plan. 
Throughout the year, we also generated healthy momentum with asset managers in the U.K. and EMEA regions, where our solutions for alternatives and private credit were particularly well received. We recently finalized terms with one of the world's largest private market firms, which will add significant scale to our alternatives division. This appointment is a testament to our ability to successfully compete for some of the largest and most complex mandates. 
Our Asset Servicing business received numerous awards in 2023 for its innovation and industry leadership, including best outsourcing provider by Waters, European Transfer Agent of the Year and Administrator of the Year by Funds Europe, Best Global Custodian for asset owners by AsianInvestor. 
In Asset Management, following several quarters of client outflows, we generated positive overall inflows in the fourth quarter, including healthy growth in index equity and our fourth consecutive quarter of positive liquidity inflows. We've seen particularly good momentum in our high-yield complex, with 93% of our taxable active funds outperforming their 1-year benchmarks. 
Our alternatives funds have also continued to generate solid growth and remain an important driver of our fee revenue. As a result, our product launches during the year focused largely on alternatives capabilities. 
In closing, we enter 2024 with positive momentum, well positioned to navigate the ongoing macroeconomic and market uncertainty. Our focus is squarely on accelerating profitable organic growth, maintaining our expense discipline and driving greater resiliency and efficiency in our operating model. 
With that, I'll turn it over to Jason to review our financial performance. Jason?<sentiment>positive</sentiment><analysis>Overall sentiment is positive. 26 sentences are positive (53.06%). 6 sentences are negative (12.24%). 17 sentences are neutral (34.69%). The classified negative sentences are: (1) Similar to the last few years, 2023 presented a challenging operating environment. (2) We experienced a combination of geopolitical instability, highly visible bank failures and elevated inflation and interest rates. (3) Our performance in the quarter included the impact of $261 million in notable items. (4) Adjusting for the notable items in both periods, fourth quarter revenue on a year-over-year basis was flat with trust fees up 5% and expenses up 3%. (5) Although we brought our year-over-year expense growth down in each quarter this year, our expense growth in 2023 was still too high relative to our trust fee and revenue growth levels in recent years. (6) Asset servicing generated solid new business growth in both the fourth quarter and full year but this was largely offset by continuing asset outflows at the client level and generally lower transaction volumes and capital markets activities. </analysis></text>
                    </speaker>
                </statement>
            <statement>
                <speaker id="39" position="Executive VP &amp; CFO">Jason Jerrome Tyler<text>Thank you, Mike. Let me join Jennifer and Mike in welcoming you to our fourth quarter 2023 earnings call. Let's dive into the financial results of the quarter, starting on Page 4. This morning, we reported GAAP fourth quarter net income of $113 million. Earnings per share of $0.52 and our return on average common equity was 4%.  As noted on the slide, our reported results included $176 million loss on the sale of securities related to a repositioning of the portfolio that we completed in November. They also included an $85 million FDIC special assessment. Our assets under custody and administration and assets under management were up sharply on both a sequential and year-over-year basis. 
Strong equity and fixed income markets, coupled with favorable currency movements, drove most of the improvement in both periods, offset slightly by asset outflows in both periods. 
Given the intra-period market movements and lag effects of our fee arrangements, markets had an unfavorable impact on sequential trust fee growth and a favorable impact on year-over-year trust fee growth. On a year-over-year basis, currency movements had an approximate 90-basis point favorable impact on revenue growth, largely within our Asset Servicing segment and 110-basis point unfavorable impact on expenses. On a sequential basis, currency impacts were immaterial. 
Excluding notable items in all periods, revenue was flat on both a sequential quarter and year-over-year basis. Expenses were well controlled, up 1.9% sequentially and up 2.6% over the prior year. Trust, investment and other servicing fees totaled $1.1 billion, 2% sequential decrease and a 5% increase compared to last year. All other noninterest income on an FTE basis was down 6% sequentially and down 5% over the prior year. 
Net interest income on an FTE basis was $501 million, up 7% sequentially and down 9% from a year ago. Our provision for credit losses was $11 million in the fourth quarter. Overall, our credit quality remains very strong. Net charge-offs during the quarter were $2 million. Nonperforming loan levels decreased to $64 million from $69 million in the prior period and nonperforming loans as a percentage of total loans remained stable. 
Turning to our Asset Servicing results on Page 5. Assets under custody and administration for asset servicing clients were $14 trillion at quarter end. Asset servicing fees totaled $612 million. Custody and fund administration fees were $420 million. Assets under management for asset servicing clients were $1 trillion.  And asset management fees within Asset Servicing were $131 million. 
Moving to our Wealth Management business on Page 6. Assets under management for our wealth management clients were $423 billion. Assets and trust investment and other servicing fees for wealth management clients were $478 million. 
Moving to Page 7 and our balance sheet and net interest income trends. Our average balance sheet decreased 3% on a linked quarter basis, primarily due to lower borrowing activity. It declined 8% compared to the prior year due to lower client deposits. Average deposits were $102 billion, essentially flat with the prior quarter and meaningfully better than our expectations. We experienced a stronger-than-anticipated increase in deposits late in the quarter, ending the year at $116 billion. 
At quarter end, operational deposits comprised approximately 2/3 of institutional deposits and institutional deposits comprised 75% to 80% of the total mix. Despite significant leverage capacity, we reduced our average borrowings by $4 billion relative to the third quarter or nearly 4%, reducing both our FHLB advances and Fed funds purchased. 
Shifting to the asset side of the balance sheet. $3.2 billion securities repositioning we completed in November, involve the sale of both high-quality liquid assets and non high-quality liquid assets available for sale securities with a weighted average maturity of 2 to 3 years. Earlier this week, we completed another $2.1 billion repositioning, which enhances our flexibility given the dynamic rate environment. We record an associated loss in the first quarter of approximately $200 million. The proceeds of both sales were invested in short floating rate securities, further reducing the duration of the portfolio, which is now 1.8 years. 
Average loan balances were $42 billion, flat both sequentially and relative to the prior year. Our end-of-period loan balances were up $4 billion or 9% over the third quarter, reflecting an increase in overdrafts related to higher levels of year-end trading and settlement activity. Our loans have since returned to $42 billion. The heightened activity at the end of the quarter did not have a material impact on net interest income in either the fourth quarter or first quarter. As a reminder, approximately 75% of the loan portfolio is floating. The total balance sheet duration continues to be less than 1 year. 
Our average liquidity levels remained strong. Cash held at the Federal Reserve and other central banks was down, reflecting the decrease in borrowings. But high-quality liquid assets comprise more than 50% of our deposits and more than 40% of total earning assets on average. Our net interest income in 2024 will continue to be driven largely by client deposit behavior, which has been less predictable given the unique aspects of this rate cycle. We expect the November and January securities repositioning to provide an incremental $30 million in net interest income per quarter in 2024, relative to fourth quarter levels. 
We currently expect first quarter net interest income to be in the range of $480 million to $500 million. This assumes deposits remain stable but deposit pricing continues to be under some pressure with further NIM compression possible as long as quantitative tightening persists and the deposit environment stays highly competitive. 
Turning to Page 8. As reported, noninterest expenses were $1.4 billion in the fourth quarter, up 9% sequentially and up 5% as compared to the prior year. Excluding notable items in both periods, as listed on the slide, expenses in the fourth quarter were up just under 2% sequentially and under 3% year-over-year. I'll touch on just a few highlights. Excluding all notable items, compensation expense was up 2% year-over-year. This reflected the impact from 2023 base pay adjustments partially offset by reductions in incentive compensation and head count actions taken year-to-date. Full time equivalent head count was down 200 or 1% sequentially and down 500 or 2% over the prior year. Excluding notable items in all periods, non-compensation expense was up 3% year-over-year. Equipment and software expense was up 10% year-over-year, largely due to increased amortization expense. Recall that as much as 2/3 of this line item is comprised of depreciation and amortization expense. And finally, we realized 200 basis points of trust fee operating leverage in the quarter. 
Turning to the full year results on Page 9. Trust fees were down 2% in 2023, largely due to asset outflows and weaker transaction volume, partially offset by the elimination of rate-driven fee waivers and new business generation. Excluding the impact of the 2 securities repositionings, other noninterest income was down 9%, reflecting weakness in foreign exchange trading and other capital markets activities. 
Net interest income was up over $100 million or 6%, which largely offset the decline in the other noninterest income categories. This translated to flat total revenue growth. Reported expenses were up 6% for the full year to $5.3 billion. Excluding notable items in both periods, as listed on the slide, expenses were $5.1 billion in 2023, up 4.8%, which compares favorably to 2022.  As we've noticed previously, we expect to bring the expense growth rate down further in 2024. 
We have clear line of sight to 2 key areas of increase, base pay adjustments within compensation expense and depreciation and amortization increases within equipment and software. On a blended rate, we expect to provide base pay adjustments of approximately $65 million in 2024, which will hit our compensation line beginning in the second quarter. This compares to base pay adjustments of $80 million in 2023.  Within equipment and software expense, we expect a $65 million or 10% increase in 2024. Combined, these 2 line items will drive approximately 3% increase in operating expenses above 2023 levels alone. That said, we expect to continue to generate meaningful efficiency gains from our productivity office and have identified further opportunities for improvement. 
As we look out to the first quarter, we expect the following: First quarter compensation expense will include our annual equity incentive payments, including those for retirement-eligible employees, along with modest employee head count growth associated with growth in the underlying businesses. This should translate to a sequential increase of $50 million to $55 million. Employee benefits expense is expected to increase by approximately $10 million due to seasonally higher payroll taxes. 
Turning to Page 10. Our capital levels and regulatory ratios remained strong in the quarter. We continue to operate at levels well above our required regulatory minimums. Our Common Equity Tier 1 ratio under the standardized approach was flat with the prior quarter at 11.4% as capital accretion offset a modest increase in risk-weighted asset levels. This reflects a 440-basis point buffer above our regulatory requirements. Our Tier 1 leverage ratio was 8.1%, up 20 basis points from the prior quarter. At quarter end, our unrealized pretax loss on available-for-sale securities was $924 million. 
We returned over $300 million to common shareholders in the quarter through cash dividends of $156 million and common stock repurchases of $146 million. For the full year, we returned approximately $980 million to common stockholders, including common stock repurchases of approximately $350 million. 
And with that, Ruth, please open the line for questions.<sentiment>neutral</sentiment><analysis>Overall sentiment is neutral. 41 sentences are positive (38.32%). 23 sentences are negative (21.50%). 43 sentences are neutral (40.19%). The classified negative sentences are: (1) As noted on the slide, our reported results included $176 million loss on the sale of securities related to a repositioning of the portfolio that we completed in November. (2) On a year-over-year basis, currency movements had an approximate 90-basis point favorable impact on revenue growth, largely within our Asset Servicing segment and 110-basis point unfavorable impact on expenses. (3) Excluding notable items in all periods, revenue was flat on both a sequential quarter and year-over-year basis. (4) All other noninterest income on an FTE basis was down 6% sequentially and down 5% over the prior year. (5) Net interest income on an FTE basis was $501 million, up 7% sequentially and down 9% from a year ago. (6) Our provision for credit losses was $11 million in the fourth quarter. (7) Nonperforming loan levels decreased to $64 million from $69 million in the prior period and nonperforming loans as a percentage of total loans remained stable. (8) Our average balance sheet decreased 3% on a linked quarter basis, primarily due to lower borrowing activity. (9) It declined 8% compared to the prior year due to lower client deposits. (10) Despite significant leverage capacity, we reduced our average borrowings by $4 billion relative to the third quarter or nearly 4%, reducing both our FHLB advances and Fed funds purchased. (11) We record an associated loss in the first quarter of approximately $200 million. (12) The proceeds of both sales were invested in short floating rate securities, further reducing the duration of the portfolio, which is now 1. (13) Average loan balances were $42 billion, flat both sequentially and relative to the prior year. (14) Cash held at the Federal Reserve and other central banks was down, reflecting the decrease in borrowings. (15) Full time equivalent head count was down 200 or 1% sequentially and down 500 or 2% over the prior year. (16) Trust fees were down 2% in 2023, largely due to asset outflows and weaker transaction volume, partially offset by the elimination of rate-driven fee waivers and new business generation. (17) Excluding the impact of the 2 securities repositionings, other noninterest income was down 9%, reflecting weakness in foreign exchange trading and other capital markets activities. (18) This translated to flat total revenue growth. (19) As we've noticed previously, we expect to bring the expense growth rate down further in 2024. (20) This compares to base pay adjustments of $80 million in 2023. (21) As we look out to the first quarter, we expect the following: First quarter compensation expense will include our annual equity incentive payments, including those for retirement-eligible employees, along with modest employee head count growth associated with growth in the underlying businesses. (22) Our Common Equity Tier 1 ratio under the standardized approach was flat with the prior quarter at 11. (23) At quarter end, our unrealized pretax loss on available-for-sale securities was $924 million. </analysis></text>
                    </speaker>
                </statement>
            </section>
        <section name="Question and Answer">
            <transition>
                <speaker id="0" position="Operator">Operator<text>[Operator Instructions] We'll go first to Glenn Schorr with Evercore.<sentiment>neutral</sentiment><pos>0.0441</pos><neg>0.0173</neg><neutr>0.9386</neutr><emotion>neutral</emotion></text>
                    </speaker>
                </transition>
            <question id="0">
                <speaker id="11" position="Evercore ISI Institutional Equities, Research Division">Glenn Paul Schorr<text>I appreciate all the numbers you helped us with and maybe try to peek a little bit more under the covers. So deposits stable. I heard your thoughts on 1Q NII on the further deposit pricing pressure. So the question is, as we go throughout the year, do you have any window into that stability and deposits sticking around? And then with the combination of 75% floating rate loan book and still pressure on deposits, is it reasonable to assume that NII might go down in second quarter forward before stabilizing later in the year and rising. I know that's a little bit further look into the future but ...<sentiment>negative</sentiment><pos>0.1318</pos><neg>0.6377</neg><neutr>0.2305</neutr><emotion>frustration, doubtful, skepticism</emotion></text>
                    </speaker>
                </question>
            <answer id="0">
                <speaker id="39" position="Executive VP &amp; CFO">Jason Jerrome Tyler<text>Yes. But it's -- I think it's a very reasonable way to frame looking out farther end of the year. And you're right, for us to say full year numbers at this point, it's just too early. But it is good to think about how the assets and liabilities are going to react with looming rate cuts. And I think it's helpful to think back on how the impact to NIM occurred with rates rising initially was very different than what happened eventually when betas were much higher. And I think on the way down, we might have a similar situation where the first cuts may be different than the later ones. 
And 2 things jump out in my mind. One is, we have never tried to be a price setter in deposits. Our goal has always been keep the deposits in the house and we were very aggressive at following what we saw market pricing was. And the second thing is that as we get these initial cuts, we could see the market reacting in a way to keep deposit cost, deposit yields for clients higher to hold on to deposits. And so I think initially might be tougher than what happens eventually. 
Now all that said, the volumes matter a lot. And it's obviously been extremely hard for us to predict where volumes were going to go. And we saw October better than we anticipated. November was better than October. December was better than November. And so volumes are going to be critical in what happens in the first half of the year and it's just super hard to predict.<sentiment>neutral</sentiment><pos>0.1778</pos><neg>0.1737</neg><neutr>0.6485</neutr><emotion>curiosity</emotion></text>
                    </speaker>
                </answer>
            <followQuestion id="0" question_id="0">
                <speaker id="11" position="Evercore ISI Institutional Equities, Research Division">Glenn Paul Schorr<text>I definitely appreciate that. This one might be a little bit easier to follow up, on fee operating leverage. I mean, just by means of pricing alone or the markets alone, the markets had a strong end to the fourth quarter. So your fee run rate should probably be a lot better going into the first quarter. And with your comments on even more sharper discipline on expenses, do you expect to make some meaningful progress early on in the year in this fee-to-expense ratio?<sentiment>positive</sentiment><pos>0.9317</pos><neg>0.016</neg><neutr>0.0524</neutr><emotion>confidence, excitement, optimism, positive surprise</emotion></text>
                    </speaker>
                </followQuestion>
            <followAnswer id="0" question_id="0">
                <speaker id="39" position="Executive VP &amp; CFO">Jason Jerrome Tyler<text>Yes, you're right to call out that there is a lift, the launch point is higher coming into the year. And I don't know if I'd say meaningful but it's definitely higher. And the lag effects will help us as we walk into the year. And so that's the math of it. But then more strategically, we do feel positive about the pipeline in both asset servicing and in wealth management. And underneath both businesses, our Asset Management business is incredibly important. And as Mike mentioned in his commentary, there's some early signs of flows back in and we always think, just as we do in deposits, just keep the money in the house, keep the client assets in the house. But if our Asset Management business does better, then that helps as well. And so I think the strategic component is also -- we're feeling early signs of some positive movement from an organic perspective.<sentiment>positive</sentiment><pos>0.7394</pos><neg>0.0152</neg><neutr>0.2455</neutr><emotion>confidence, excitement, optimism, positive surprise</emotion></text>
                    </speaker>
                </followAnswer>
            <transition>
                <speaker id="0" position="Operator">Operator<text>We'll go next to Steven Chubak with Wolfe Research.<sentiment>neutral</sentiment><pos>0.0306</pos><neg>0.0329</neg><neutr>0.9365</neutr><emotion>neutral</emotion></text>
                    </speaker>
                </transition>
            <question id="1">
                <speaker id="27" position="Wolfe Research, LLC">Steven Joseph Chubak<text>So I was hoping to maybe just unpack like the deposit discussion a bit further. And specifically, just get a sense as to how you're thinking through the impact of ongoing Fed QT. It does feel like a lot of the liquidity in the system has come out of RRP, that's provided a bit of stability or at least has helped drive better deposit resiliency over the last 6 months. But with the RRP expected to be exhausted over the next, call it, 3 to 4 months, just wanted to get a sense, once that happens, how you expect deposit flows to ultimately trend?<sentiment>neutral</sentiment><pos>0.2955</pos><neg>0.0291</neg><neutr>0.6754</neutr><emotion>curiosity</emotion></text>
                    </speaker>
                </question>
            <answer id="1">
                <speaker id="39" position="Executive VP &amp; CFO">Jason Jerrome Tyler<text>Yes, I'll start and Mike may have thoughts too because we talk about this a lot and it's more predictive than it is quantitatively spitting out results, frankly. But you're right that -- my sense is that the RRP program had a really significant impact on deposits. And it was effectively competing with banks for deposits. And now that it's come down, I do think that, that's been a help. 
Now from here is different. And I think -- we have to think about the fact that rate movements are going to also have an impact on how clients think about deposits. And with the deposit costs having gone up so much in the second half of the year and again, that had a big impact on deposit costs and client behavior, we could see that having an impact this year as rates come down. And so I think it's not just the RRP program but how clients think about instead of 5% rates, how they think about 3% rates and comparing that to maybe more of a risk on trade. And so I think we've got to think both about the program and the rate environment.<sentiment>neutral</sentiment><pos>0.1944</pos><neg>0.1537</neg><neutr>0.6519</neutr><emotion>curiosity</emotion></text>
                    </speaker>
                </answer>
            <answer id="1">
                <speaker id="40" position="Chairman &amp; CEO">Michael Gerard O’Grady<text>I would agree with what Jason said there. And just as there was a transition on the way up with QE there's going to be a transition on the way down. Unchartered territory for everyone on QT and how they go about that and when they might stop more aggressively seeing their portfolio come down. So I think the timing of that will matter. And then also, we saw with client behavior that as rates went up, more of the liquidity moved into treasuries.  And that had an impact on us. And as we come down, I think, over time, a lot of the funds that have moved into treasuries, will start to move into other alternatives. And as Jason said, our objective is to work with the clients and really try to meet any of those needs and keep the dollars in the house.<sentiment>neutral</sentiment><pos>0.144</pos><neg>0.0618</neg><neutr>0.7942</neutr><emotion>curiosity</emotion></text>
                    </speaker>
                </answer>
            <followQuestion id="0" question_id="1">
                <speaker id="27" position="Wolfe Research, LLC">Steven Joseph Chubak<text>That's great. And just for my follow-up, the duration on the asset side of the balance sheet admittedly has been a little bit more volatile, especially given some of the repositioning actions you talked about, the asset betas with rate hikes were quite elevated for you guys and some of your trust peers as well. Just wanted to get a sense as to what percentage of the asset side of the balance sheet, if we took a snapshot today, is sensitive to movement in short rates as we do prepare for eventual rate cuts?<sentiment>neutral</sentiment><pos>0.1459</pos><neg>0.0791</neg><neutr>0.775</neutr><emotion>curiosity</emotion></text>
                    </speaker>
                </followQuestion>
            <followAnswer id="0" question_id="1">
                <speaker id="39" position="Executive VP &amp; CFO">Jason Jerrome Tyler<text>We can  do it in 3 buckets. And if you just take cash, obviously, 100% of that; the second, loans in roughly 3 quarters are rate sensitive. And you think about the securities portfolio and I'll give you 2 numbers to play with. One is, the duration is meaningful, it now about 1.8%. But also just the weighted average maturity of the portfolio, I think, is also helpful, which is a little under 4 years.  And we quote this balance -- the duration of the balance sheet, that's just us doing a weighted average across those effectively, just to give a sense of the impact of the large size of the cash component and the large floating component of the loan book.<sentiment>neutral</sentiment><pos>0.0645</pos><neg>0.0259</neg><neutr>0.9096</neutr><emotion>confidence, optimism</emotion></text>
                    </speaker>
                </followAnswer>
            <followQuestion id="1" question_id="1">
                <speaker id="27" position="Wolfe Research, LLC">Steven Joseph Chubak<text>And Jason, can you just clarify what percentage of the securities book today is floating?<sentiment>neutral</sentiment><pos>0.0277</pos><neg>0.0357</neg><neutr>0.9366</neutr><emotion>confidence, optimism, curiosity</emotion></text>
                    </speaker>
                </followQuestion>
            <followAnswer id="1" question_id="1">
                <speaker id="39" position="Executive VP &amp; CFO">Jason Jerrome Tyler<text>Yes, it's about 1/3 of the book is floating.<sentiment>neutral</sentiment><pos>0.0292</pos><neg>0.0359</neg><neutr>0.935</neutr><emotion>acknowledgement</emotion></text>
                    </speaker>
                </followAnswer>
            <transition>
                <speaker id="0" position="Operator">Operator<text>We'll go next to Alex Blostein with Goldman Sachs.<sentiment>neutral</sentiment><pos>0.0309</pos><neg>0.0231</neg><neutr>0.946</neutr><emotion>neutral</emotion></text>
                    </speaker>
                </transition>
            <question id="2">
                <speaker id="4" position="Goldman Sachs Group, Inc., Research Division">Alexander Blostein<text>Just building on Steven's questions for a second. I guess given the fact that rates are expected to come down and you guys have actually been, I guess, shifting the balance sheet to be maybe a little bit more floating for the right reason and obviously been a good trade for NII for last quarter, this quarter. Any expectations to actually start locking in higher yields going forward and maybe extending duration a little bit. I know this is pretty quick, you guys have just kind of gone the other way but the balance sheet effectively became a little more floating as rates are about to come down. So just curious how you're thinking about that.<sentiment>neutral</sentiment><pos>0.1716</pos><neg>0.0768</neg><neutr>0.7516</neutr><emotion>curiosity</emotion></text>
                    </speaker>
                </question>
            <answer id="2">
                <speaker id="39" position="Executive VP &amp; CFO">Jason Jerrome Tyler<text>Yes, it's on our mind a lot and as we're talking about it and we have brought the duration down. And one of the benefit to that is that it does make it just a lot more flexible because the markets have been really dynamic. And so there will come a time when -- I anticipate where we would say it's time to step out a little bit, our bias over the last year has obviously been to go shorter and that's played out. I think rates -- in the way rates have played out, we had a view and not materially but it worked in our favor. But from here, I think we do have to think about -- it's not locking in as much as just taking the downside risk off the table of a dramatic reduction in rates. And so there's some component there that we'd say we can naturally hedge against.<sentiment>neutral</sentiment><pos>0.2618</pos><neg>0.0856</neg><neutr>0.6526</neutr><emotion>curiosity</emotion></text>
                    </speaker>
                </answer>
            <followQuestion id="0" question_id="2">
                <speaker id="4" position="Goldman Sachs Group, Inc., Research Division">Alexander Blostein<text>Got you. Makes sense. I wanted to follow up for my second one just around the expense outlook. '23 was super noisy. There's a bunch of one-timers, obviously. So I just want to clarify a couple of things. So I guess the ultimate message is that 2024 expense growth is expected to be lower than 2023. I think the core expense growth in '23 was about 5%. So I just want to confirm that. And then the core base you're speaking to, is it still kind of $5.1 billion to maybe $5.2 billion in sort of core expense base of which we should think about '24?<sentiment>negative</sentiment><pos>0.0371</pos><neg>0.6035</neg><neutr>0.3593</neutr><emotion>frustration, concern, doubtful, negative surprise, skepticism</emotion></text>
                    </speaker>
                </followQuestion>
            <followAnswer id="0" question_id="2">
                <speaker id="39" position="Executive VP &amp; CFO">Jason Jerrome Tyler<text>So confirm the '23 number we think of is 5%, just a little bit less than that, right at about 4.8%. And we are working from a base in '23 of 5.1%. And probably worthwhile to invest a minute and just explain because you're right, there have been a few things. So if you lock the reported  [ $5.284 billion  ] and then you take out in the year severance-related charges, with 2 occupancy charges that totaled about [ $13 million], there was a client capability write-off, we mentioned in second quarter, $26 million; FDIC special assessment, $85 million. And then there was a small equipment credit of $4 million in the third quarter that was mentioned as well. And the severance-related charge in Q2 was $39 million, just to make sure I give you the numbers on everything. And so let's work -- that tells us we'd work from a base of 5.1%.<sentiment>neutral</sentiment><pos>0.0554</pos><neg>0.2173</neg><neutr>0.7272</neutr><emotion>confusion</emotion></text>
                    </speaker>
                </followAnswer>
            <transition>
                <speaker id="0" position="Operator">Operator<text>We'll go next to Brennan Hawken with UBS.<sentiment>neutral</sentiment><pos>0.0354</pos><neg>0.0203</neg><neutr>0.9443</neutr><emotion>neutral</emotion></text>
                    </speaker>
                </transition>
            <question id="3">
                <speaker id="6" position="UBS Investment Bank, Research Division">Brennan Hawken<text>We'd love to follow up on that last question actually. So thanks for clarifying the base. That's helpful.  #1, just to confirm, you did mention that I think it would be inclusive of adjusting for the write-off of the client capability. Just want to confirm that. And just to clarify the message on the investing, super clear that you're looking to drive expense growth lower than you saw in 2023 but you also laid out an uplift of 3% from base paying software. So does that represent like a floor to growth? Or do you have sufficient levers to offset at least some of that?<sentiment>neutral</sentiment><pos>0.3124</pos><neg>0.1835</neg><neutr>0.5041</neutr><emotion>optimism</emotion></text>
                    </speaker>
                </question>
            <answer id="3">
                <speaker id="39" position="Executive VP &amp; CFO">Jason Jerrome Tyler<text>It's not a floor but it does give you a sense of what's already in the '24 base from which we're working. And -- so we've got to use productivity to get aggressively at that. Some of our productivity work is already reflected in that but we've got to do more this year. And we wanted to be super transparent in the things that we already know that are in the '24 increase so that you guys can predict what that level is.<sentiment>neutral</sentiment><pos>0.1279</pos><neg>0.0199</neg><neutr>0.8522</neutr><emotion>curiosity</emotion></text>
                    </speaker>
                </answer>
            <followQuestion id="0" question_id="3">
                <speaker id="6" position="UBS Investment Bank, Research Division">Brennan Hawken<text>Okay. And is the write-off of the capability that was in other operating expense part of the adjustments too, sorry, if I missed that.<sentiment>negative</sentiment><pos>0.0279</pos><neg>0.6404</neg><neutr>0.3317</neutr><emotion>frustration, doubtful, negative surprise, skepticism</emotion></text>
                    </speaker>
                </followQuestion>
            <followAnswer id="0" question_id="3">
                <speaker id="39" position="Executive VP &amp; CFO">Jason Jerrome Tyler<text>Yes.<sentiment>neutral</sentiment><pos>0.1082</pos><neg>0.0226</neg><neutr>0.8692</neutr><emotion>acknowledgement</emotion></text>
                    </speaker>
                </followAnswer>
            <transition>
                <speaker id="0" position="Operator">Operator<text>Our next question comes from the line of Mike Brown with KBW.<sentiment>neutral</sentiment><pos>0.0356</pos><neg>0.0329</neg><neutr>0.9315</neutr><emotion>doubtful, curiosity, skepticism</emotion></text>
                    </speaker>
                </transition>
            <question id="4">
                <speaker id="25" position="Keefe, Bruyette, &amp; Woods, Inc., Research Division">Michael C. Brown<text>The sequential increase in the noninterest-bearing deposits, that was a positive to see this quarter. Could you just touch on maybe some of the key drivers there? Was this supported by some of the new business activity that you referenced in the prepared remarks. And then I appreciate the comments on the deposits and the potential for the stability here near term. But I guess, focusing on the NIBs, can they stabilize at this level, either in terms of like an absolute dollar basis or as a percentage of the total deposits?<sentiment>positive</sentiment><pos>0.7115</pos><neg>0.0213</neg><neutr>0.2672</neutr><emotion>confidence, excitement, optimism, positive surprise</emotion></text>
                    </speaker>
                </question>
            <answer id="4">
                <speaker id="39" position="Executive VP &amp; CFO">Jason Jerrome Tyler<text>My observation in looking at it is that it's less percentage driven and more what is that base. And the reason I mention it that way is, a lot of that NIB, it comes from one of the channels in our institutional business and it actually performed better than the rest of the institutional business and looking at it over the last few weeks. And so it just tells me that, that client -- that subclient channel behaves on its own. And it looks like that has flattened out somewhat, not necessarily calling it a plateau at this point but it certainly behaved a little bit better than the rest of the institutional book. 
And another component is the wealth book, which -- that deposit base increased in the quarter. It was not dramatically but it was nice to see that up on average. And obviously, we saw, overall the whole deposit book very flat. But nice to see that the wealth book doing well because even though the noninterest-bearing is obviously highly attractive economically, the wealth deposits are very attractive as well, not at zero but they're very attractive. And that component did well in the quarter.<sentiment>positive</sentiment><pos>0.7407</pos><neg>0.116</neg><neutr>0.1433</neutr><emotion>confidence, excitement, optimism, positive surprise</emotion></text>
                    </speaker>
                </answer>
            <followQuestion id="0" question_id="4">
                <speaker id="25" position="Keefe, Bruyette, &amp; Woods, Inc., Research Division">Michael C. Brown<text>Jason, I guess on the servicing side of the business, I was hoping you could maybe just touch on the competitive landscape and the alternative asset side of the business. How do you think about maybe that opportunity for Northern Trust? And how are your -- if you can just talk about your capabilities today and maybe where you're investing to take some share in that space?<sentiment>neutral</sentiment><pos>0.1272</pos><neg>0.0097</neg><neutr>0.8631</neutr><emotion>curiosity</emotion></text>
                    </speaker>
                </followQuestion>
            <followAnswer id="0" question_id="4">
                <speaker id="40" position="Chairman &amp; CEO">Michael Gerard O’Grady<text>Yes, Mike. So I'll address that. We believe that the alternative space or broadly speaking, just private markets is a major opportunity for us on the asset servicing side. And that largely follows with what's happening in the marketplace from an investor perspective. And so we expect that market to grow. And we think we have the value proposition that is compelling within that. 
You heard in my comments earlier that we recently won a very large mandate with one of the large private markets firms. And it was after an exhaustive process that we went through to win that business, very capabilities oriented, very global as to the capabilities necessary and the footprint necessary to do it. So again, it's an area of focus for us and one where we think we're going to be able to continue to grow as the market grows and as we're able to take share.<sentiment>positive</sentiment><pos>0.8658</pos><neg>0.0075</neg><neutr>0.1267</neutr><emotion>confidence, excitement, optimism, positive surprise</emotion></text>
                    </speaker>
                </followAnswer>
            <other id="1" question_id="4">
                <speaker id="25" position="Keefe, Bruyette, &amp; Woods, Inc., Research Division">Michael C. Brown<text>Thanks, Mike. I appreciate the commentary there.<sentiment>neutral</sentiment><pos>0.3908</pos><neg>0.0274</neg><neutr>0.5818</neutr><emotion>acknowledgement</emotion></text>
                    </speaker>
                </other>
            <transition>
                <speaker id="0" position="Operator">Operator<text>We'll go next to Ryan Kenny with Morgan Stanley.<sentiment>neutral</sentiment><pos>0.0332</pos><neg>0.0219</neg><neutr>0.945</neutr><emotion>neutral</emotion></text>
                    </speaker>
                </transition>
            <question id="5">
                <speaker id="26" position="Morgan Stanley, Research Division">Ryan Michael Kenny<text>I have a question on capital. So your CET1 ratio, 11.4%. It's well above the regulatory minimum, well above last year's level. And then we got the comment letter from Basel Endgame a couple of days ago and there's clearly a lot of industry pushback there. Your earnings generation from NII looks a little bit higher than consensus expected. So putting that all together, how should we think about how Northern's approaching buybacks this year, in this quarter. Is there any room to maybe lean in a little bit there?<sentiment>neutral</sentiment><pos>0.3994</pos><neg>0.0244</neg><neutr>0.5761</neutr><emotion>optimism</emotion></text>
                    </speaker>
                </question>
            <answer id="5">
                <speaker id="39" position="Executive VP &amp; CFO">Jason Jerrome Tyler<text>Sure. So you're right in the tee up of the numbers. There's obviously room. We did a fair amount of buybacks in the quarter, a little bit more than we do on average. And we're always looking at that relative to other opportunities we have to invest capital. And so in the near term, we're thinking about, does it make more sense to invest in RWA effectively to say we could grow the loan book more. We could do more in FX. We could do more in  sec lending. Or do we want to reposition the -- take a different repositioning in the securities portfolio? 
The repositionings we did this year were all helpful to capital because in going shorter we -- and out of non-HQLA into HQLA on that, we -- those are all helpful to capital. But you also know how closely we look at peers and we take pride in the capital levels we have. We think it's part of our financial model and our business model and talking to clients and being able to evidence to them how strong the capital base is. And so there's definitely room. 
But we also got to have in mind that Basel Endgame, which you referenced briefly, it's still unclear. We did do a comment letter, which you referenced but it's unclear what the impacts are going to be. We think we're in good position relative to peers but I want to keep an eye on that. But we'll also think about additional stock repurchases as we always do, given alternatives we have.<sentiment>neutral</sentiment><pos>0.2235</pos><neg>0.0123</neg><neutr>0.7642</neutr><emotion>curiosity</emotion></text>
                    </speaker>
                </answer>
            <followQuestion id="0" question_id="5">
                <speaker id="26" position="Morgan Stanley, Research Division">Ryan Michael Kenny<text>Okay. Great. And can you also update us on your expectations regarding ability and timing to dispose of the Class B Visa shares? And would that potentially have any impact on capital and buybacks outlook?<sentiment>neutral</sentiment><pos>0.0281</pos><neg>0.0305</neg><neutr>0.9414</neutr><emotion>confidence, optimism</emotion></text>
                    </speaker>
                </followQuestion>
            <followAnswer id="0" question_id="5">
                <speaker id="39" position="Executive VP &amp; CFO">Jason Jerrome Tyler<text>Yes. So just for people who don't follow it as closely, we own just over 4 million Visa B shares and at the current exchange rate, so that translates to about $1.7 billion. And there's a proposal that it's going to be voted on next week, I think, that would enable the B shareholders to monetize half of the holdings. 
So what are we planning to do? One, at this point, there's nothing to do. The proposal is still outstanding and we've got to wait and see what the shareholder vote looks like. Even assuming it passes, there are timing restrictions to it.  But that said, this is not a strategic asset for Northern Trust. And so you should read into that. It's not something that we're saying we're going to hold on to beyond what the restrictions would enable us to do. And we're discussing all the options. There's likely going to be a combination of a few tools that we'll take but early to give details on that at this point.<sentiment>neutral</sentiment><pos>0.0413</pos><neg>0.0374</neg><neutr>0.9212</neutr><emotion>neutral</emotion></text>
                    </speaker>
                </followAnswer>
            <transition>
                <speaker id="0" position="Operator">Operator<text>We'll go next to Brian Bedell with Deutsche Bank.<sentiment>neutral</sentiment><pos>0.0293</pos><neg>0.0231</neg><neutr>0.9476</neutr><emotion>neutral</emotion></text>
                    </speaker>
                </transition>
            <question id="6">
                <speaker id="7" position="Deutsche Bank AG, Research Division">Brian Bertram Bedell<text>If I could just clarify, Jason, a couple of things you gave guidance on earlier, just to make sure I heard it right. The incremental NII from the 2 portfolio security sales is [ $30 million ] annualized and that comparison period is 1Q versus 4Q. Is that correct?<sentiment>neutral</sentiment><pos>0.0467</pos><neg>0.0682</neg><neutr>0.8851</neutr><emotion>confidence, optimism, curiosity</emotion></text>
                    </speaker>
                </question>
            <answer id="6">
                <speaker id="39" position="Executive VP &amp; CFO">Jason Jerrome Tyler<text>Yes. So you broke up a tiny bit but I think I'm following where you are but don't hesitate to tell me if I miss it. So the November repositioning helped in the quarter by, call it, $6 million. But that should be helpful going forward to the tune of -- in the neighborhood of $15 million a quarter. The January repositioning, which we mentioned for the first time a little while ago, that should help in the quarter about -- round number is about $15 million a quarter.<sentiment>neutral</sentiment><pos>0.33</pos><neg>0.0262</neg><neutr>0.6438</neutr><emotion>negative surprise</emotion></text>
                    </speaker>
                </answer>
            <followQuestion id="0" question_id="6">
                <speaker id="7" position="Deutsche Bank AG, Research Division">Brian Bertram Bedell<text>$15 million per quarter. Okay. And then on the expense side, maybe just, again, trying to get some more clarity on the total expense growth. I think you said comp expense being up [ $50 million to $55 million  ] 1Q versus 4Q because of the retirement of eligible options and then employee benefits up $10 million versus 4Q. So correct me if I'm wrong on that. And then just translating that into expense growth through the year. Obviously, there's lots of different levers. But is the idea to try to improve on the 3% expense contribution from that -- from a total growth perspective? Or should we be thinking of expense growth stay better than 5% -- lower than 5% but potentially higher than 3%. And can you improve that trust expense to capacity ratio in '24 from '23?<sentiment>neutral</sentiment><pos>0.3362</pos><neg>0.0573</neg><neutr>0.6065</neutr><emotion>confidence, optimism</emotion></text>
                    </speaker>
                </followQuestion>
            <followAnswer id="0" question_id="6">
                <speaker id="39" position="Executive VP &amp; CFO">Jason Jerrome Tyler<text>Yes. So, couple of things. One, confirm your numbers are right on first quarter and the step up. Remember, both of those are fully seasonal, Brian, so the step-up in first quarter is just because that's the booking of our retirement eligible equity grants. And so that in and of itself represents the vast majority of that step-up. And then similarly, we've got a higher payroll tax in first quarter just as we hit the caps on that level. But both of those numbers come back down for second, third, fourth quarter. That said, second quarter got to build in the base pay adjustments that we referenced, which is that $65 million, that will be second, third, fourth quarter. 
So all that said, the goal is to do better than the roughly 5% we did this year. The 3% was not seen as the -- again, back to it's not seen as a floor. But also, that's a big difference to go from 5% down to 3%. And so we're using the productivity to do everything we can to get materially better than the 5%. But the fact that we're walking in with 3% already in the base is just going to make it difficult. And so I think it's -- and the last thing I'll mention is, for us, we're anticipating organic growth. That's our -- we target -- we have organic growth targets for each of the 3 businesses. And we want to continue to be a growth company. That is important. And that drives some expenses in addition to expectation of what we're doing from a revenue perspective. And so it's hard to fine-tune much with -- to say is it between 3% and 5%,  if -- we're not doing as well from an organic perspective, we're going to be working really hard to say what else do we do to make sure we're doing the right thing and we get a positive fee operating leverage.<sentiment>neutral</sentiment><pos>0.2351</pos><neg>0.0631</neg><neutr>0.7018</neutr><emotion>curiosity</emotion></text>
                    </speaker>
                </followAnswer>
            <transition>
                <speaker id="0" position="Operator">Operator<text>We'll go next to Jim Mitchell with Seaport Global.<sentiment>neutral</sentiment><pos>0.032</pos><neg>0.0253</neg><neutr>0.9427</neutr><emotion>neutral</emotion></text>
                    </speaker>
                </transition>
            <question id="7">
                <speaker id="31" position="Seaport Research Partners">James Francis Mitchell<text>Maybe just to follow-up on that last comment, just maybe a little more detail. It seems like organic growth in '23, it was a tough environment, a little mixed. So it seems like you're more optimistic across the board. So if you can kind of just give us a little more thoughts, detail on the organic growth prospects this year?<sentiment>neutral</sentiment><pos>0.0767</pos><neg>0.0356</neg><neutr>0.8877</neutr><emotion>confidence, optimism</emotion></text>
                    </speaker>
                </question>
            <answer id="7">
                <speaker id="40" position="Chairman &amp; CEO">Michael Gerard O’Grady<text>Sure, Jim. It's Mike. I'll start off here. So you're absolutely right. We've gone through I would say a time period where the organic growth has definitely been strained and lower than our historical levels. And there's a number of factors behind that, that we've talked about over the preceding earnings calls that relate to client activity, that relate to some of the outflows that we had in the asset management business, which obviously impact then wealth management and asset servicing. And the reason why we're so positive going forward here on organic growth, some of those trends, as we've talked about, have turned around. And so we see good inflows into asset management. So that aspect of it is a lift going forward to our organic growth but then also the strategies that we have in place to drive profitable organic growth. 
Where we've been focused as a company is in a couple of areas, there are few areas. One is really looking at the portfolio of our growth. So historically, asset servicing has been the majority of the organic growth. And looking forward, we're looking to shift that more towards the more scalable parts of our business. So wealth management and asset management. That doesn't mean that the asset servicing business will not be growing. It's just -- we're very focused within that business to the areas that scale the most. 
So if you think about the nature of all the things we do for clients on that front, some of those activities are more scalable, more profitable than others. And so we'll lean towards those areas. I mentioned the success we've had with asset owners in the Americas. A lot of that is the custody and related services on that front. That's some of the more scalable services that we have. And it's, again, not to say that we won't be doing the business with the asset managers, some fund services but some of those areas are more resource intensive. And so we're going to be really disciplined about the types of business that we take in, that require hiring more people, investing more in particular technologies around that. 
And then the last thing I would say just around the organic growth and why we're optimistic on it is, the businesses are working, I would say, much more closely together in how we go to market. So as we would call it here, 1 Northern Trust is our approach to the marketplace. So it's not separate businesses but rather to the extent that we're going to approach a client or a prospect to work with them, it's going to include multiple offerings from across the businesses, particularly asset management with asset servicing, on the front end, as part of a bundle that we're offering to the clients. 
And then certainly with Wealth Management as well. You heard in some of our earlier comments here, the advisory fee component of wealth management has been growing nicely through the year. We think that it can grow at a higher rate. But importantly, the more that we can do on the product side with those clients as well. So as we talk about the transitioning with quantitative tightening, for example and the move out of short-term treasuries to the extent that we can help those clients move into fixed income funds, for example.  That's a real opportunity for us. So a number of things that we're doing to proactively try to drive that organic growth.<sentiment>neutral</sentiment><pos>0.1037</pos><neg>0.0692</neg><neutr>0.8271</neutr><emotion>curiosity</emotion></text>
                    </speaker>
                </answer>
            <followQuestion id="0" question_id="7">
                <speaker id="31" position="Seaport Research Partners">James Francis Mitchell<text>That's really great color, Mike. And maybe just a quick follow-up on deposit pricing. Jason, you talked about still some pressure on overall deposit costs. Is that lags still on pricing? Or is that an assumption of a negative mix shift out of NIBs. What's kind of driving further pricing pressure on deposits?<sentiment>neutral</sentiment><pos>0.0528</pos><neg>0.4286</neg><neutr>0.5186</neutr><emotion>frustration, concern</emotion></text>
                    </speaker>
                </followQuestion>
            <followAnswer id="0" question_id="7">
                <speaker id="39" position="Executive VP &amp; CFO">Jason Jerrome Tyler<text>Yes. It's lags. And we actually, in the fourth quarter, made some agreements on pricing that will come into play in the first quarter more than they did in the fourth quarter. And it didn't drive deposit volumes higher in fourth quarter but it is something that as we try to do more fine-tuned predictions of what first quarter would look like. It's something that we factored in. We think that costs will be higher. And that's part of the reason why even though we ended it at [ $501 million ] and I indicated that December was better than November and October, we think we're still going to be flat to down a little bit in the first quarter, largely because of that pricing element. 
And in general, we do -- our view is that as the Fed does reduce rates, we're going to have client conversations about it. And again, we're not a price setter but highly committed to making sure our clients leave their deposits here.<sentiment>negative</sentiment><pos>0.2614</pos><neg>0.4493</neg><neutr>0.2893</neutr><emotion>skepticism</emotion></text>
                    </speaker>
                </followAnswer>
            <transition>
                <speaker id="0" position="Operator">Operator<text>We'll go next to Rob Wildhack with Autonomous Research.<sentiment>neutral</sentiment><pos>0.0375</pos><neg>0.02</neg><neutr>0.9425</neutr><emotion>neutral</emotion></text>
                    </speaker>
                </transition>
            <question id="8">
                <speaker id="22" position="Autonomous Research US LP">Robert Henry Wildhack<text>One more question on expenses. I'm curious how you would approach a hypothetical year where revenue growth comes in a lot better than expected and what that might mean for expense growth. I guess the core question is, what takes precedent, your expense-to-fee ratio or the absolute level of expense growth this year?<sentiment>neutral</sentiment><pos>0.0553</pos><neg>0.0446</neg><neutr>0.9001</neutr><emotion>confidence, optimism, doubtful, curiosity, skepticism</emotion></text>
                    </speaker>
                </question>
            <answer id="8">
                <speaker id="39" position="Executive VP &amp; CFO">Jason Jerrome Tyler<text>I'll start and Mike may want to add to it. Historically, we'd say, well, we want to grow and -- but we have talked about ensuring that we were committed to more of an absolute number in terms of the expenses. And we've also committed to more scalable growth. And so we're already having conversations internally about ensuring that we're highly disciplined on bringing on business that is scalable. And so I think that is a change relative to how we've thought about it before, where there was more of a desire to bring on business at always at attractive margin. But our commitment to scalable growth is going to be -- is higher at this point. And that means that the expenses shouldn't be as volatile with anticipation or even line of sight on new business coming on that brings with it a high degree of expense.<sentiment>neutral</sentiment><pos>0.3252</pos><neg>0.0289</neg><neutr>0.6459</neutr><emotion>confidence, excitement, optimism, positive surprise, frustration, concern, confusion, doubtful, negative surprise, curiosity, skepticism</emotion></text>
                    </speaker>
                </answer>
            <answer id="8">
                <speaker id="40" position="Chairman &amp; CEO">Michael Gerard O’Grady<text>Yes. So I agree with what Jason said there. Just to add to your point, we're outside of our range on expense-to-trust fee ratio. So we're trying to drive that into the range. And so as Jason is indicating, we're leaning towards trying to get into that range sooner rather than later.<sentiment>neutral</sentiment><pos>0.2925</pos><neg>0.0267</neg><neutr>0.6807</neutr><emotion>curiosity</emotion></text>
                    </speaker>
                </answer>
            <followQuestion id="0" question_id="8">
                <speaker id="22" position="Autonomous Research US LP">Robert Henry Wildhack<text>Okay. And then on NII, I would just love to get your thoughts on the sensitivity there as it relates to different scenarios from the Fed. What's the impact of, say, 1 or 2 Fed cuts this year, as opposed to, say, 6 Fed cuts?<sentiment>neutral</sentiment><pos>0.0374</pos><neg>0.1086</neg><neutr>0.854</neutr><emotion>neutral</emotion></text>
                    </speaker>
                </followQuestion>
            <followAnswer id="0" question_id="8">
                <speaker id="39" position="Executive VP &amp; CFO">Jason Jerrome Tyler<text>Yes, those are the scenarios we're looking at but I'd come back to this theme. It's just going to depend on how well we're able to hang on to spread. And we -- and there's just been highly variable. And I think our ability to predict just over the last couple of quarters has been really hard. But I feel really good about the volumes that stayed in place. And so I think our approach has worked but it's going to make it less predictable.  It's the opposite of what we just talked about on the expense side, ironically, where we're saying we want to be more predictable on the expenses to try and get that expense-to-trustee ratio where we want it to be. On the deposit side, there's more flexibility and more willingness to follow where the market goes to make sure we're holding on the client assets.<sentiment>neutral</sentiment><pos>0.1818</pos><neg>0.067</neg><neutr>0.7512</neutr><emotion>curiosity</emotion></text>
                    </speaker>
                </followAnswer>
            <transition>
                <speaker id="0" position="Operator">Operator<text>We'll go next to Mike Mayo with Wells Fargo.<sentiment>neutral</sentiment><pos>0.0306</pos><neg>0.0291</neg><neutr>0.9403</neutr><emotion>neutral</emotion></text>
                    </speaker>
                </transition>
            <question id="9">
                <speaker id="34" position="Wells Fargo Securities, LLC, Research Division">Robert Carr Rutschow<text>This is Rob Rutschow, for Mike. Just wanted to follow up on the custody commentary a little bit more. As we calculated, your fees assets under custody were down about 5% year-over-year. You mentioned client outflows. So how much of that is kind of risk off versus actual pricing pressure. What is -- what was the new business this year? And what's the outlook for pricing pressure versus new business as we look into '24?<sentiment>negative</sentiment><pos>0.0119</pos><neg>0.9039</neg><neutr>0.0842</neutr><emotion>frustration, doubtful, negative surprise, skepticism</emotion></text>
                    </speaker>
                </question>
            <answer id="9">
                <speaker id="40" position="Chairman &amp; CEO">Michael Gerard O’Grady<text>Yes, I'll start and then, Jason, you can fill it out. But first of all, I just think you need to take into account that we are compensated sometimes on the asset level, sometimes on the transaction levels. And transaction volumes were lower during the year. So that drove some of the weakness in the custody fees there. 
From a pricing perspective, I would say nothing in particular as far as the competitive environment that is driving custody pricing to much lower levels, if you will, I would say it's relatively stable on the pricing front there.<sentiment>negative</sentiment><pos>0.1574</pos><neg>0.6003</neg><neutr>0.2423</neutr><emotion>frustration, skepticism</emotion></text>
                    </speaker>
                </answer>
            <answer id="9">
                <speaker id="39" position="Executive VP &amp; CFO">Jason Jerrome Tyler<text>And as I look at just the underlying details of how we did, I think you're leaning more towards the asset servicing business. The net new business for the year was positive. And year-over- -- I'm just thinking year-over-year for the quarter and asset servicing hit its mark on net new business. The issue with the company is some of the other things happening as we get into transactions and then what we referenced earlier, in our clients going through their asset levels declining but much less of a repricing story relative to prior years. And the business is winning. If we just look at their win rate in the market, it is strong. So a lot of this year, the impact came from these other dynamics of lower transaction volumes and same number of clients but less assets.<sentiment>positive</sentiment><pos>0.4395</pos><neg>0.2371</neg><neutr>0.3234</neutr><emotion>confidence, excitement</emotion></text>
                    </speaker>
                </answer>
            <followQuestion id="0" question_id="9">
                <speaker id="34" position="Wells Fargo Securities, LLC, Research Division">Robert Carr Rutschow<text>Okay. And if I could follow up on wealth. I guess, can you talk about the competitive dynamic there and especially in Global Family Office, you saw a little bit of deceleration in the growth rate. Any changes or any areas that you're looking to grow, inside the U.S. or out?<sentiment>neutral</sentiment><pos>0.0683</pos><neg>0.0358</neg><neutr>0.8959</neutr><emotion>confidence, optimism</emotion></text>
                    </speaker>
                </followQuestion>
            <followAnswer id="0" question_id="9">
                <speaker id="39" position="Executive VP &amp; CFO">Jason Jerrome Tyler<text>You're right to call it. GFO had a lower -- much lower growth rate than it has over the last couple of years. It's been -- the last couple of years have been excellent for that business. And this year was weaker but we always talk about the fact that is the spikiest business that we have, very small number of client activity can lead to meaningful change. And it's also one of the businesses where with what happens underneath from an investment management perspective can have a meaningful impact on how the business is doing. 
But we've actually invested heavily in that business. They've got a lot of accomplishments in technology and some of the things that they have done with their Wealth Passport, their overall technology platform, we feel is industry-leading -- it is industry leading. Just the way that they've -- they're now interacting with clients from that platform perspective, what clients are able to do with multiple accounts and reporting and client asset movement -- all coming -- and a lot of -- and it's all cloud-enabled, is what we've done recently. And so it's highly, at the -- market leading from our view in terms of what we're doing. And we're continuing to invest in that business from a technology perspective. So there's more coming, which makes us feel very optimistic about what that business is going to do over the next couple of years.<sentiment>neutral</sentiment><pos>0.1701</pos><neg>0.0496</neg><neutr>0.7802</neutr><emotion>curiosity</emotion></text>
                    </speaker>
                </followAnswer>
            <ending>
                <speaker id="0" position="Operator">Operator<text>This does conclude the question-and-answer portion of today's call. I would like to turn the call back over to Jennifer Childe for any closing comments.<sentiment>neutral</sentiment><pos>0.0313</pos><neg>0.0244</neg><neutr>0.9443</neutr><emotion>neutral</emotion></text>
                    </speaker>
                </ending>
            <ending id="10">
                <speaker id="43" position="Senior VP &amp; Director of Investor Relations">Jennifer Childe<text>Thanks, Ruth and thanks, everyone, for joining us today. We look forward to speaking with you again soon. 
OperatorThis does conclude today's conference call. Thank you for your participation. You may now disconnect.<sentiment>neutral</sentiment><pos>0.0333</pos><neg>0.0572</neg><neutr>0.9095</neutr><emotion>neutral</emotion></text>
                    </speaker>
                </ending>
            </section>
        </body>
    </Transcript>