<?xml version='1.0' encoding='utf-8'?>
<Transcript>
    <header>
        <company>Northern Trust Corporation NasdaqGS:NTRS</company>
        <quarter>Q4</quarter>
        <year>2021</year>
        <time>Thursday, January 20, 2022 5:00 PM GMT</time>
        <currency>Currency: USD</currency>
        <note>Consensus as of  Jan-13-2022 4:19 AM GMT</note>
        <ticker>NTRS</ticker>
        <open_price>116.359973</open_price>
        <close_price>111.252480</close_price>
        <high_price>118.454881</high_price>
        <low_price>110.501653</low_price>
        <stock_performance>decreased</stock_performance>
        </header>
    <body>
        <section name="Financial Tables">
            <table id="0" name="Earnings Estimates Comparison Table">
                <timePeriods>
                    <period name="FQ4 2021" />
                    <period name="FQ1 2022" />
                    <period name="FY 2021" />
                    </timePeriods>
                <metrics>
                    <metric name="EPS Normalized">
                        <value period="-FQ4 2021-" type="CONSENSUS">1.82</value>
                        <value period="-FQ1 2022-" type="ACTUAL">1.91</value>
                        <value period="-FY 2021-" type="SURPRISE">4.95</value>
                        </metric>
                    <metric name="Revenue  (mm)">
                        <value period="-FQ4 2021-" type="CONSENSUS">1653.43</value>
                        <value period="-FQ1 2022-" type="ACTUAL">1677.00</value>
                        <value period="-FY 2021-" type="SURPRISE">1.43</value>
                        </metric>
                    </metrics>
                </table>
            <table id="1" name="EPS Normalized Comparison Table">
                <timePeriods>
                    <period name="FQ1 2021" />
                    <period name="FQ2 2021" />
                    <period name="FQ3 2021" />
                    <period name="FQ4 2021" />
                    </timePeriods>
                <metrics>
                    <metric name="EPS Normalized">
                        <value period="FQ1 2021" type="CONSENSUS">1.49</value>
                        <value period="FQ2 2021" type="CONSENSUS">1.69</value>
                        <value period="FQ3 2021" type="CONSENSUS">1.66</value>
                        <value period="FQ4 2021" type="CONSENSUS">1.82</value>
                        </metric>
                    </metrics>
                </table>
            </section>
        <section name="Call Participants">
            <person company="Northern Trust Corporation NasdaqGS:NTRS" position="Chief Financial Officer" group="EXECUTIVES" id="39">Jason Jerrome Tyler</person>
            <person company="Northern Trust Corporation NasdaqGS:NTRS" position="Senior VP &amp; Director of Investor Relations" group="EXECUTIVES" id="36">Mark M. Bette</person>
            <person company="Northern Trust Corporation NasdaqGS:NTRS" position="Chairman &amp; CEO" group="EXECUTIVES" id="40">Michael G. O’Grady</person>
            <person company="Goldman Sachs Group, Inc." group="ANALYSTS" id="4">Alexander Blostein</person>
            <person company="UBS Investment Bank" group="ANALYSTS" id="6">Brennan Hawken</person>
            <person company="Deutsche Bank AG" group="ANALYSTS" id="7">Brian Bertram Bedell</person>
            <person company="RBC Capital Markets" group="ANALYSTS" id="10">Gerard Sean Cassidy</person>
            <person company="Evercore ISI Institutional Equities" group="ANALYSTS" id="11">Glenn Paul Schorr</person>
            <person company="Jefferies LLC" group="ANALYSTS" id="12">Kenneth Michael Usdin</person>
            <person company="Wolfe Research, LLC" group="ANALYSTS" id="27">Steven Joseph Chubak</person>
            </section>
        <section name="Presentation ">
            <statement>
                <speaker id="0" position="Operator">Operator<text>Good day, and welcome to the Northern Trust Fourth Quarter 2021 Earnings Conference Call. Today's conference is being recorded. 
At this time, I would like to turn the conference over to the Director of Investor Relations, Mark Bette. Please go ahead.<sentiment>neutral</sentiment><analysis>Overall sentiment is neutral. 0 sentences are positive (0.00%). 0 sentences are negative (0.00%). 5 sentences are neutral (100.00%). </analysis></text>
                    </speaker>
                </statement>
            <statement>
                <speaker id="36" position="Senior VP &amp; Director of Investor Relations">Mark M. Bette<text>Thank you, Ali. Hello, everyone, and welcome to Northern Trust Corporation's Fourth Quarter 2021 Earnings Conference Call. Joining me on our call this morning are Mike O'Grady, our Chairman and CEO; Jason Tyler, our Chief Financial Officer; and Lauren Allnutt, our Controller. Our fourth quarter earnings press release and financial trends report are both available on our website at northerntrust.com. Also on our website, you will find our quarterly earnings review presentation, which we will use to guide today's conference call. 
This January 20 call is being webcast live on northerntrust.com. The only authorized rebroadcast of this call is the replay that will be available on our website through February 17. Northern Trust disclaims any continuing accuracy of the information provided in this call after today. Please refer to our safe harbor statement regarding forward-looking statements on Page 13 of the accompanying presentation, which will apply to our commentary on this call. [Operator Instructions] 
Thank you again for joining us today. Let me turn the call over to Mike O'Grady.<sentiment>neutral</sentiment><analysis>Overall sentiment is neutral. 1 sentences are positive (7.14%). 0 sentences are negative (0.00%). 13 sentences are neutral (92.86%). </analysis></text>
                    </speaker>
                </statement>
            <statement>
                <speaker id="40" position="Chairman &amp; CEO">Michael G. O’Grady<text>Thank you, Mark. Let me join in welcoming you to our fourth quarter 2021 earnings call. I hope you and your families are healthy and well. Our performance in the fourth quarter generated a 9% increase in revenue compared to the prior year and a return on average common equity of 14.5%. Revenue growth reflected strong organic growth across each of our businesses, which also contributed to full year earnings growth and a return on average common equity of 13.9%. 
Throughout 2021, we continued to have success executing on our growth strategies across each of our businesses while enhancing our foundational strength through advancements in our data and digital efforts. In our Wealth Management business, we have driven growth across each of our regions and our Global Family Office business. We continue to see improved levels of engagement and new business activities with both existing and new clients. And we ended the year with a continuation of the strong growth in loans and deposits that we have seen throughout 2021. 
During the quarter, we began executing on our plans to expand our Florida footprint into Jacksonville, one of the fastest-growing Northeast regions within Florida. We were honored to be recognized by the Financial Times Group as the Best Private Bank in the U.S. for the 11th time in the past 13 years. We were also named the Best Private Bank in the U.S. for Family Offices, recognizing our Global Family Office group for its commitment to families of significant wealth, their private foundations and the family offices that serve them. 
Within asset management, we continued to see strong organic growth across key strategic areas of focus, highlighted by our money funds surpassing $330 billion in AUM during the quarter, our FlexShares ETFs reaching $20 billion in assets and ESG strategies growing to more than $165 billion in assets. During the year, we also benefited from growth in our multi-manager strategies and our outsourced chief investment officer services. 
Our asset servicing business continues to experience growth that is well diversified across regions, products and client segments. A highlight of our new business success is the recent announcement of the expansion of our relationship with Pendal Group across Australia, the U.K., Ireland and the U.S. Northern Trust has provided fund administration, global custody and transfer agency services to Pendal since establishing its first mutual fund offering in the U.S. in 2009. This mandate will now be extended to include fund accounting, regulatory reporting, collateral management, foreign exchange and middle office services across all of Pendal's businesses. This is an excellent example of how we grow our asset servicing business, by targeting a premier asset management firm, developing a relationship, providing exceptional service, growing along with their success in increasing their assets under management and then expanding the relationship by consolidating their activities and providing a broader set of capabilities. 
I want to commend the efforts of our employees around the world whose commitment, expertise and professionalism is serving our clients and communities and continues to be extraordinary. As we enter 2022, we remain focused on our long-term priorities and investing wisely for future profitable growth to deliver long-term value to our various stakeholders. 
Now let me turn the call to Jason to review our financial results in greater detail.<sentiment>neutral</sentiment><analysis>Overall sentiment is neutral. 17 sentences are positive (50.00%). 0 sentences are negative (0.00%). 17 sentences are neutral (50.00%). </analysis></text>
                    </speaker>
                </statement>
            <statement>
                <speaker id="39" position="Chief Financial Officer">Jason Jerrome Tyler<text>Thank you, Mike. Let me join Mark and Mike in welcoming you to our fourth quarter 2021 earnings call. 
Let's dive into the financial results of the quarter starting on Page 2. This morning, we reported fourth quarter net income of $406.4 million. Earnings per share were $1.91 and our return on average common equity was 14.5%. Results for the quarter included a severance charge of $6.1 million, a pension settlement charge of $3.4 million, a $13 million gain within other operating income relating to property sales and net onetime tax benefits of $13.9 million, primarily relating to a lower net tax impact from international operations. 
Let's move to Page 3 and review the financial highlights of the quarter. Year-over-year, revenue was up 9% and expenses increased 2%. Net income was up 69%. In the sequential comparison, revenue was up 2% and expenses were up 4% while net income was up 3%. The provision for credit losses reflected a release of $11.5 million in reserves in the current quarter compared to a release of $13 million in the prior quarter and $2.5 million in the prior year. Return on average common equity was 14.5% for the quarter, up from 8.8% a year ago and up from 13.7% in the prior quarter. 
Let's look at the results in greater detail starting with revenue on Page 4. Trust, investment and other servicing fees, representing the largest component of our revenue, totaled $1.1 billion and were up 8% from last year and flat sequentially. Foreign exchange trading income was $77 million in the quarter, up 12% year-over-year and up 16% sequentially. The year-over-year growth was driven by higher volumes, partially offset by lower volatility, while the sequential increase was due to higher volumes as well as higher volatility. 
The remaining components of noninterest income totaled $119 million in the quarter, up 28% from 1 year ago and up 8% sequentially. Within this, security commissions and trading income was up 11% from the prior year and down 1% sequentially. The year-over-year growth was driven by higher core brokerage revenue. 
Other operating income totaled $72 million and was up 46% from 1 year ago and up 16% sequentially. The increase compared to the prior year was primarily driven by the previously referenced $13 million in gains from property sales, distributions from investments in community development projects and higher banking and credit-related service charges, partially offset by lower miscellaneous income. The sequential increase was primarily due to the gains on property sales, also partially offset by lower miscellaneous income. Net interest income, which I'll discuss in more detail later, was $371 million and was up 7% from 1 year ago and up 4% sequentially. 
Let's look at the components of our trust and investment fees on Page 5. For our Corporate &amp; Institutional Services business, fees totaled $625 million and were up 5% year-over-year and down 1% sequentially. Custody and fund administration fees were $458 million and up 9% year-over-year and down 1% sequentially. The year-over-year growth was primarily driven by favorable markets and new business, partially offset by lower transaction-based fees. The sequential decline was driven by lower transaction-based fees and unfavorable currency translation, partially offset by favorable markets and new business. 
Assets under custody and administration for C&amp;IS clients were $15.2 trillion at quarter end, up 11% year-over-year and up 3% sequentially. The year-over-year growth was primarily driven by favorable markets and new business. The sequential performance was primarily attributable to favorable markets. Investment management fees in C&amp;IS of $113 million were down 9% year-over-year and were flat sequentially. The year-over-year performance was driven by higher money market fund fee waivers, partially offset by new business and favorable markets. Fee waivers in C&amp;IS totaled $50.9 million in the fourth quarter compared to $49.9 million in the prior quarter and $11.4 million in the prior year quarter. 
Assets under management for C&amp;IS clients were $1.2 trillion, up 13% year-over-year and up 3% sequentially. The growth from the prior year was driven by favorable markets and client flows. The sequential increase was primarily driven by favorable markets. Securities lending fees were $19 million, up 8% year-over-year and down 6% sequentially. Average collateral levels were up 16% year-over-year and down 1% sequentially. 
Moving to our Wealth Management business. Trust, investment and other servicing fees were $486 million and were up 13% compared to the prior year and up 1% from the prior quarter. Fee waivers in Wealth Management totaled $30.2 million in the current quarter compared to $26.7 million in the prior quarter and $12.2 million in the prior year quarter. 
Within the regions, the year-over-year growth was driven by favorable markets and new business, partially offset by higher fee waivers. For the sequential performance, the growth within the regions was primarily driven by new business. Within Global Family Office, the year-over-year performance was driven by favorable markets and new business being more than offset by higher fee waivers. The sequential decline was mainly related to higher fee waivers. 
Assets under management for our Wealth Management clients were $416 billion at quarter end, up 20% year-over-year and up 12% on a sequential basis. Both the year-over-year and sequential increases were driven by client flows and favorable markets. 
Moving to Page 6. Net interest income was $371 million in the quarter and was up 7% from the prior year. Earning assets averaged $149 billion in the quarter, up 13% versus the prior year. Average deposits were $136 billion and were up 18% versus the prior year, while loan balances averaged $40 billion and were up 20% compared to the prior year. On a sequential quarter basis, net interest income grew 4%. Average earning assets grew 3% and average deposits grew 5%, while average loan balances were up 4%. The net interest margin increased 1 basis point sequentially. 
Turning to Page 7. Expenses were $1.2 billion in the fourth quarter and were 2% higher than the prior year and up 4% from the prior quarter. As mentioned earlier, the current quarter included $9.5 million in charges related to severance and a pension settlement, while the prior quarter included a $6.9 million pension settlement charge. Also, recall that last year's results included a severance charge of $55 million and an occupancy charge of $11.9 million. Excluding these items, expenses were up 7% versus the prior year and up 3% sequentially. 
Excluding severance charges, compensation expense was up 7% compared to the prior quarter and was up 2% sequentially. The year-over-year growth was primarily driven by higher cash-based incentive accruals as well as higher salaries. The sequential increase was primarily due to higher salaries, partially offset by lower equity-based incentives. Excluding the previously mentioned pension settlement charges, employee benefits expense was up 3% from 1 year ago and up 10% sequentially. Both increases were impacted by higher medical costs and lower payroll withholding. 
Outside services expense was $224 million and was up 8% from a year ago and up 6% from the prior quarter. Revenue and business volume expenses accounted for just over 1/3 of the year-over-year growth. The remaining year-over-year growth as well as the sequential growth within the category included higher technical services, consulting and data processing-related costs, reflecting investment in the business as well as the timing of engagements. Higher legal services costs also contributed to the sequential increase but were down compared to the prior year. 
Equipment and software expense of $196 million was up 11% from 1 year ago and up 6% sequentially. Both the year-over-year and sequential increases reflected higher software support and amortization costs. Excluding the prior year charge, occupancy expense of $52 million was down 6% from a year ago and down 4% sequentially. 
Other operating expense of $79 million was up 9% from 1 year ago and down 3% sequentially. The year-over-year increase was driven by higher business promotion expense, partially offset by lower miscellaneous expenses. The sequential decline was impacted by higher costs associated with the Northern Trust-sponsored PGA golf tournament in the prior quarter, partially offset by increases within other business promotion spend and miscellaneous expenses within the category. 
Turning to the full year. Our results in 2021 are summarized on Page 8. Net income was $1.5 billion, up 28% compared to 2020, and earnings per share were $7.14, up 31% from the prior year. On the right margin of this page, we outline the nonrecurring impacts that we called out for both years. We achieved a return on equity for the year of 13.9% compared to 11.2% in 2020. 
The full year revenue and expense trends are outlined on Page 9. Trust, investment and other servicing fees grew 9% in 2021. The growth during the year was primarily driven by new business and favorable markets, partially offset by the impact of money market fee waivers. Net interest income declined 4%. Average earning assets during the year increased by 16%, while the net interest margin declined 20 basis points driven by lower average interest rates. The net result was revenue growth of 6% in 2021 compared to 2020. On a reported basis, expenses were up 4% from the prior year. Adjusting for the expense items noted in both years, expenses were up 6% from 2020. 
Turning to Page 10. Our capital ratios remain strong, with our common equity Tier 1 ratio of 12.1% under the standardized approach, up slightly from the prior quarter. Our Tier 1 leverage ratio was 6.9%, down slightly from the prior quarter. We declared cash dividends of $0.70 per share, totaling $146.8 million to common stockholders. 
The current environment continues to demonstrate the importance of a strong capital base and liquid balance sheet profile to support our clients' needs. And we continue to provide our clients with the exceptional service and solution expertise they've come to expect. As we begin 2022, our focus is on balancing a variety of factors in the months ahead, with the prospect of higher interest rates benefiting our revenue, but conversely the higher levels of inflation and the competitive labor market impacting expenses. We are relentlessly focused on strengthening our competitive position within each of our businesses, investing in our workforce and technology all while delivering attractive returns. 
Thank you again for participating in Northern Trust's fourth quarter earnings conference call today. Mike, Mark, Lauren and I would be happy to answer your questions. Ali, will you please open the line?<sentiment>positive</sentiment><analysis>Overall sentiment is positive. 65 sentences are positive (49.62%). 21 sentences are negative (16.03%). 45 sentences are neutral (34.35%). The classified negative sentences are: (1) Results for the quarter included a severance charge of $6. (2) 5 million in reserves in the current quarter compared to a release of $13 million in the prior quarter and $2. (3) 7% in the prior quarter. (4) For our Corporate &amp; Institutional Services business, fees totaled $625 million and were up 5% year-over-year and down 1% sequentially. (5) The sequential decline was driven by lower transaction-based fees and unfavorable currency translation, partially offset by favorable markets and new business. (6) Investment management fees in C&amp;IS of $113 million were down 9% year-over-year and were flat sequentially. (7) 9 million in the fourth quarter compared to $49. (8) 9 million in the prior quarter and $11. (9) Average collateral levels were up 16% year-over-year and down 1% sequentially. (10) 2 million in the current quarter compared to $26. (11) 7 million in the prior quarter and $12. (12) The sequential decline was mainly related to higher fee waivers. (13) 5 million in charges related to severance and a pension settlement, while the prior quarter included a $6. (14) Also, recall that last year's results included a severance charge of $55 million and an occupancy charge of $11. (15) Both increases were impacted by higher medical costs and lower payroll withholding. (16) Higher legal services costs also contributed to the sequential increase but were down compared to the prior year. (17) Excluding the prior year charge, occupancy expense of $52 million was down 6% from a year ago and down 4% sequentially. (18) The sequential decline was impacted by higher costs associated with the Northern Trust-sponsored PGA golf tournament in the prior quarter, partially offset by increases within other business promotion spend and miscellaneous expenses within the category. (19) 9% compared to 11. (20) Net interest income declined 4%. (21) 9%, down slightly from the prior quarter. </analysis></text>
                    </speaker>
                </statement>
            </section>
        <section name="Question and Answer">
            <transition>
                <speaker id="0" position="Operator">Operator<text>[Operator Instructions] And we'll go ahead and take our first question from Glenn Schorr from Evercore.<sentiment>neutral</sentiment><pos>0.0515</pos><neg>0.0211</neg><neutr>0.9275</neutr><emotion>doubtful, curiosity, skepticism</emotion></text>
                    </speaker>
                </transition>
            <question id="0">
                <speaker id="11" position="Evercore ISI Institutional Equities, Research Division">Glenn Paul Schorr<text>So a quick question for you. On that last comment you made about focusing all those things, you are not alone there. And so you had nice fee operating leverage for the year. The fee to expense ratio came up a little bit, obviously, because it was a super low number in the third quarter. So as you balance all those things as we look out into '22, can that be the same key focus that it's been in the past as you balance all those things, meaning you'll get the benefit of rates over time but the cost inflation is here now? So should we be prepared for '22 being a tougher year for that metric?<sentiment>neutral</sentiment><pos>0.2105</pos><neg>0.092</neg><neutr>0.6975</neutr><emotion>curiosity</emotion></text>
                    </speaker>
                </question>
            <answer id="0">
                <speaker id="39" position="Chief Financial Officer">Jason Jerrome Tyler<text>Yes, we should, Glenn. I mean, and you're hitting on an important point, which is that we all are seeing the prospects of rates. And we are extremely levered to the front end of the rate curve, both in NII and also in waivers, obviously. But the inflation is, that's hitting faster. And we saw it in third quarter as we were looking at incentive comp accruals. We saw it in fourth quarter as we made some off-cycle adjustments, which we can talk about in salaries. 
But that inflationary component, and by the way, it's not just in compensation, it shows up in other areas of the income statement, it's going to hit first. But at the same time, the leverage we have to the front end of the yield curve means that when rates do go up, it's extremely beneficial to us. And we've been talking about that for 2 years, obviously, how much net interest margin and also waivers in the money market products have been impacted.<sentiment>neutral</sentiment><pos>0.2194</pos><neg>0.0351</neg><neutr>0.7455</neutr><emotion>curiosity</emotion></text>
                    </speaker>
                </answer>
            <followQuestion id="0" question_id="0">
                <speaker id="11" position="Evercore ISI Institutional Equities, Research Division">Glenn Paul Schorr<text>I appreciate all that. I'll let one of my peers ask on the NII stuff. I did want to ask a quick question on organic growth as a follow-up. You mentioned it. You spoke to it. It's clearly there because you can see it in your asset growth. But can you talk about whether it be new business wins in asset servicing and asset management or a won but not yet funded pipeline?<sentiment>neutral</sentiment><pos>0.094</pos><neg>0.0119</neg><neutr>0.8941</neutr><emotion>confidence, optimism, doubtful, curiosity, skepticism</emotion></text>
                    </speaker>
                </followQuestion>
            <followAnswer id="0" question_id="0">
                <speaker id="39" position="Chief Financial Officer">Jason Jerrome Tyler<text>Sure. Thanks, Glenn. Both of the businesses, and as you know, when we talk about the organic growth, we tend to talk about year-over-year, not on a linked-quarter basis, and that's a really important distinction. That said, and you touched on it, both asset servicing and wealth management had good lift from an organic perspective year-over-year and frankly in the quarter as well. 
And so you saw we've been talking about increased momentum in the wealth management business. You're starting to see that come through with higher fees on a quarter-over-quarter basis that's driven by new business and we get the same effect coming in asset servicing. The pipeline in both of the businesses, in the short run, it looks strong. The pipeline for the businesses has different timing, but in both instances, they're reflecting good activity in new business. And I think in the C&amp;IS in particular, they see good activity overall. In the front end, it might be a little bit different. The back end is a little bit harder to tell.<sentiment>neutral</sentiment><pos>0.4797</pos><neg>0.0246</neg><neutr>0.4957</neutr><emotion>confidence, optimism</emotion></text>
                    </speaker>
                </followAnswer>
            <transition>
                <speaker id="0" position="Operator">Operator<text>And we'll move on to our next question from Steven Chubak with Wolfe Research.<sentiment>neutral</sentiment><pos>0.0488</pos><neg>0.0201</neg><neutr>0.9311</neutr><emotion>doubtful, curiosity, skepticism</emotion></text>
                    </speaker>
                </transition>
            <question id="1">
                <speaker id="27" position="Wolfe Research, LLC">Steven Joseph Chubak<text>So wanted to start with just a question on capital management. As you noted, capital ratios continue to be quite strong. I believe, Jason, on the last call, you had talked to or spoken to the fact that the RWA inflation, the loan growth was consuming a lot of the capital build that you guys were generating. This quarter, that wasn't the case. We didn't really see any RWA growth and yet you tempered the buyback. I was hoping you can give some perspective as to what informed that decision. And how should we be thinking about the pace of buyback from here, especially if the pace of RWA growth does begin to moderate?<sentiment>neutral</sentiment><pos>0.1219</pos><neg>0.0419</neg><neutr>0.8361</neutr><emotion>curiosity</emotion></text>
                    </speaker>
                </question>
            <answer id="1">
                <speaker id="39" position="Chief Financial Officer">Jason Jerrome Tyler<text>Sure. Well, a couple of thoughts there. One, just for the quarter, the RWA growth is one dynamic, but of course, AOCI hits capital. And that's another dynamic we have to manage as well, which is why we were flattish quarter-over-quarter. That said, as we think about the overall, I know a lot of people are wondering what our game plan is from a buyback perspective. 
And if you just take, it's a good time to just take a look back at the year, and we generated $1.5 billion in capital last year from earnings. And so you take a step back and just say, just the math you're doing, where did the $1.5 billion go? We did return $600 million to shareholders in the form of dividends over the course of the year. 
But we very intentionally grew the loan book. We saw high-quality opportunities on the horizon, and we wanted to be there for clients. And so you look year-over-year and loans are up $7 billion. And even within this quarter, they are up $1 billion or $2 billion. And if you think about where our capital ratios are, that $7 billion increase in loans, that takes another $900 million in the capital that we generated. 
And so you look at dividends and what happened with loans, that's right there, that's 100% of the capital we generated. Now even so, we did buybacks in the year of about $250 million. And so that's why you saw CET1 drift down a little bit. But the next important question is, is the loan growth good? And it was very good. It's good strategically for us because we supported clients but it's also good economically. If you think about the ROE of loans, it's very attractive, particularly in a low interest rate environment. 
And so we feel really good with what we did in 2021. In 2020, the door was closed. Last year, we think we did the right thing for clients and shareholders by growing relationships and earnings. But as you're trying to predict what we're going to do in 2022, it's very different. We don't see the same loan growth on the horizon. And we've even talked about the fact that some of the loan growth we've had is in some of the areas of our business where it can be very spiky. 
And just as our clients put on, they can put on $1 billion or $2 billion or $3 billion in a deposit, they can do the same thing in lending. And so we could see lending be spiky both up and down but don't see that same type of $7 billion growth year-over-year.<sentiment>neutral</sentiment><pos>0.2974</pos><neg>0.0353</neg><neutr>0.6673</neutr><emotion>curiosity</emotion></text>
                    </speaker>
                </answer>
            <followQuestion id="0" question_id="1">
                <speaker id="27" position="Wolfe Research, LLC">Steven Joseph Chubak<text>And just for my follow-up wanted to ask, sorry about that. On the expense side, you did give that perspective, noting that on an adjusted basis, the expenses grew 6% to 7% this past year. Obviously, we had some nice market tailwinds, which will drive some impact on the variable expense lines. But as we think about some of the inflationary pressures that started to manifest late last year and are going to continue into this year, versus that up 6% to 7% that you had talked about in 2021, should we expect the expense growth to be similar or even above that given the inflationary pressures that you spoke to?<sentiment>positive</sentiment><pos>0.6878</pos><neg>0.0525</neg><neutr>0.2597</neutr><emotion>confidence, excitement, optimism, positive surprise</emotion></text>
                    </speaker>
                </followQuestion>
            <followAnswer id="0" question_id="1">
                <speaker id="39" position="Chief Financial Officer">Jason Jerrome Tyler<text>Well, let me hit the big 3. Maybe I'll hit comp and then I'll hit technology, which gets at outside services and equipment and software expense. If you look at the comp line, again, we've already seen some inflation hit that line this year. And you see it was, just the increase in comp this quarter, linked-quarter, $13 million of that alone came from salaries. And the impact of what we've done in these off-cycle adjustments, not done yet. And so just from the actions we've already taken, we're going to see another $3 million lift in the comp line just from those salary adjustments. 
Now secondly, there's what are we going to do with our normal base pay adjustments which, as you know, that starts in second quarter but that's going to be higher and it's reflective of inflation. Usually, we see that be an $8 million to $10 million a quarter impact. This year, it's going to be more like $20 million a quarter. And so those salary actions combined are going to give, just in and of itself, that will lift the total comp line 5% year-over-year for the year. And on top of it, we then have to think about what hiring are we going to do and what other adjustments might we have to take. But that at least gives you a lens of what we can see at this point. 
Now let me switch to tech. And that's the other area where all financial services companies are spending a lot of time and a lot of investment. That hits us all across the P&amp;L but mostly in outside services and equipment and software. And you saw big sequential increases of about 6% in both of those categories this quarter. But as we look forward, very different impacts of what we think is going to be existing in 2022. 
In outside services, there's tech services within that category, a lot of project work that we're doing. We got a lot of that done in fourth quarter. We do not see a significant impact and significant lift in 2022 in outside services. In fact, the number you see now for fourth quarter, that's a good starting point for 2022. And any motion from there is going to be driven more by business activity. And obviously, there's a lot of business-related activity in that line item that could drive it, but the tech component, largely done and from an increase perspective. 
Equipment and software, very different. We are on a ramp there, again, 6% increase there. We ended that year well. The category was up 9% year-over-year over 2020. We're going to see that same type of lift in that category in 2022, maybe slightly higher. So what are we doing there? It's really 4 factors: one, depreciation, and that alone as we know we can see, as we sit today, that's going to be up $45 million or $50 million. So just depreciation, which is kind of in the bank at this point, we know it's going to grow equipment and software by about 7% alone. And we know that there's some other increases coming. 
Two, inflation of the underlying cost and that hits in different ways. Three, we're continuing to invest in technology to get stronger and maintain a very strong foundation. And then lastly, business growth, including digital. So a lot of investment going on there in a handful of different categories, but those are the 3 big categories of expenses to give you a sense of what we know at this point.<sentiment>neutral</sentiment><pos>0.2633</pos><neg>0.058</neg><neutr>0.6787</neutr><emotion>curiosity</emotion></text>
                    </speaker>
                </followAnswer>
            <other id="1" question_id="1">
                <speaker id="27" position="Wolfe Research, LLC">Steven Joseph Chubak<text>No, a very helpful breakdown.<sentiment>positive</sentiment><pos>0.6801</pos><neg>0.0256</neg><neutr>0.2943</neutr><emotion>confidence, excitement, optimism, positive surprise</emotion></text>
                    </speaker>
                </other>
            <transition>
                <speaker id="0" position="Operator">Operator<text>We'll take our next question from Ken Usdin from Jefferies.<sentiment>neutral</sentiment><pos>0.0374</pos><neg>0.0333</neg><neutr>0.9294</neutr><emotion>doubtful, curiosity, skepticism</emotion></text>
                    </speaker>
                </transition>
            <question id="2">
                <speaker id="12" position="Jefferies LLC, Research Division">Kenneth Michael Usdin<text>Jason, you mentioned earlier that the company is meaningfully asset-sensitive. And I wanted to ask you, your disclosures in the 10-Q and K give you an expected change over a base forecast. But I wonder if you could give us a more simple way of thinking about this cycle what each 25 basis points of rates would give you in terms of NII dollars.<sentiment>neutral</sentiment><pos>0.0701</pos><neg>0.0187</neg><neutr>0.9112</neutr><emotion>neutral</emotion></text>
                    </speaker>
                </question>
            <answer id="2">
                <speaker id="39" position="Chief Financial Officer">Jason Jerrome Tyler<text>Sure. Well, first of all, and you know this really well, it's not linear, and so let me give you the first one. I wish that the fourth and fifth were the same, but the first alone is, at a high level, if you think about, we've got about $70 billion in floating-rate earning assets. And we think we'll get about a $40 million lift on a quarterly basis alone on the asset side. We'll give up maybe $5 million of that in higher borrowing costs. So that's net $35 million before we really talk about significant beta, but we think that first lift is probably in that $35 million a quarter range. 
Now the first lift, it also gets to waivers, Ken. And we've talked about the fact that our money market mutual fund family is, it's priced much more institutionally. And so it only takes one lift to work fully through the duration of the portfolio to get the vast, if not all, of the waivers off the table as well. And as you know, this past quarter, we waived $80 million and run rate on that is lower now. So I think it's important to think about both of those. Go back to NII, as we get those second, third, fourth rate hikes, that's when we start to give up some of the gain coming from deposit cost.<sentiment>neutral</sentiment><pos>0.1289</pos><neg>0.07</neg><neutr>0.8011</neutr><emotion>curiosity</emotion></text>
                    </speaker>
                </answer>
            <followQuestion id="0" question_id="2">
                <speaker id="12" position="Jefferies LLC, Research Division">Kenneth Michael Usdin<text>Yes. Yes, perfect. And then just second one quickly on C&amp;IS. You mentioned lower transaction activity. That line was flattish. Can you just kind of give us a help on magnitude on what type of holdback that might have been and maybe just talk through FX translation headwinds as well?<sentiment>neutral</sentiment><pos>0.0699</pos><neg>0.3114</neg><neutr>0.6187</neutr><emotion>confusion</emotion></text>
                    </speaker>
                </followQuestion>
            <followAnswer id="0" question_id="2">
                <speaker id="39" position="Chief Financial Officer">Jason Jerrome Tyler<text>Sure. And it's interesting, as we talk about transaction volume, I think people look to FX and they look to security submissions trading. Even within the custody and fund administration fees, there are transaction-related fees that feed into that line. And so that's what we're referencing when we're saying that some of those, that those costs were lower in the quarter. 
And you'll note in FX, for example, good quarter. And so just transaction volumes in FX and other areas were high. But within, as we really dug into why, what happened within the custody and fund admin lines within C&amp;IS, it was more the transaction component, the non-asset, the AUC, non-AUM-based fees that were light in the quarter.<sentiment>neutral</sentiment><pos>0.1734</pos><neg>0.1585</neg><neutr>0.668</neutr><emotion>curiosity</emotion></text>
                    </speaker>
                </followAnswer>
            <followQuestion id="1" question_id="2">
                <speaker id="12" position="Jefferies LLC, Research Division">Kenneth Michael Usdin<text>Okay. And I guess, was that meaningful? And was FX translation a meaningful headwind this quarter too, sequentially?<sentiment>negative</sentiment><pos>0.0703</pos><neg>0.4929</neg><neutr>0.4368</neutr><emotion>frustration, concern, doubtful, skepticism</emotion></text>
                    </speaker>
                </followQuestion>
            <followAnswer id="1" question_id="2">
                <speaker id="39" position="Chief Financial Officer">Jason Jerrome Tyler<text>Yes. Mark, go ahead, Mark.<sentiment>neutral</sentiment><pos>0.0583</pos><neg>0.0182</neg><neutr>0.9235</neutr><emotion>neutral</emotion></text>
                    </speaker>
                </followAnswer>
            <answer id="2">
                <speaker id="36" position="Senior VP &amp; Director of Investor Relations">Mark M. Bette<text>Yes. Ken, it's Mark. Combined, you're looking at about 2% there, with the transaction-based fees being more than half of that. So the 2 were, I'd say, a fairly significant drag when you look at custody and fund administration on a sequential basis.<sentiment>neutral</sentiment><pos>0.097</pos><neg>0.1596</neg><neutr>0.7434</neutr><emotion>neutral</emotion></text>
                    </speaker>
                </answer>
            <transition>
                <speaker id="0" position="Operator">Operator<text>And we'll take our next question from Alex Blostein from Goldman Sachs.<sentiment>neutral</sentiment><pos>0.0471</pos><neg>0.0233</neg><neutr>0.9296</neutr><emotion>doubtful, curiosity, skepticism</emotion></text>
                    </speaker>
                </transition>
            <question id="3">
                <speaker id="4" position="Goldman Sachs Group, Inc., Research Division">Alexander Blostein<text>So a couple of questions around the rate dynamics. I guess as we think about your deposit betas, and I appreciate nobody has a crystal ball, but as you think about the current cycle versus the prior cycle, has the nature of the deposit base changed much for us to sort of contemplate as we think about deposit betas over the next several quarters, right, or do you think the experience you guys saw in the last cycle is a pretty good one as a sort of benchmark for deposit betas this time around?<sentiment>neutral</sentiment><pos>0.0795</pos><neg>0.0263</neg><neutr>0.8942</neutr><emotion>doubtful, curiosity, skepticism</emotion></text>
                    </speaker>
                </question>
            <answer id="3">
                <speaker id="39" position="Chief Financial Officer">Jason Jerrome Tyler<text>We talk about it a lot, and I've thrown out to our team, is it similar to last time? And it's just, it's hard to tell. What I can give you some facts that, and it's less to the deposit beta but more to just the overall asset sensitivity of the securities portfolio on the balance sheet. The duration has come down from, I think last quarter was 2.7 and now it's at 2.6. 
And ironically, though, if you look at the duration of the overall asset side of the balance sheet cumulatively, it's much higher than what it was in the prior cycle. And so I can actually tell you this, as it sits right now, it's about 1.16. And if you go back to the last tightening cycle, 2015, it was 0.7. And so that's meaningfully  different. Now we have to see how the deposits specifically react, but that at least gives you a sense of what the exposure of the overall balance sheet is like. But Mark, I don't know if you have anything to add.<sentiment>neutral</sentiment><pos>0.0645</pos><neg>0.0841</neg><neutr>0.8514</neutr><emotion>confidence, optimism</emotion></text>
                    </speaker>
                </answer>
            <answer id="3">
                <speaker id="36" position="Senior VP &amp; Director of Investor Relations">Mark M. Bette<text>The other thing that we've heard as well from our team to keep in mind, Alex, is the trajectory of the rates. I think last time, the rate hike started much slower than what it appears that might happen this time. So you might go through those rising betas in a quicker way because of that. So we'll have to see how that plays out as well.<sentiment>neutral</sentiment><pos>0.0887</pos><neg>0.0955</neg><neutr>0.8158</neutr><emotion>neutral</emotion></text>
                    </speaker>
                </answer>
            <followQuestion id="0" question_id="3">
                <speaker id="4" position="Goldman Sachs Group, Inc., Research Division">Alexander Blostein<text>Got it. And then my follow-up is around, I guess, expenses again. And Jason, I appreciate you guys giving us the different pieces and that's helpful. And obviously, acknowledging that you guys don't give flat-out guidance in terms of expense growth. I do like the way you talk about expenses to fees as a ratio and that got to some of the guidance points as well. But if you guys are at around 104 by our math in terms of expense to fees in 2021, you talked about inflationary pressures but also you're getting money market fees back likely in '22, which I would have thought would come in at a really high kind of incremental margin. So when you blend it all together, net-net, we're staying kind of in this 103, 104, 105 range for '22 and beyond as we kind of think about that ratio as a guidepost sort of thing between the revenues and expenses?<sentiment>neutral</sentiment><pos>0.0934</pos><neg>0.036</neg><neutr>0.8706</neutr><emotion>confidence, optimism</emotion></text>
                    </speaker>
                </followQuestion>
            <followAnswer id="0" question_id="3">
                <speaker id="40" position="Chairman &amp; CEO">Michael G. O’Grady<text>Alex, it's Mike. I think your framework is correct or at least, I would say, aligned with the way that we're looking at it as well. Of course, we don't know what the market levels are going to be and how quickly the fee waivers come back, and obviously, we're managing through the expense side of that. But to your point of kind of being in a range of, I'll call it, efficiency there, we're in that range. 
And particularly in an inflationary environment, that can be challenging to try to get that ratio to go down. And as Jason alluded to earlier, where you really see the other side of the coin, if you will, is on interest rates and therefore, NII that then drops down to operating leverage. And so in the same way, we're saying, okay, stay in that expense to trust fee ratio as far as efficiency, but then look to pick up through NII so that you have positive operating leverage and that your pretax margin is in that range that you want to get the right returns.<sentiment>neutral</sentiment><pos>0.1251</pos><neg>0.0518</neg><neutr>0.8232</neutr><emotion>curiosity</emotion></text>
                    </speaker>
                </followAnswer>
            <other id="1" question_id="3">
                <speaker id="4" position="Goldman Sachs Group, Inc., Research Division">Alexander Blostein<text>Yes. That makes sense. That's consistent with kind of how we're thinking.<sentiment>neutral</sentiment><pos>0.0817</pos><neg>0.0251</neg><neutr>0.8932</neutr><emotion>neutral</emotion></text>
                    </speaker>
                </other>
            <transition>
                <speaker id="0" position="Operator">Operator<text>We'll go ahead and take our next question from Brennan Hawken from UBS.<sentiment>neutral</sentiment><pos>0.0415</pos><neg>0.0285</neg><neutr>0.93</neutr><emotion>doubtful, curiosity, skepticism</emotion></text>
                    </speaker>
                </transition>
            <question id="4">
                <speaker id="6" position="UBS Investment Bank, Research Division">Brennan Hawken<text>I just wanted to follow up, circle back a little bit on capital and pull together a couple of the comments that you made on that, Jason. It seemed like what you said was that in the current quarter, there was some AOCI consumption of capital. And while you had $1.5 billion-some-odd base of loan growth, the outlook for the loan growth is slowing and not really there. 
So number one, does that mean that your further consumption of capital from the loan growth side may slow? Of course, there could be a handoff to AOCI. And then number two, when you talked about the $7 billion versus the $900 million, it seemed like that suggested a pretty high risk weight density in the loan book. Can you talk about the risk weight that you have in that loan book and what kind of loans are driving that growth?<sentiment>negative</sentiment><pos>0.0578</pos><neg>0.5171</neg><neutr>0.4251</neutr><emotion>frustration, concern, doubtful, skepticism</emotion></text>
                    </speaker>
                </question>
            <answer id="4">
                <speaker id="39" position="Chief Financial Officer">Jason Jerrome Tyler<text>Sure. Well, let me start with the end but don't let me forget the first part of it. The loans that we have are, and you can see it in our reporting. The first cut is it's weighted more heavily toward wealth management, obviously. And within that, it's a blend of personal, commercial real estate, corporate, commercial. And the risk weights on those don't vary dramatically from a risk weight allocation perspective. 
And so at a really high level, you look at what our outstandings are and it's not going to vary within those categories significantly. Now then there's also some off-balance sheet commitments that aren't reflected there, but that gives you a general sense. And we've talked a bit, and I could now, if you'd like, if it's helpful to give you more of a breakdown of the loans and what they look like by category and the growth has actually been relatively consistent. 
If you think about the increase, just for example, if you're trying to do the math there, if I look at increase in loans from third quarter to fourth quarter, commercial has been about, it was up about $1.5 billion; commercial, about $650 million and personal loans about $350 million; commercial real estate, $250 million; and then some other stuff with the remainder. And so you can tell, it's relatively consistent to our overall volumes in the $40 billion portfolio. If I come back to your first...<sentiment>neutral</sentiment><pos>0.09</pos><neg>0.0405</neg><neutr>0.8695</neutr><emotion>confidence, optimism, frustration, concern, confusion, doubtful, negative surprise, curiosity, skepticism</emotion></text>
                    </speaker>
                </answer>
            <followQuestion id="0" question_id="4">
                <speaker id="6" position="UBS Investment Bank, Research Division">Brennan Hawken<text>Yes. Go ahead. That's what I was going to, I was just going to remind you about the first part. That's all. You're on. Thanks, Jason.<sentiment>neutral</sentiment><pos>0.1022</pos><neg>0.0268</neg><neutr>0.8711</neutr><emotion>curiosity</emotion></text>
                    </speaker>
                </followQuestion>
            <followAnswer id="0" question_id="4">
                <speaker id="39" position="Chief Financial Officer">Jason Jerrome Tyler<text>I am notoriously bad at multiple-part questions so you've got to remind me. We just don't, we don't see the same outlook on loan growth. And I think you couple that with, again, we generated $1.5 billion in capital. And we're starting, and if we do get what we walked through earlier, if we get multiple rate hikes and we start to have improvement from a net interest margin perspective, waivers start to go away, then the math becomes different. 
And we can think about different ways to return that capital generated to shareholders. And we obviously, we go through the same framework that we always have. We think about the dividend first to make sure that it's something we're comfortable with and it's within the range we've talked about. And then we start to look at the outlook for the size of the balance sheet to stay within a range that we feel is appropriate given all the dynamics we've talked about historically.<sentiment>neutral</sentiment><pos>0.1362</pos><neg>0.0339</neg><neutr>0.8298</neutr><emotion>curiosity</emotion></text>
                    </speaker>
                </followAnswer>
            <followQuestion id="1" question_id="4">
                <speaker id="6" position="UBS Investment Bank, Research Division">Brennan Hawken<text>Excellent. That was very thorough and helpful. And you touched on the size of the balance sheet there, so maybe I'd like to ask for the follow-up. When you think about deposit runoff, because you typically with the business model, you tend to see deposit growth when the Fed is expanding its balance sheet and runoff when it's shrinking. But last cycle, the runoff for Northern, for you guys was less than it was for some of the other custody bank peers. So when you think about what's driven the deposit growth and different types of businesses that have driven the deposit growth the past 2 years, is it largely, does it look similar to how it looked last cycle or has the composition of deposit growth shifted, which might suggest we should think about deposit runoff in a different way?<sentiment>neutral</sentiment><pos>0.0724</pos><neg>0.0762</neg><neutr>0.8515</neutr><emotion>confidence, optimism</emotion></text>
                    </speaker>
                </followQuestion>
            <followAnswer id="1" question_id="4">
                <speaker id="39" position="Chief Financial Officer">Jason Jerrome Tyler<text>No. I look at it a little bit differently. One is, I think we have to look at just what's happened with the asset values. And if you go back to the end of 2019, pre-health crisis and you look at what's happened with the S&amp;P 500 from then to now, the S&amp;P is up something like, it's something like 48%. 
And if you look at our deposits on average, we went from averaging $85 billion to $90 billion up to $135 billion to $150 billion. It's a very similar increase. And then the second thing to look at is what's operational versus nonoperational. And did we have similar growth, did all of the growth come in nonoperational deposits? And the answer is absolutely not. More of our growth has come in operational deposits. 
And then the third dynamic, which you got at is, there is just this overwhelming dynamic of the Fed having put trillions of dollars of liquidity into the market. And whatever our little tiny $150 billion balance sheet looks like, it's still going to be impacted by what the Fed does. And so you put all those things together and you just, I don't think there's reason to believe, at this point from what we see just from that data, that there's some massive unwinding coming. Now it could come, but those data points tell you that not necessarily.<sentiment>neutral</sentiment><pos>0.107</pos><neg>0.0741</neg><neutr>0.8189</neutr><emotion>curiosity</emotion></text>
                    </speaker>
                </followAnswer>
            <transition>
                <speaker id="0" position="Operator">Operator<text>We'll go ahead and take the next question from Brian Bedell from Deutsche Bank.<sentiment>neutral</sentiment><pos>0.0399</pos><neg>0.0264</neg><neutr>0.9337</neutr><emotion>doubtful, curiosity, skepticism</emotion></text>
                    </speaker>
                </transition>
            <question id="5">
                <speaker id="7" position="Deutsche Bank AG, Research Division">Brian Bertram Bedell<text>Jason, thanks for all that color on the expense areas and great granularity to kind of touch on that. One follow-up on just a couple more areas and that's just the Northern Trust Cup. And I think obviously, you're not doing that this year, but I think you alluded to in the past of potentially doing a marketing campaign in its place. And then maybe just any commentary around the travel, potentially higher travel expenses if we're all back to office and COVID hopefully recedes.<sentiment>neutral</sentiment><pos>0.1446</pos><neg>0.0248</neg><neutr>0.8306</neutr><emotion>curiosity</emotion></text>
                    </speaker>
                </question>
            <answer id="5">
                <speaker id="39" position="Chief Financial Officer">Jason Jerrome Tyler<text>Yes. So maybe I'll touch on travel and business promo and then maybe Mike can talk about golf tournament. So we're seeing business promo pick up again. It was up in fourth quarter. And by the way no one is cringing at that. I mean, it means that we're in front of clients more. And so is it going to get back to the levels we saw before? Boy, that's highly, highly unlikely but already partially in the run rate in fourth quarter in other expenses. And we do expect that to continue to come. Now that's not adding $10 million a quarter in expenses, but it is adding to the expense run rate. Mike, do you want to touch on golf?<sentiment>neutral</sentiment><pos>0.226</pos><neg>0.0705</neg><neutr>0.7036</neutr><emotion>curiosity</emotion></text>
                    </speaker>
                </answer>
            <answer id="5">
                <speaker id="40" position="Chairman &amp; CEO">Michael G. O’Grady<text>Sure. And the golf tournament has been a very successful marketing effort and client entertainment effort for us, particularly around branding. And as much as we've ended that relationship at this point, we still need to continue to invest in the brand. And so some of the proceeds that are or the funds that are deployed for that brand building through the golf tournament are being redeployed in other areas. At this point, Brian, it's not going to be at the same levels as what we were spending on the golf tournament.<sentiment>neutral</sentiment><pos>0.1126</pos><neg>0.0284</neg><neutr>0.859</neutr><emotion>curiosity</emotion></text>
                    </speaker>
                </answer>
            <followQuestion id="0" question_id="5">
                <speaker id="7" position="Deutsche Bank AG, Research Division">Brian Bertram Bedell<text>Okay. That's helpful. And then maybe just on expenses overall. I mean, it's actually a pretty good playbook over the last 10 years in terms of your expense history, with a pretty reliable middle single-digit type of expense growth in each year, which kind of, I think, ties...<sentiment>neutral</sentiment><pos>0.4512</pos><neg>0.0267</neg><neutr>0.5221</neutr><emotion>optimism</emotion></text>
                    </speaker>
                </followQuestion>
            <followAnswer id="0" question_id="5">
                <speaker id="36" position="Senior VP &amp; Director of Investor Relations">Mark M. Bette<text>I think we lost you, Brian. Maybe Brian, maybe you could re-queue and we could take that. Otherwise, we've got, I think, one more. Alex, can you hear us? You're next in queue.<sentiment>neutral</sentiment><pos>0.0446</pos><neg>0.1497</neg><neutr>0.8057</neutr><emotion>neutral</emotion></text>
                    </speaker>
                </followAnswer>
            <answer id="5">
                <speaker id="4" position="Goldman Sachs Group, Inc., Research Division">Alexander Blostein<text>I can hear you guys. I don't know if I'm speaking live.<sentiment>neutral</sentiment><pos>0.034</pos><neg>0.1031</neg><neutr>0.8629</neutr><emotion>neutral</emotion></text>
                    </speaker>
                </answer>
            <answer id="5">
                <speaker id="40" position="Chairman &amp; CEO">Michael G. O’Grady<text>We can hear you so go for it.<sentiment>neutral</sentiment><pos>0.105</pos><neg>0.0148</neg><neutr>0.8802</neutr><emotion>curiosity</emotion></text>
                    </speaker>
                </answer>
            <answer id="5">
                <speaker id="4" position="Goldman Sachs Group, Inc., Research Division">Alexander Blostein<text>Great. Sorry. So loud and clear on the deposit trajectory in terms of the sizing of the balance sheet. I'm curious how that could play out with money market funds because that industry has obviously seen tremendous amount of inflows as well. If you go to the last cycle, it's really not that clear there was a huge amount of decline in money market fund balances as the Fed started to unwind their policies in QE. 
How are you guys thinking about the sustainability of all the market share gains you've seen in the money market fund space because that will obviously inform the amount of money market fee waivers that's going to come back? So $80-ish million is kind of what you're waiving today per quarter. All of it is presumably going to come back with the first hike, but that obviously assumes the balances stay in the same place.<sentiment>negative</sentiment><pos>0.0637</pos><neg>0.6086</neg><neutr>0.3277</neutr><emotion>frustration, doubtful, negative surprise, skepticism</emotion></text>
                    </speaker>
                </answer>
            <answer id="5">
                <speaker id="39" position="Chief Financial Officer">Jason Jerrome Tyler<text>Yes. So I think the similar math that we went through earlier on the deposits, I mean, we were at something like $215 billion in AUM pre-crisis and then we ended 2020 at $272 billion. We ended 2021 at $333 billion. And I can tell you, as we sit day before yesterday, we're at $324 billion. So it came down a little but we have gained market share by any measure that we look at. 
And that's not, we don't think it's accidental. We did a lot of things related to cutoff times and the investment performance has been exceptional in those funds. And so we think we've earned higher market share there. And I think it's tough to tell. There's not just what happens as clients unwind but there's also the prospect of regulation in the 2a-7 fund industry. And as you know, in Europe, there's much more of a demand for large institutional clients to use balance sheet as opposed to funds. 
And we'll see what happens here if there's a shift. And it's one of the reasons why we've done other things to try to launch new products to help our clients on liquidity to be able to provide other services and to be a third-party repo provider and to launch new funds that are more appealing with better cutoff times. And so we'll see what comes there, but the best defense we can have in the short run is having a good liquid balance sheet and have availability to bring on deposits if our clients want to, which is one of the reasons we always leave room to try and to bring more onto the balance sheet. That's why our leverage ratios have tended to be strong.<sentiment>neutral</sentiment><pos>0.3462</pos><neg>0.0271</neg><neutr>0.6267</neutr><emotion>confidence, optimism</emotion></text>
                    </speaker>
                </answer>
            <transition>
                <speaker id="0" position="Operator">Operator<text>And we'll go ahead and move back to Brian Bedell.<sentiment>neutral</sentiment><pos>0.038</pos><neg>0.0222</neg><neutr>0.9397</neutr><emotion>neutral</emotion></text>
                    </speaker>
                </transition>
            <question id="6">
                <speaker id="7" position="Deutsche Bank AG, Research Division">Brian Bertram Bedell<text>Sorry about that back. Can you hear me now?<sentiment>neutral</sentiment><pos>0.0542</pos><neg>0.0343</neg><neutr>0.9115</neutr><emotion>neutral</emotion></text>
                    </speaker>
                </question>
            <answer id="6">
                <speaker id="39" position="Chief Financial Officer">Jason Jerrome Tyler<text>You're good, Brian.<sentiment>positive</sentiment><pos>0.5146</pos><neg>0.0386</neg><neutr>0.4468</neutr><emotion>confidence, excitement, optimism, positive surprise</emotion></text>
                    </speaker>
                </answer>
            <followQuestion id="0" question_id="6">
                <speaker id="7" position="Deutsche Bank AG, Research Division">Brian Bertram Bedell<text>Okay. Great. Just the follow-up was also on expenses. And I don't know if you heard me start the question. It was really about your expense growth on an annual basis has been pretty reliable over the last decade annually in that mid-single-digit area, almost exactly 5% on an annualized basis, which I know you try to target some natural organic growth or the organic revenue growth. 
However, in the last tightening cycle in 2017, 2018, it was more elevated naturally in that 8% to 9% area given obviously the leverage from rates. And I just wanted to get a sense of, as we think about sort of a trajectory, is that a reliable type of indicator versus the sort of the average over the last 10 years?<sentiment>neutral</sentiment><pos>0.1002</pos><neg>0.0411</neg><neutr>0.8587</neutr><emotion>curiosity</emotion></text>
                    </speaker>
                </followQuestion>
            <followAnswer id="0" question_id="6">
                <speaker id="39" position="Chief Financial Officer">Jason Jerrome Tyler<text>A couple of thoughts and then Mike may jump in as well. One, I don't, in this cycle, things are driven less by what is the Fed doing to control growth. It's what is the Fed doing to control inflation. And inflation is correlated to our cost base. And so we're going to feel that and that's going to be different. 
And walking through the expenses earlier, just in the comp line, having a 5% growth there, and then equipment and software having a growth at or above the 9% we had year-over-year, you can tell we're in a mode where we're feeling expense growth over time, it's just got upward pressure on it. Now the good thing is that the growth in the business is good and the benefit coming from rates, which is, it's not distinct, it's correlated to the inflation. 
When inflation exists, we are getting a benefit partially coming from the fact that the Fed is fighting that inflation with higher rates. And luckily, we have good leverage in that. And we walked through earlier on this call that the impact to NII and the impact to fees and so it's good, but I don't think that historical 5% is necessarily something we'd look at and say, is that the right target given the environment we're in today. Mike?<sentiment>neutral</sentiment><pos>0.204</pos><neg>0.0239</neg><neutr>0.7721</neutr><emotion>curiosity</emotion></text>
                    </speaker>
                </followAnswer>
            <answer id="6">
                <speaker id="40" position="Chairman &amp; CEO">Michael G. O’Grady<text>Just to add on that, Brian. The reality is to serve our clients but equally important to compete and win in the marketplace, we need the best people and we need digital capabilities. And so as Jason is saying, if you're in an inflationary environment, that's something you have to deal with because you need that expertise. You need the people to develop the technology as well. You need the people who service those clients and the price or cost of that is different. And the same thing with developing the technological capabilities to be able to compete as well. So hard to pick a number on that, but as far as the dynamics that you're going through, I think it's a combination of what Jason said there and then just what's happening in the competitive marketplace.<sentiment>neutral</sentiment><pos>0.061</pos><neg>0.0459</neg><neutr>0.8931</neutr><emotion>neutral</emotion></text>
                    </speaker>
                </answer>
            <followQuestion id="1" question_id="6">
                <speaker id="7" position="Deutsche Bank AG, Research Division">Brian Bertram Bedell<text>Right. Yes. No. I was thinking the growth would be closer to that 2017, 2018 level of the 8% to 9% rather than the historical 5% given everything that you've been saying, if that makes sense?<sentiment>neutral</sentiment><pos>0.1142</pos><neg>0.0326</neg><neutr>0.8532</neutr><emotion>curiosity</emotion></text>
                    </speaker>
                </followQuestion>
            <followAnswer id="1" question_id="6">
                <speaker id="40" position="Chairman &amp; CEO">Michael G. O’Grady<text>Yes.<sentiment>neutral</sentiment><pos>0.1082</pos><neg>0.0226</neg><neutr>0.8692</neutr><emotion>acknowledgement</emotion></text>
                    </speaker>
                </followAnswer>
            <transition>
                <speaker id="0" position="Operator">Operator<text>And we'll move on to our next question from Gerard Cassidy from RBC.<sentiment>neutral</sentiment><pos>0.0469</pos><neg>0.0192</neg><neutr>0.9338</neutr><emotion>doubtful, curiosity, skepticism</emotion></text>
                    </speaker>
                </transition>
            <question id="7">
                <speaker id="10" position="RBC Capital Markets, Research Division">Gerard Sean Cassidy<text>Jason, you brought up a good point about the appreciation in the markets correlating with the Fed's balance sheet growing so dramatically. In your slides, you gave us that the total revenue for the full year, the trust investment and other services fees were up 9%. I think you also showed us that the S&amp;P on a fourth quarter to fourth quarter was up 25% or thereabouts. How much of the 9% growth would you attribute to the markets going higher versus your customers bringing in new business?<sentiment>positive</sentiment><pos>0.9347</pos><neg>0.0132</neg><neutr>0.0521</neutr><emotion>confidence, excitement, optimism, positive surprise</emotion></text>
                    </speaker>
                </question>
            <answer id="7">
                <speaker id="39" position="Chief Financial Officer">Jason Jerrome Tyler<text>I can get you pretty close on that.<sentiment>neutral</sentiment><pos>0.1284</pos><neg>0.0146</neg><neutr>0.8571</neutr><emotion>curiosity</emotion></text>
                    </speaker>
                </answer>
            <answer id="7">
                <speaker id="36" position="Senior VP &amp; Director of Investor Relations">Mark M. Bette<text>Yes. You want me to?<sentiment>neutral</sentiment><pos>0.0529</pos><neg>0.0253</neg><neutr>0.9218</neutr><emotion>acknowledgement</emotion></text>
                    </speaker>
                </answer>
            <answer id="7">
                <speaker id="39" position="Chief Financial Officer">Jason Jerrome Tyler<text>Yes. Go ahead.<sentiment>neutral</sentiment><pos>0.0796</pos><neg>0.0186</neg><neutr>0.9018</neutr><emotion>acknowledgement</emotion></text>
                    </speaker>
                </answer>
            <answer id="7">
                <speaker id="36" position="Senior VP &amp; Director of Investor Relations">Mark M. Bette<text>Sure. So Gerard, this is Mark. You're looking at the 9% full year trust fee growth. And so if we can get there directionally for you because we did have, obviously, the significant waiver drag as well. So waivers, if you did the math, I think we're about a 6- to 7-point drag, so that kind of brings you up to about a 16% growth without the waivers. And more than half of that was markets, with the rest of it being organic but fairly close. I mean, call it, 9% or 10% or so of that 16% would have been from markets. And then there's some other impacts like currencies and things like that, but that would give you a good proxy for the markets.<sentiment>neutral</sentiment><pos>0.1427</pos><neg>0.0332</neg><neutr>0.824</neutr><emotion>curiosity</emotion></text>
                    </speaker>
                </answer>
            <followQuestion id="0" question_id="7">
                <speaker id="10" position="RBC Capital Markets, Research Division">Gerard Sean Cassidy<text>No, that's very helpful. And then Jason, following up, you mentioned a couple of times about you don't expect your loan growth in 2022, which was up, I think, 20% in 2021 could be that strong. Can you maybe give us some color on where you're expecting to kind of pull it back or just not to be as aggressive in '22 versus '21?<sentiment>neutral</sentiment><pos>0.4064</pos><neg>0.026</neg><neutr>0.5676</neutr><emotion>optimism</emotion></text>
                    </speaker>
                </followQuestion>
            <followAnswer id="0" question_id="7">
                <speaker id="39" position="Chief Financial Officer">Jason Jerrome Tyler<text>Yes. It's not a pullback. It's more we felt, a couple of years ago, our bankers felt, they made a good observation which was, I think we were seen as a reluctant lender with our clients. And our clients were doing things. They took pride in having large assets for us to manage and advise, but they thought we might not want to be a lender to them. 
And we wanted to deliberately go back and explain to those clients that if they wanted to buy a third home, if they were going to buy another business, if they were involved in private equity and needed warehouse lines, we're there for them to do that. And we're excellent in doing the underwriting and we're competitive on the pricing. 
And we didn't want to go out and do new types of lending with new types of clients. We wanted to do the same types of lending with the clients we knew. And so we've gotten through a lot of that. And we will, so from here, I think our lending opportunities will be more what does the market provide, but that go back to those clients and explain to them how much we want to be supportive of them. A lot of that has played through. 
And then the second dynamic, and I've talked about it before, is in this type of volatile environment, some of our ultra, ultra-high net worth clients, they will do very large loans. And so that's driven some of the growth as well. And it's just unpredictable whether that will stay on the books for a long time.<sentiment>neutral</sentiment><pos>0.13</pos><neg>0.0255</neg><neutr>0.8445</neutr><emotion>curiosity</emotion></text>
                    </speaker>
                </followAnswer>
            <followQuestion id="1" question_id="7">
                <speaker id="10" position="RBC Capital Markets, Research Division">Gerard Sean Cassidy<text>And I know, Jason, you don't want to give a forecast on loan growth, but could it revert back to like pre-'19 levels in terms of that kind of growth as we look forward?<sentiment>neutral</sentiment><pos>0.0823</pos><neg>0.0412</neg><neutr>0.8765</neutr><emotion>confidence, optimism</emotion></text>
                    </speaker>
                </followQuestion>
            <followAnswer id="1" question_id="7">
                <speaker id="39" position="Chief Financial Officer">Jason Jerrome Tyler<text>I think that it's less easy to predict. I do think at this point, the message is out that we're there for our clients. And so the answer is probably somewhere in between. But the spikiness, which could go up and could go down, is just something that our portfolio size-wise isn't as granular on a percentage basis. And so I just always try to remind people of that as they are doing calculations quarter-to-quarter and year-to-year.<sentiment>neutral</sentiment><pos>0.0609</pos><neg>0.3257</neg><neutr>0.6135</neutr><emotion>confusion</emotion></text>
                    </speaker>
                </followAnswer>
            <ending>
                <speaker id="0" position="Operator">Operator<text>And with that, that does conclude our question-and-answer session. And I would like to turn it back over to our presenters for any additional or closing remarks.<sentiment>neutral</sentiment><pos>0.0304</pos><neg>0.0254</neg><neutr>0.9443</neutr><emotion>neutral</emotion></text>
                    </speaker>
                </ending>
            <ending id="8">
                <speaker id="36" position="Senior VP &amp; Director of Investor Relations">Mark M. Bette<text>Thank you. Thanks for joining us, and we'll talk to you in April for our first quarter earnings. 
OperatorAnd with that, that does conclude today's call. Thank you for your participation. You may now disconnect.<sentiment>neutral</sentiment><pos>0.0292</pos><neg>0.0644</neg><neutr>0.9064</neutr><emotion>neutral</emotion></text>
                    </speaker>
                </ending>
            </section>
        </body>
    </Transcript>