<?xml version='1.0' encoding='utf-8'?>
<Transcript>
    <header>
        <company>Northern Trust Corporation NasdaqGS:NTRS</company>
        <quarter>Q3-2021</quarter>
        <time>Wednesday, October 20, 2021 2:00 PM GMT</time>
        <currency>Currency: USD</currency>
        <note>Consensus as of  Oct-20-2021 3:02 AM GMT</note>
        <ticker>NTRS</ticker>
        <stock_price_before>114.266298</stock_price_before>
        <stock_price_after>115.657768</stock_price_after>
        <stock_performance>positive</stock_performance>
        </header>
    <body>
        <section name="Financial Tables">
            <table id="0" name="Earnings Estimates Comparison Table">
                <timePeriods>
                    <period name="FQ3 2021" />
                    <period name="FQ4 2021" />
                    <period name="FY 2021" />
                    </timePeriods>
                <metrics>
                    <metric name="EPS Normalized">
                        <value period="-FQ3 2021-" type="CONSENSUS">1.66</value>
                        <value period="-FQ4 2021-" type="ACTUAL">1.80</value>
                        <value period="-FY 2021-" type="SURPRISE">8.43</value>
                        </metric>
                    <metric name="Revenue  (mm)">
                        <value period="-FQ3 2021-" type="CONSENSUS">1613.98</value>
                        <value period="-FQ4 2021-" type="ACTUAL">1644.50</value>
                        <value period="-FY 2021-" type="SURPRISE">1.89</value>
                        </metric>
                    </metrics>
                </table>
            <table id="1" name="EPS Normalized Comparison Table">
                <timePeriods>
                    <period name="FQ4 2020" />
                    <period name="FQ1 2021" />
                    <period name="FQ2 2021" />
                    <period name="FQ3 2021" />
                    </timePeriods>
                <metrics>
                    <metric name="EPS Normalized">
                        <value period="FQ4 2020" type="CONSENSUS">1.49</value>
                        <value period="FQ1 2021" type="CONSENSUS">1.49</value>
                        <value period="FQ2 2021" type="CONSENSUS">1.69</value>
                        <value period="FQ3 2021" type="CONSENSUS">1.66</value>
                        </metric>
                    </metrics>
                </table>
            </section>
        <section name="Call Participants">
            <person company="Northern Trust Corporation NasdaqGS:NTRS" position="Chief Financial Officer" group="EXECUTIVES" id="0">Jason Jerrome Tyler</person>
            <person company="Northern Trust Corporation NasdaqGS:NTRS" position="Senior VP &amp; Director of Investor Relations" group="EXECUTIVES" id="1">Mark M. Bette</person>
            <person company="Northern Trust Corporation NasdaqGS:NTRS" position="Chairman, President &amp; CEO" group="EXECUTIVES" id="2">Michael G. O’Grady</person>
            <person company="Goldman Sachs Group, Inc." group="ANALYSTS" id="3">Alexander Blostein</person>
            <person company="Morgan Stanley" group="ANALYSTS" id="4">Betsy Lynn Graseck</person>
            <person company="UBS Investment Bank" group="ANALYSTS" id="5">Brennan Hawken</person>
            <person company="Deutsche Bank AG" group="ANALYSTS" id="6">Brian Bertram Bedell</person>
            <person company="RBC Capital Markets" group="ANALYSTS" id="7">Gerard Sean Cassidy</person>
            <person company="Evercore ISI Institutional Equities" group="ANALYSTS" id="8">Glenn Paul Schorr</person>
            <person company="Seaport Research Partners" group="ANALYSTS" id="9">James Francis Mitchell</person>
            <person company="Piper Sandler &amp; Co." group="ANALYSTS" id="10">Jeffery J. Harte</person>
            <person company="Jefferies LLC" group="ANALYSTS" id="11">Kenneth Michael Usdin</person>
            <person company="Wells Fargo Securities, LLC" group="ANALYSTS" id="12">Michael Lawrence Mayo</person>
            <person company="Autonomous Research LLP" group="ANALYSTS" id="13">Robert Henry Wildhack</person>
            <person company="Wolfe Research, LLC" group="ANALYSTS" id="14">Steven Joseph Chubak</person>
            <person company="JPMorgan Chase &amp; Co" group="ANALYSTS" id="15">Vivek Juneja</person>
            </section>
        <section name="Presentation ">
            <statement>
                <speaker id="-1" position="Operator">Operator<text>Good day, everyone. Welcome to the Northern Trust's Third Quarter 2021 Earnings Call. Today's conference is being recorded. 
At this time, I'd like to turn the call over to Mr. Mark Bette. Please go ahead, sir.<sentiment>neutral</sentiment><analysis>Overall sentiment is neutral. 1 sentences are positive (14.29%). 0 sentences are negative (0.00%). 6 sentences are neutral (85.71%). </analysis></text>
                    </speaker>
                </statement>
            <statement>
                <speaker id="1" position="Senior VP &amp; Director of Investor Relations" company="Northern Trust Corporation NasdaqGS:NTRS">Mark M. Bette<text>Thank you, Alan. Good morning, everyone, and welcome to Northern Trust Corporation's Third Quarter 2021 Earnings Conference Call. Joining me on our call this morning are Michael O’Grady, our Chairman and CEO; and Jason Tyler, our Chief Financial Officer. Our third quarter earnings press release and financial trends report are both available on our website at northerntrust.com. 
Also, on our website, you will find our quarterly earnings review presentation, which we will use to guide today's conference call. This October 20 call is being webcast live on northerntrust.com. The only authorized rebroadcast of this call is the replay that will be available on our website through November 17. Northern Trust disclaims any continuing accuracy of the information provided in this call after today. 
Now for our safe harbor statement. What we say during today's conference call may include forward-looking statements, which are Northern Trust's current estimates and expectations of future events or future results. Actual results, of course, could differ materially from those expressed or implied by these statements because the realization of those results is subject to many risks and uncertainties that are difficult to predict. I urge you to read our 2020 annual report on Form 10-K and other reports filed with the Securities and Exchange Commission for detailed information about factors that could affect actual results. [Operator Instructions] Thank you again for joining us today. 
Let me turn the call over to Mike O’Grady.<sentiment>neutral</sentiment><analysis>Overall sentiment is neutral. 2 sentences are positive (11.76%). 1 sentences are negative (5.88%). 14 sentences are neutral (82.35%). The classified negative sentences are: (1) Actual results, of course, could differ materially from those expressed or implied by these statements because the realization of those results is subject to many risks and uncertainties that are difficult to predict. </analysis></text>
                    </speaker>
                </statement>
            <statement>
                <speaker id="2" position="Chairman, President &amp; CEO" company="Northern Trust Corporation NasdaqGS:NTRS">Michael G. O’Grady<text>Thank you, Mark. Let me join and welcome you to our third quarter 2021 earnings call. During the third quarter, we continued to have success executing on our growth strategies across each of our businesses. In our Wealth Management business, we've driven strong growth across each of our regions and our Global Family Offices business. We continue to see improved levels of engagement and new business activities with both existing and new clients. 
During the quarter, we've also invested and strengthened our depth of expertise. There's no question that labor markets are tight and competition for talent is fierce. But even amidst this environment, we are very pleased with the additions to our team across the country. 
Within asset management, we continue to see momentum in our quant active FlexShares ETF and ESG strategies. We launched 6 new climate themed ETFs, which incorporate our new ESG Vector Score. Two of the launch funds were in Europe, marking our second launch of FlexShares offerings in Europe. We've also continued to have growth in our liquidity products, and our money funds surpassed $300 billion in assets under management during the quarter for the first time. 
Additionally, our Asset Management business was recognized by investment news as a 2021 Excellence in Diversity, Equity and Inclusion Award winner for the third consecutive year. Our asset servicing business continues to see growth that is well diversified across regions, products and client segments. We remain focused on driving profitable growth while investing and expanding our asset servicing solutions. The current environment has continued to pressure margins earned by investment managers and as they rethink their operating models and whether to move to outsource solutions, our whole office approach has put us in a position to help them achieve their goals. 
We're also positioned well to benefit from the trends of asset owners managing more assets in-house as the flexibility of our model and ability to combine capabilities for these clients has been an area of strength. Our growth strategies within each of our businesses resulted in 11% year-over-year growth for our trust fees and 10% growth in our revenue. Our expenses also increased year-over-year, albeit at a lower rate as we continue to invest in technology and our staff, including higher levels of compensation as we build a diverse, engaged workforce with skills for the future. Taken together, this resulted in both positive fee operating leverage as well as positive total operating leverage. 
To close, I also want to express my sincere and immense appreciation for our employees around the world whose commitment, expertise and professionalism in serving our clients, communities and one another continues to be truly extraordinary. 
Now let me turn the call to Jason to review our financial results in greater detail for the quarter.<sentiment>positive</sentiment><analysis>Overall sentiment is positive. 17 sentences are positive (73.91%). 1 sentences are negative (4.35%). 5 sentences are neutral (21.74%). The classified negative sentences are: (1) There's no question that labor markets are tight and competition for talent is fierce. </analysis></text>
                    </speaker>
                </statement>
            <statement>
                <speaker id="0" position="Chief Financial Officer" company="Northern Trust Corporation NasdaqGS:NTRS">Jason Jerrome Tyler<text>Thank you, Mike. Let me join Mark and Mike in welcoming you to our third quarter 2021 earnings call. Let's dive into the financial results of the quarter, starting on Page 2. This morning, we reported third quarter net income of $395.7 million. Earnings per share were $1.80, and our return on average common equity was 13.7%, which matches our performance from the prior 2 quarters. 
You can see some historical market data on the bottom of Page 2. Recall that a significant portion of our trust fees are based on quarter lag or month lag asset levels in both the S&amp;P 500 and EAFE Local had favorable sequential performance based on those calculations. As shown on this page, average 1-month and 3-month LIBOR rates were modestly lower during the quarter. 
Let's move to Page 3 and review the financial highlights of the third quarter. Year-over-year, revenue was up 10%, and expenses increased 3%. Net income was up 34%. In the sequential comparison, revenue was up 4% and expenses were up 1%, while net income was up 7%. The provision for credit losses reflected a release of $13 million in reserves in the current quarter compared to a release of $27 million in the prior quarter. Return on average common equity was 13.7% for the quarter, up from 10.5% a year ago and consistent with the prior quarter. Assets under custody and administration and assets under custody were both up 21% compared to the prior year and flat on a sequential basis. Assets under management were $1.5 trillion and were up 17% from a year ago and also flat on a sequential basis. 
Let's look at the results in greater detail, starting with revenue on Page 4. Trust, investment and other services fees, representing the largest component of our revenue, totaled $1.1 billion and were up 11% from last year and up 3% sequentially. Foreign exchange trading income was $66 million in the quarter, up 8% year-over-year and down 6% sequentially. The year-over-year growth was driven by higher volumes while the sequential decline was due to lower volumes and lower volatility. The remaining components of noninterest income totaled $110 million in the quarter, up 21% from 1 year ago and up 11% sequentially. Within this, securities commissions and trading income was up 40% from the prior year and up 10% sequentially. 
Higher levels of interest rate swap activity benefited both the year-over-year and sequential results, while higher core brokerage revenue also benefited the performance versus last year. Other operating income totaled $62 million and was up 17% from 1 year ago and up 15% sequentially. The increase compared to a year ago was driven by distributions from certain investments in community development projects as well as higher banking and credit-related fees, partially offset by lower miscellaneous income. The sequential increase was primarily driven by lower expenses related to Visa swap agreements and the higher income from investments in community development projects. Net interest income, which I'll discuss in more detail later, was $357 million and was up 6% from 1 year ago and up 4% sequentially. 
Let's look at the components of our trust and investment fees on Page 5. For our Corporate &amp; Institutional Services business, fees totaled $630 million and were up 8% year-over-year and up 3% sequentially. Custody and fund administration fees were $460 million and up 17% year-over-year and up 1% sequentially. Both the year-over-year and sequential increases were driven by favorable markets and new business. Unfavorable currency translation and lower transaction volumes also impacted the sequential comparison. Assets under custody and administration for C&amp;IS clients were $14.8 trillion at quarter end, up 21% year-over-year and flat sequentially. The year-over-year growth was primarily driven by favorable markets and new business. The sequential performance was driven by new business and favorable markets, offset by unfavorable currency translation. 
Investment management fees in C&amp;IS of $114 million were down 17% year-over-year and up 13% sequentially. The year-over-year performance was driven by higher money market fund fee waivers partially offset by favorable markets and new business. The sequential performance was driven by new business and favorable markets. Fee waivers in C&amp;IS totaled $49.9 million in the third quarter, essentially unchanged from the prior quarter, but up compared to $0.9 million in the prior year. 
Assets under management for C&amp;IS clients were $1.2 trillion, up 17% year-over-year and down 1% sequentially. The growth from the prior year was driven by favorable markets and client flows. The sequential decline was driven by modest unfavorable impact from markets and currency partially offset by positive net flows. Securities lending fees were $20 million, up 2% year-over-year and up 3% sequentially. Average collateral levels were up 22% year-over-year and up 3% sequentially. 
Moving to our Wealth Management business. Trust, investment and other servicing fees were $481 million and were up 15% compared to the prior year and up 4% from the prior quarter. Fee waivers in Wealth Management totaled $26.7 million in the current quarter compared to $29.2 million in the prior quarter and $4.4 million in the prior year. 
Across the regions in Global Family Office, the year-over-year growth was driven by favorable markets and new business partially offset by higher fee waivers. For the sequential performance, the growth within the regions was mainly due to favorable markets as well as slightly lower fee waivers. Within Global Family Office, the sequential growth was primarily due to new business, favorable markets and lower fee waivers. Assets under management for Wealth Management clients were $373 billion at quarter end, up 17% year-over-year and essentially flat on a sequential basis. The year-over-year growth was driven by favorable markets and client flows while the sequential performance primarily reflected client flows mainly offset by unfavorable markets. 
Moving to Page 6. Net interest income was $357 million in the quarter and was up 6% from the prior year. Earning assets averaged $144 billion in the quarter, up 11% versus the prior year. Average deposits were $130 billion and were up 15% versus the prior year, while loan balances averaged $38 billion and were up 16% compared to the prior year. The net interest margin was 0.98% in the quarter and was down 5 basis points from a year ago. The net interest margin decreased primarily due to lower average interest rates partially offset by the benefits of balance sheet volume and mix. On a sequential quarter basis, net interest income grew 4%. Average earning assets and average deposits increased 1% on a sequential basis, while average loan balances were up 6%. The net interest margin increased 1 basis point sequentially primarily due to changes in balance sheet volume and mix. 
Turning to Page 7. Expenses were $1.1 billion in the third quarter and were 3% higher than the prior year and up 1% from the prior quarter. This quarter's results included a $6.9 million pension settlement charge within the employee benefits expense category, while the prior quarter included a pension charge of $17.6 million. Also, recall that last year's results included a $43.4 million charge relating to account services -- account servicing activities. 
Excluding these items, expenses were up 7% versus the prior year and up 2% sequentially. Compensation expense totaled $496 million and was up 7% compared to the prior year and was up 2% sequentially. The year-over-year growth was primarily driven by higher cash-based incentive accruals as well as higher salaries. The sequential increase was primarily due to higher cash-based incentive accruals. Excluding the previously mentioned pension settlement charges, employee benefits expense was down 3% from a year ago and down 6% sequentially. 
Outside services expense was $211 million and was up 13% from a year ago and down 3% from the prior quarter. Revenue and business volume expenses accounted for approximately 3/4 of the year-over-year growth. The remaining year-over-year growth within the category included higher technical services, consulting and data processing related costs, reflecting investment in the business as well as the timing of engagements. The sequential decline was driven by lower technical services, legal services and third-party advisor fees partially offset by higher sub custody-related costs. 
Equipment and software expense of $185 million was up 8% from 1 year ago and up 4% sequentially. Both the year-over-year and sequential increases reflected higher software support and amortization costs. Occupancy expense of $54 million was up 4% from a year ago and up 3% sequentially. Higher real estate taxes and building operation costs were the primary drivers of both increases. 
Excluding the prior year's charge, other operating expense of $81 million was down 3% from 1 year ago and up 20% sequentially. The year-over-year decline was driven by lower miscellaneous expenses and staff-related costs partially offset by higher business promotion spend. The sequential increase was impacted by higher costs associated with the Northern Trust sponsored PGA golf tournament partially offset by other miscellaneous expenses within the category. 
Turning to Page 8. Our capital ratios remain strong with our common equity Tier 1 ratio of 11.9% under the standardized approach, down slightly from the prior quarter. Our Tier 1 leverage ratio was 7.1% in line with the prior quarter. During the quarter, we purchased 860,000 shares of common stock at a cost of $100 million. We also declared cash dividends of $0.70 per share, totaling $148 million to common stockholders. 
The current environment continues to demonstrate the importance of a strong capital base and liquid balance sheet profile to support our clients' needs, and we continue to provide our clients with the exceptional service and solution expertise they've come to expect. Our competitive positioning across each of our businesses, Wealth Management, Asset Management and asset servicing continues to resonate well in the marketplace and is generating organic growth across each business. Thank you again for participating in Northern Trust's third quarter earnings conference call today. Mike, Mark and I would be happy to answer your questions. 
Alan, will you please open the line?<sentiment>positive</sentiment><analysis>Overall sentiment is positive. 57 sentences are positive (50.44%). 20 sentences are negative (17.70%). 36 sentences are neutral (31.86%). The classified negative sentences are: (1) As shown on this page, average 1-month and 3-month LIBOR rates were modestly lower during the quarter. (2) The provision for credit losses reflected a release of $13 million in reserves in the current quarter compared to a release of $27 million in the prior quarter. (3) Foreign exchange trading income was $66 million in the quarter, up 8% year-over-year and down 6% sequentially. (4) The year-over-year growth was driven by higher volumes while the sequential decline was due to lower volumes and lower volatility. (5) Unfavorable currency translation and lower transaction volumes also impacted the sequential comparison. (6) Investment management fees in C&amp;IS of $114 million were down 17% year-over-year and up 13% sequentially. (7) The sequential decline was driven by modest unfavorable impact from markets and currency partially offset by positive net flows. (8) 7 million in the current quarter compared to $29. (9) 2 million in the prior quarter and $4. (10) 98% in the quarter and was down 5 basis points from a year ago. (11) The net interest margin decreased primarily due to lower average interest rates partially offset by the benefits of balance sheet volume and mix. (12) 9 million pension settlement charge within the employee benefits expense category, while the prior quarter included a pension charge of $17. (13) Excluding the previously mentioned pension settlement charges, employee benefits expense was down 3% from a year ago and down 6% sequentially. (14) Outside services expense was $211 million and was up 13% from a year ago and down 3% from the prior quarter. (15) The sequential decline was driven by lower technical services, legal services and third-party advisor fees partially offset by higher sub custody-related costs. (16) Higher real estate taxes and building operation costs were the primary drivers of both increases. (17) Excluding the prior year's charge, other operating expense of $81 million was down 3% from 1 year ago and up 20% sequentially. (18) The year-over-year decline was driven by lower miscellaneous expenses and staff-related costs partially offset by higher business promotion spend. (19) The sequential increase was impacted by higher costs associated with the Northern Trust sponsored PGA golf tournament partially offset by other miscellaneous expenses within the category. (20) 9% under the standardized approach, down slightly from the prior quarter. </analysis></text>
                    </speaker>
                </statement>
            </section>
        <section name="Question and Answer">
            <transition>
                <speaker id="-1" position="Operator">Operator<text>Certainly, sir. [Operator Instructions] And we will take our first question from Glenn Schorr with Evercore.<sentiment>neutral</sentiment><pos>0.0642</pos><neg>0.0128</neg><neutr>0.9229</neutr></text>
                    </speaker>
                </transition>
            <question id="0">
                <speaker id="8" company="Evercore ISI Institutional Equities">Glenn Paul Schorr<text>First one is a question on custody and fund administration fees. Usually, we're beating you up and saying, why didn't they grow as much as assets at this time, you had 17% growth, almost kept pace with the 21% growth in assets. So I guess the underlying question is, what's the nature of the new business that you're adding on? How’s that average fee compared to the overall average? And if there's anything else you could add on in there, that would be great because it's interesting.<sentiment>neutral</sentiment><pos>0.0731</pos><neg>0.0299</neg><neutr>0.8969</neutr></text>
                    </speaker>
                </question>
            <answer id="0">
                <speaker id="0" position="Chief Financial Officer" company="Northern Trust Corporation NasdaqGS:NTRS">Jason Jerrome Tyler<text>Sure. Well, I'll start, and if Mike wants to jump in. In looking at what's been added on, what was interesting to me is it's a really good blend across geographies and across client channels. And so there's been good business that's been onboarded in EMEA, APAC, but also in North America. And then you look at the client channels, whether it's our traditional Institutional Investor Group, IIG, or our Fund Services group, there's been business that's been onboarded across the board. 
Interestingly, we don't look that much at kind of the average fee per the assets coming on board. We look much more at what are we doing for those clients. And so I think what jumps more to me is how we've been able to continue to build in some of the other ancillary services that we're doing for clients, things overall, like core brokerage and you see FX down mostly because of the summer dynamic, but it's up nicely over year-over-year. Mike, anything to add?<sentiment>neutral</sentiment><pos>0.4431</pos><neg>0.0291</neg><neutr>0.5279</neutr></text>
                    </speaker>
                </answer>
            <answer id="0">
                <speaker id="2" position="Chairman, President &amp; CEO" company="Northern Trust Corporation NasdaqGS:NTRS">Michael G. O’Grady<text>I would just add, Glenn, 2 points. One is that with some of the new business that came online during the quarter, it was -- as Jason mentioned, in North America, it was in fund services and specifically fund administration plus other services related to that. So think about those as kind of full-service clients, to your point, where per dollar of assets is going to be higher. So good client wins on that front. 
And then the second thing is that we also get growth through the, I'll say, success and growth of our clients. And we've seen that particularly in the alternative assets area where they've had good flows and good appreciation and that has flowed through to some of the increase in fees that you've seen for us.<sentiment>positive</sentiment><pos>0.5647</pos><neg>0.0219</neg><neutr>0.4134</neutr></text>
                    </speaker>
                </answer>
            <followQuestion id="0" question_id="0">
                <speaker id="8" company="Evercore ISI Institutional Equities">Glenn Paul Schorr<text>That makes a lot of sense. Maybe just a quick follow-up. Now that you mentioned the alternative world. Obviously, it's a big push and ongoing momentum in the high net worth individuals, increasing their allocations to alts. We've seen that in a bunch of the big broker dealers. We've seen the alts getting success in distributing their product. You have a big Wealth Management platform. Can you just talk to us about where you're at in terms of that evolution?<sentiment>neutral</sentiment><pos>0.3327</pos><neg>0.0121</neg><neutr>0.6552</neutr></text>
                    </speaker>
                </followQuestion>
            <followAnswer id="0" question_id="0">
                <speaker id="2" position="Chairman, President &amp; CEO" company="Northern Trust Corporation NasdaqGS:NTRS">Michael G. O’Grady<text>So strategically, we see that as -- it's been successful, to your point, Glenn, but still has a big opportunity for us across the company, so meaning each of our businesses. And with each of those, I would say, we are trying to provide more in the way of services around that. So within Asset Management, our 50 South business is completely focused on providing alternative solutions for our -- both Wealth Management clients, but also institutional clients. 
Certainly, within asset servicing, I mentioned there a little bit alternative asset managers. As you know, we have a relatively meaningful business in hedge funds. With hedge funds, we're looking to expand that more to private capital where, again, we have a strong client base but looking to grow that faster. 
And then also within Wealth Management, if you just look at the asset allocation of our Wealth Management clients. At this point, it would indicate that overall, their allocation to alternatives should be higher over time. And so how can we provide that? We have some solutions on our platform in addition to 50 South, where they can invest directly in alternative funds. But we believe that there's more we can do across the spectrum of clients that we have.<sentiment>neutral</sentiment><pos>0.2964</pos><neg>0.0096</neg><neutr>0.6941</neutr></text>
                    </speaker>
                </followAnswer>
            <transition>
                <speaker id="-1" position="Operator">Operator<text>Your next question will come from the line of Steven Chubak with Wolfe Research.<sentiment>neutral</sentiment><pos>0.0301</pos><neg>0.0395</neg><neutr>0.9304</neutr></text>
                    </speaker>
                </transition>
            <question id="1">
                <speaker id="14" company="Wolfe Research, LLC">Steven Joseph Chubak<text>So just wanted to start off with a question on organic growth, and maybe specific to the Wealth Management segment. Some of your peers have been citing that flow rates have been running hot, expecting some moderation or normalization in the coming quarters. And was hoping you could speak to where organic growth within the wealth segment is running today? And what you believe is a sustainable flow rate for that business longer term?<sentiment>neutral</sentiment><pos>0.1305</pos><neg>0.0224</neg><neutr>0.8471</neutr></text>
                    </speaker>
                </question>
            <answer id="1">
                <speaker id="0" position="Chief Financial Officer" company="Northern Trust Corporation NasdaqGS:NTRS">Jason Jerrome Tyler<text>Well, the -- I'd start with separating the regions from GFO. And in general, over the last several years, the GFO business, which obviously is -- for people that are less familiar than you are, Steve, that serves the very upper end of our market, clients with dedicated family offices. And we think that that matches our brand particularly well. And we've seen strong growth there on a consistent basis. And so within the wealth segment, that's where we've seen higher levels. 
And then I think progressively, the -- in general, the higher the client base in terms of assets, that's where we've done well. And so that's been a continued theme for us. And as we look year-over-year, there's -- we've always talked about the fact that wealth will be lower organic growth relative to C&amp;IS through a cycle, but still positive, and that's what we've seen even if we look year-over-year.<sentiment>positive</sentiment><pos>0.5652</pos><neg>0.0689</neg><neutr>0.3659</neutr></text>
                    </speaker>
                </answer>
            <answer id="1">
                <speaker id="2" position="Chairman, President &amp; CEO" company="Northern Trust Corporation NasdaqGS:NTRS">Michael G. O’Grady<text>I would just add, there's also a tremendous amount of activity right now, which difficult to predict how that will continue. But when you think about family-owned businesses and other liquidity events for business owners, that wealth creation, where it goes from a business to being liquid wealth creates the opportunity for us to work with those clients in a different way. And so there's been a high level of activity on that front. And we'll see what happens through the end of the year here, potential tax changes, things like that that generally creates opportunity for us.<sentiment>neutral</sentiment><pos>0.3131</pos><neg>0.0198</neg><neutr>0.6671</neutr></text>
                    </speaker>
                </answer>
            <followQuestion id="0" question_id="1">
                <speaker id="14" company="Wolfe Research, LLC">Steven Joseph Chubak<text>That's great. And just for my follow-up on the NII outlook, certainly encouraging to see the uptick in securities yields in the quarter. And just curious if the forward curve holds, have we reached a point where we've lapped reinvestment headwinds? And just bigger picture in terms of the NII outlook more broadly, given strong loan growth and improving rate backdrop, should we expect to now grow off the current NII base level?<sentiment>positive</sentiment><pos>0.8708</pos><neg>0.0465</neg><neutr>0.0826</neutr></text>
                    </speaker>
                </followQuestion>
            <followAnswer id="0" question_id="1">
                <speaker id="0" position="Chief Financial Officer" company="Northern Trust Corporation NasdaqGS:NTRS">Jason Jerrome Tyler<text>So we're still -- we're not fully all the way through from an NII perspective. The whole balance sheet is, call it, 85% to 90% through. But obviously, we're not quite all the way there yet from a securities perspective. We're getting close. We're still losing, I'd call it, based on the reinvestment rates right now, about $1 million a quarter in reinvestment. But that's going to eventually taper off. 
And it's not as big of an impact as it was a year ago, obviously, just having $1 million a quarter drag. And so you're right in that from here, mostly the drivers are going to be based on what's happening in the business. And so you saw strong loan growth and other factors of where we're investing be the key drivers of the movement in NII. And the drag from reinvestment is definitely much, much lower than what it was before.<sentiment>negative</sentiment><pos>0.1418</pos><neg>0.4533</neg><neutr>0.405</neutr></text>
                    </speaker>
                </followAnswer>
            <transition>
                <speaker id="-1" position="Operator">Operator<text>And your next question comes from the line of Brennan Hawken with UBS.<sentiment>neutral</sentiment><pos>0.0337</pos><neg>0.0389</neg><neutr>0.9274</neutr></text>
                    </speaker>
                </transition>
            <question id="2">
                <speaker id="5" company="UBS Investment Bank">Brennan Hawken<text>I'd like to follow up on Steven's question, and his point, I think, is really fair. We've seen a pretty significant acceleration from a lot of the wealth management firms, and it's happening broadly. It's happening in the mass affluent space. It's happening in the high net worth space. It doesn't seem like you guys have seen a similar magnitude of acceleration. But we're not sure because we don't get the granular disclosure. 
So number one, could you maybe juxtapose -- do you juxtapose your growth versus some of those peers? And then maybe if the growth hasn't accelerated the way we've seen it, some of the others, why do you think that is? Do you think it's because you were focused on ultra-high net worth? Do you think it has something to do with your approach, and how you market to clients where face-to-face meetings are a lot more important? What do you think might be going on there?<sentiment>neutral</sentiment><pos>0.0796</pos><neg>0.0336</neg><neutr>0.8868</neutr></text>
                    </speaker>
                </question>
            <answer id="2">
                <speaker id="0" position="Chief Financial Officer" company="Northern Trust Corporation NasdaqGS:NTRS">Jason Jerrome Tyler<text>You're starting, right?<sentiment>neutral</sentiment><pos>0.0959</pos><neg>0.0197</neg><neutr>0.8844</neutr></text>
                    </speaker>
                </answer>
            <answer id="2">
                <speaker id="2" position="Chairman, President &amp; CEO" company="Northern Trust Corporation NasdaqGS:NTRS">Michael G. O’Grady<text>So I'll start. And I think, to your point, our business is different than what I would call the broad market for wealth managers. And as we've talked about many times, we're more focused upmarket where some of that activity can be lumpier, if you will, where there are large transactions that either our clients are a part of or large wins where we're bringing on new clients with very meaningful wealth. 
And so I think in that sense, you are going to have different dynamics that happen there. Now we do internally track closely the flows and the revenues that are coming in from the different types of clients. And as much as there's been some variability in the proportion that's coming from the ultra-high net worth versus the high net worth, it's still relatively steady. So I would say, to your point, we are participating in this very kind of broad base, whether we're participating as much as any one of the other particular competitors, I can't speak to. But on the higher end, it has its own set of dynamics.<sentiment>neutral</sentiment><pos>0.0708</pos><neg>0.0311</neg><neutr>0.8981</neutr></text>
                    </speaker>
                </answer>
            <followQuestion id="0" question_id="2">
                <speaker id="5" company="UBS Investment Bank">Brennan Hawken<text>Okay. And Jason, you’ve recently flagged some upward expense pressure at an industry conference, which has been a big focus for investors. So understand that, it's probably too early to get much of a sense for magnitude on that front. But if it is possible to try to frame the magnitude, that would be helpful, number one. And number two, even with that upward pressure, is the commitment and the focus still on generating fee revenue, operating leverage or organic operating leverage ex the fee waivers?<sentiment>neutral</sentiment><pos>0.1082</pos><neg>0.031</neg><neutr>0.8608</neutr></text>
                    </speaker>
                </followQuestion>
            <followAnswer id="0" question_id="2">
                <speaker id="0" position="Chief Financial Officer" company="Northern Trust Corporation NasdaqGS:NTRS">Jason Jerrome Tyler<text>Thanks. I don't want to ramble, would it be helpful for me to just give a little bit of an overview expenses in general? Or do you want me to just stay specifically on the -- on kind of what happened with technology, equipment and services outside services?<sentiment>neutral</sentiment><pos>0.0312</pos><neg>0.0459</neg><neutr>0.9229</neutr></text>
                    </speaker>
                </followAnswer>
            <followQuestion id="1" question_id="2">
                <speaker id="5" company="UBS Investment Bank">Brennan Hawken<text>No. It's much more about the outlook and thinking about next year versus what's happened here recently.<sentiment>neutral</sentiment><pos>0.0682</pos><neg>0.0509</neg><neutr>0.8809</neutr></text>
                    </speaker>
                </followQuestion>
            <followAnswer id="1" question_id="2">
                <speaker id="0" position="Chief Financial Officer" company="Northern Trust Corporation NasdaqGS:NTRS">Jason Jerrome Tyler<text>Sounds good. So we mentioned historically that we think about expenses in 4 categories. There's inflation, efficiencies, investments and growth. So just keep that framework in mind, and I'll give some of the key themes that we're thinking about as we're thinking about 2022 expenses. 
So first, inflation is going to hit in a couple of areas. Mike talked earlier about the pressures we're feeling there. In comp, we're going to see higher growth levels. Every firm is talking about the challenges of retaining and attracting top talent, we’re no different. So this will hit -- it's affecting the salary base now but it's going to continue to embed over time, and we'll see a larger-than-historical adjustment in second quarter when our normal base pay adjustments actually hit. It also, though -- it affects incentives, and that's already hitting the income statement. We've got -- there's a higher incentive accrual in third quarter of 2021 as we're addressing these issues. 
And then secondly, as you talked -- you highlighted kind of the equipment, software and outside services line, which I think are -- we should really talk about those in concert with one another because there's some movement between those lines. And we want to -- we're going to continue investing in strengthening the technology foundation given that we've got the digital transformation that's happening in Wealth Management and everything we want to do to maximize defenses against cyber threats. That means equipment, software and outside services are going to -- they'll continue to be on a higher growth rate relative to the other expense categories. Now just remember, about half of those lines are tied to business growth, but we're going to see the foundational element of those continue to be invested in. 
The third theme I'd call out is -- call it, a return to normal. And that's going to touch on occupancy and then travel, which hits in other operating expenses. We're going to be on the road more often, and that will hit out that line item. And we're not going to likely get to pre-COVID levels, but -- by the end of next year, but that will be significantly higher. 
And then the last theme is on efficiency actions. And we embedded efficiency and productivity targets into our plan every year. We made a big push on efficiency this year with the staff actions. We took out 400 roles, mostly in North America. And that drove the savings we talked about of about $50 million. We're going to continue to push for opportunities across all the expense categories to find efficiencies. But those are the big 4 themes that have been on my mind is -- in our minds, not mine, all of our mines as we talk -- as we start to talk about 2022. So hopefully, that's helpful in giving you a little bit of an outlook of how we're thinking about expenses.<sentiment>neutral</sentiment><pos>0.2653</pos><neg>0.0261</neg><neutr>0.7086</neutr></text>
                    </speaker>
                </followAnswer>
            <followQuestion id="2" question_id="2">
                <speaker id="5" company="UBS Investment Bank">Brennan Hawken<text>It is helpful. Just the last piece to remind you about is the fee operating leverage, like despite this pressure, is that still committed?<sentiment>neutral</sentiment><pos>0.0847</pos><neg>0.0243</neg><neutr>0.8911</neutr></text>
                    </speaker>
                </followQuestion>
            <followAnswer id="2" question_id="2">
                <speaker id="0" position="Chief Financial Officer" company="Northern Trust Corporation NasdaqGS:NTRS">Jason Jerrome Tyler<text>Thank you so much for reminding me of that because that is -- it's super important. And I think a lot of people try and think about, are Northern's expenses is going to be flat, up? It depends. We consider ourselves still a growth company. We want to drive revenue growth. And so that fourth element of the framework I gave in the beginning of those comments around growth -- if we're growing expenses because of that -- because we've got good revenue growth, that's fine. That's good. And so the key thing we look at when we put all that together, what is the operating leverage look like for the company.<sentiment>neutral</sentiment><pos>0.1285</pos><neg>0.0269</neg><neutr>0.8446</neutr></text>
                    </speaker>
                </followAnswer>
            <transition>
                <speaker id="-1" position="Operator">Operator<text>And next, we'll go to Mike Mayo with Wells Fargo Securities.<sentiment>neutral</sentiment><pos>0.0322</pos><neg>0.025</neg><neutr>0.9428</neutr></text>
                    </speaker>
                </transition>
            <question id="3">
                <speaker id="12" company="Wells Fargo Securities, LLC">Michael Lawrence Mayo<text>Just follow up from the last question. I'm not sure you answered that last question. Maybe that was intentional because you're going to wait. So do you think you'll have the operating leverage based on fees relative to expenses, even with the higher comp, T&amp;E and cyber. But the general question is, where are you on the broader investing curve? I mean head count this year should probably grow only by about 1%. And for the prior 5 years, it grew by about 5%. So that's a dramatic reduction in the number of people that you're adding. So it looks like a lot more productivity. So the question is, how much is that driven from technology and it's sustainable and it should help drive positive operating leverage in the future? And how much is simply more productive employees might cost more in the future?<sentiment>positive</sentiment><pos>0.3578</pos><neg>0.3007</neg><neutr>0.3415</neutr></text>
                    </speaker>
                </question>
            <answer id="3">
                <speaker id="2" position="Chairman, President &amp; CEO" company="Northern Trust Corporation NasdaqGS:NTRS">Michael G. O’Grady<text>So Mike, I'm going to start with that because you've highlighted, I think, a really important dynamic, which is we have seen this meaningful increase in productivity. That said, looking at the drivers of that, yes, some of it is from technology that has enabled us to automate activities and other initiatives that we've been executing on for some time period. That said, another driver is the type market for talent. And so -- and just the remote working environment. It's changed the operating environment. And to your point or question on sustainability, my judgment would be that it's a little tight. It's too tight at this point. 
So we've continued to grow as Jason highlighted. Some of that growth, yes, comes through the markets. But we've also added new clients, net new business for us. We've added people. As a part of that, we've tried to do it very efficiently. But also it's been a heavy burden, I would just say, on the employees to be able to deliver that in a remote working environment. And so back to this broader question on what we're driving towards. It's profitable growth, which does mean growing fees, growing revenue faster than we're growing our expense base with that. 
Now in any quarter, in any year, it can ebb and flow a little bit, but that's the objective over time. And when we look at the profitability in this quarter, whether you want to look at the ROE, the pretax margin or the fees to expenses. They're all at pretty attractive levels. Could they be better, particularly on the pretax margin if the rate environment changes? Absolutely, and we'd like to see that. But we think we're operating pretty efficiently today, certainly look to do more, but we're in an unusual operating environment.<sentiment>neutral</sentiment><pos>0.3199</pos><neg>0.0257</neg><neutr>0.6544</neutr></text>
                    </speaker>
                </answer>
            <followQuestion id="0" question_id="3">
                <speaker id="12" company="Wells Fargo Securities, LLC">Michael Lawrence Mayo<text>And then one related question. As far as the investments in your back office, which you retooled, as it relates to the cloud, I think you are more conservative with your plans to move more workload to the public cloud. And I'm just curious as to why the more conservatism on your part versus some other financial firms?<sentiment>neutral</sentiment><pos>0.0626</pos><neg>0.0371</neg><neutr>0.9003</neutr></text>
                    </speaker>
                </followQuestion>
            <followAnswer id="0" question_id="3">
                <speaker id="2" position="Chairman, President &amp; CEO" company="Northern Trust Corporation NasdaqGS:NTRS">Michael G. O’Grady<text>So I would say we -- our cloud strategy is absolutely focused and tailored to our business, our client base. And so the pace or how it would be characterized, Mike, relative to somebody else could be viewed differently. I don't have a problem with that. We're looking at how does it fit with what we're doing. Given the nature of our client base and what we do for them, yes, we are highly sensitized to all the potential impacts and risks of a transition like that. 
Now with that said, we have been very focused, first, on the private cloud. And beyond the fact that that's been a strategy that we've been executing on for years. In this past year, we completely upgraded the capabilities of the private cloud for us and have many, many of our applications and activities in the private cloud. 
As far as public cloud, we're taking a hybrid cloud approach to that. To your point, I would say, being thoughtful about how we do it, and we are still in the earlier stages of the actual transition of applications and activities into the public cloud. The strategy is there to continue to do that, but in a thoughtful, secure, stable way for our business and for our clients.<sentiment>neutral</sentiment><pos>0.1951</pos><neg>0.0144</neg><neutr>0.7904</neutr></text>
                    </speaker>
                </followAnswer>
            <transition>
                <speaker id="-1" position="Operator">Operator<text>Next, we'll go to Gerard Cassidy with RBC.<sentiment>neutral</sentiment><pos>0.0324</pos><neg>0.02</neg><neutr>0.9476</neutr></text>
                    </speaker>
                </transition>
            <question id="4">
                <speaker id="7" company="RBC Capital Markets">Gerard Sean Cassidy<text>Jason, can you give us some color on -- you had real good loan growth this quarter sequentially. Just what was driving the loan growth? And then, also with the balance sheet, your average deposits, you pointed out, grew sequentially, but the period end numbers fell. So maybe if you could give us some color on that as well.<sentiment>neutral</sentiment><pos>0.3393</pos><neg>0.0791</neg><neutr>0.5815</neutr></text>
                    </speaker>
                </question>
            <answer id="4">
                <speaker id="0" position="Chief Financial Officer" company="Northern Trust Corporation NasdaqGS:NTRS">Jason Jerrome Tyler<text>Sure. So let me start with loan growth. Two buckets. One is in the personal side. And again, in that bucket, those are extremely -- those can be extremely high net worth clients that want to use our balance sheet to solve for liquidity needs. And the reason I highlight that is because it can be very volatile and unpredictable, but roughly half of the sequential increase came from that general bucket. 
The second bucket is commercial, which was about the other half. And that's more stable, and that's been in various areas, but we've talked about going to our existing clients and doing more of the existing loan types with them, but explaining to them that we've got appetite to do more with them. And part of our business model, not just financial model, is to grow with our clients. 
And I think that's one of the things that's driven our loan growth as our clients have been -- they've been active. And we've told them we're happy to participate with them more in those ways. And so that's hit on the commercial line. And so again, I think part of it is the base there is -- it has definitely risen. But part of it is more -- is -- some components that might be more volatile over time. 
And then on deposit volumes, as you know well, because I know you follow this closely, that can also just be volatile. And we've got -- our clients will -- they’ll call us and ask to put not millions, but sometimes hundreds of millions or billions of dollars on the balance sheet. And so we don't -- we tend not to look at the deposit at the quarter end balances. I do look coming into the quarter and after the quarter, how they trend and this quarter, well, it didn't look very different in terms of how balances trended coming in or out. So I didn't overread the dynamic that you mentioned of the average versus quarter end.<sentiment>neutral</sentiment><pos>0.1036</pos><neg>0.0449</neg><neutr>0.8515</neutr></text>
                    </speaker>
                </answer>
            <followQuestion id="0" question_id="4">
                <speaker id="7" company="RBC Capital Markets">Gerard Sean Cassidy<text>Very good. And then you and your peers have had strong year-over-year growth in your fee revenues. You've talked about it already on this call. Can you pull out for us, what percentage would you attribute the growth in the custody fees and the Wealth Management fees that is from market appreciation versus new business or additional flows from clients? Can you parse through that?<sentiment>positive</sentiment><pos>0.7105</pos><neg>0.0101</neg><neutr>0.2794</neutr></text>
                    </speaker>
                </followQuestion>
            <followAnswer id="0" question_id="4">
                <speaker id="0" position="Chief Financial Officer" company="Northern Trust Corporation NasdaqGS:NTRS">Jason Jerrome Tyler<text>Sure. So I can split it, let's just start. We do year-over-year. And if we think about the C&amp;IS business, there's, I'd say, a good chunk has come from markets, call it, high -- mid to high single digit. And then there's also the organic or net new business and other dynamics would represent the rest. And that adds up overall to kind of, again, mid to high single digits, but a little bit less, call it, 5%, 6%, 7%, 8%.<sentiment>neutral</sentiment><pos>0.0763</pos><neg>0.0173</neg><neutr>0.9063</neutr></text>
                    </speaker>
                </followAnswer>
            <answer id="4">
                <speaker id="2" position="Chairman, President &amp; CEO" company="Northern Trust Corporation NasdaqGS:NTRS">Michael G. O’Grady<text>That's on total C&amp;IS trust fees, right. Yes?<sentiment>neutral</sentiment><pos>0.0338</pos><neg>0.0347</neg><neutr>0.9315</neutr></text>
                    </speaker>
                </answer>
            <answer id="4">
                <speaker id="0" position="Chief Financial Officer" company="Northern Trust Corporation NasdaqGS:NTRS">Jason Jerrome Tyler<text>Yes. And then on wealth, I can do the same type of split for you and a little bit more weighted toward market there, which is that's had an impact that's stronger. If we look year-over-year, more like 15%, 20% type. And the organic piece, if I add it up, also strong, but more in the low single-digit range on a percentage basis.<sentiment>neutral</sentiment><pos>0.1515</pos><neg>0.0146</neg><neutr>0.8338</neutr></text>
                    </speaker>
                </answer>
            <answer id="4">
                <speaker id="2" position="Chairman, President &amp; CEO" company="Northern Trust Corporation NasdaqGS:NTRS">Michael G. O’Grady<text>And the waivers are certainly in that mix too.<sentiment>neutral</sentiment><pos>0.076</pos><neg>0.0288</neg><neutr>0.8952</neutr></text>
                    </speaker>
                </answer>
            <answer id="4">
                <speaker id="0" position="Chief Financial Officer" company="Northern Trust Corporation NasdaqGS:NTRS">Jason Jerrome Tyler<text>Yes.<sentiment>neutral</sentiment><pos>0.1082</pos><neg>0.0226</neg><neutr>0.8692</neutr></text>
                    </speaker>
                </answer>
            <transition>
                <speaker id="-1" position="Operator">Operator<text>And your next question will come from the line of Betsy Graseck with Morgan Stanley.<sentiment>neutral</sentiment><pos>0.0313</pos><neg>0.028</neg><neutr>0.9407</neutr></text>
                    </speaker>
                </transition>
            <question id="5">
                <speaker id="4" company="Morgan Stanley">Betsy Lynn Graseck<text>I had a question just a bit more strategic to kick off on how you're thinking about the returns that you're going to be generating from the investments you're making today in the various sleeves and across the globe. I'm just wondering if we think about where we are today versus pre-COVID, has the return profile changed much for your incremental investment spend?<sentiment>neutral</sentiment><pos>0.0779</pos><neg>0.0234</neg><neutr>0.8987</neutr></text>
                    </speaker>
                </question>
            <answer id="5">
                <speaker id="2" position="Chairman, President &amp; CEO" company="Northern Trust Corporation NasdaqGS:NTRS">Michael G. O’Grady<text>Yes. Betsy, I wouldn't necessarily say that the return profile has changed. In many respects, what I think has been interesting through the crisis here is that although there was a pause in some of the execution of projects and programs around investments in the initial stages of the pandemic. It picked up pretty quickly thereafter. And instead of groups all being in one room, working together on the digital project, they figured out how to do it by Webex, Zoom or Teams. 
So in that sense, we've continued to make really good progress on investments such as -- just to give you an example, the digitalization of our Wealth Management business where there's a number of components to that journey, as we call it. And so that progress has been very good. And I'd say, in general, to your point on the timing or the profile for the returns on that should be similar to what we would have expected when we started it. 
The one thing I would say is just the characterization or the character, if you will, of investments in the different businesses. I talked earlier in the call about launching new funds in Asset Management, for example. So there's meaningful investment that goes into product development. And again, throughout the last couple of years here, they've continued to put out new products. And then it takes some time period for those to obviously build AUM, but then are very profitable over time. That profile is very different than asset servicing, where a lot of the investment -- the return you're going to get is nearer term. In the sense of bringing on a large client, there's some integration, transition costs with that. But then once that's up and running, essentially, you're getting the return for that investment. 
And then finally, just Wealth Management, I talked about some additions that we've made, not just in the last quarter, but could go back. And there, you're hiring people and teams that are in different parts of the country. Again, it takes a little bit of time for them to get on and get acclimated, but they're productive relatively quickly as well. So we look at all of those when we put together both our longer-term strategic planning, but also the annual plan.<sentiment>neutral</sentiment><pos>0.118</pos><neg>0.0229</neg><neutr>0.8591</neutr></text>
                    </speaker>
                </answer>
            <followQuestion id="0" question_id="5">
                <speaker id="4" company="Morgan Stanley">Betsy Lynn Graseck<text>Okay. And then just a little more nitty-gritty. I'm wondering if there's any update on how you're thinking about the reinvesting the expenses that have been associated with the golf tournament. Is that going to flow through in other types of marketing? Or is that really get thrown into the bigger bucket of opportunity set, and we could see that migrate into other areas of investment, not specifically around that sleeve of client that you've been investing in with the golf tournament.<sentiment>neutral</sentiment><pos>0.0569</pos><neg>0.0222</neg><neutr>0.9209</neutr></text>
                    </speaker>
                </followQuestion>
            <followAnswer id="0" question_id="5">
                <speaker id="2" position="Chairman, President &amp; CEO" company="Northern Trust Corporation NasdaqGS:NTRS">Michael G. O’Grady<text>Yes. The way I would characterize it, Betsy, is the golf tournament was a great opportunity for us to build our brand and particularly focused on a certain target market, and that was highly successful. Going forward, we'll continue to invest in the brand. So yes, some of that investment will go into brand building and marketing. However, there are also a portion of that, to your point, will be considered more broadly in the investments we're making, whether that's in people or technology, or other areas to continue to grow the company.<sentiment>neutral</sentiment><pos>0.2082</pos><neg>0.0089</neg><neutr>0.7829</neutr></text>
                    </speaker>
                </followAnswer>
            <transition>
                <speaker id="-1" position="Operator">Operator<text>Next, we'll go to Ken Usdin with Jefferies.<sentiment>neutral</sentiment><pos>0.0372</pos><neg>0.0194</neg><neutr>0.9434</neutr></text>
                    </speaker>
                </transition>
            <question id="6">
                <speaker id="11" company="Jefferies LLC">Kenneth Michael Usdin<text>Just -- Jason, wondering if you can give us an update on your thoughts around fee waivers from here. They came down a little bit. Obviously, rates moved a touch, but not that much. Just any updated thoughts on where you expect those to sit and vis-a-vis waiting for bigger movements in rates going forward?<sentiment>neutral</sentiment><pos>0.0919</pos><neg>0.28</neg><neutr>0.6281</neutr></text>
                    </speaker>
                </question>
            <answer id="6">
                <speaker id="0" position="Chief Financial Officer" company="Northern Trust Corporation NasdaqGS:NTRS">Jason Jerrome Tyler<text>Sure. Couple of thoughts. One, even though we saw a little creep this quarter, particularly relative to what we thought. It was actually -- if you think about it, it was driven more by volume. And we -- Mike talked in his opening comments about the fact that money market mutual funds are over $300 billion. That's a record for us. And so -- and I think people sometimes forget that we're participating in the growth, but it also causes higher waivers. And so -- but what's more important is that the overall base of business that we have there is good. And so if you add up the waivers plus what we're earning, and so you think about the overall capacity that we have at the current volume level, it's something like $475 million to $500 million. And that's a strong capacity that we have there. 
Now will volumes stay in as rates go up? Probably -- maybe not. But it's nice that we've had good volume growth there. And the other thing to remember is it doesn't take a big lift in rates for the waivers to come down. And a lot of our AUM there is more institutional pricing. Even our -- even on the wealth side -- even the waivers that are associated in the Wealth Management side -- the nature of our client base means they price themselves more like institutional -- they have got the purchasing power to have more of an institutional approach. And so the fees aren't that high, and it doesn't take that much more yield to clear those hurdles and start to get back to that capacity level. 
And then if you -- the other dynamic is run rate-wise, we're still -- as we sit today, we're still a little over $300 billion that held in over the quarter end. And the run rate on waivers is right at $75 million a quarter.<sentiment>neutral</sentiment><pos>0.149</pos><neg>0.0445</neg><neutr>0.8064</neutr></text>
                    </speaker>
                </answer>
            <followQuestion id="0" question_id="6">
                <speaker id="11" company="Jefferies LLC">Kenneth Michael Usdin<text>Yes. Okay. Great. And then second question, just coming back to the operating leverage point. This year, a bit of like easy comp for market levels, right, driving the huge trust fee growth, and then kind of a harder comp for costs off of last year's really low base. So this year, you've got this really wide gap, but an absolute revenue and an absolute cost growth rate that are both above trend, so to speak. And so I think the reason why the questions keep coming up about cost growth is, next year, when presumably, we don't get as much of that back-end lift from markets alone, what happens with the absolute growth of expenses relative to what might be a slower -- and naturally slower overall revenue growth rate. So how much of this year's 5%, 6% growth rate was also influenced by just the kind of easy comps from last year, so to speak? As it helps to think us about like absolute levels of expense growth next year.<sentiment>neutral</sentiment><pos>0.1336</pos><neg>0.1321</neg><neutr>0.7343</neutr></text>
                    </speaker>
                </followQuestion>
            <followAnswer id="0" question_id="6">
                <speaker id="2" position="Chairman, President &amp; CEO" company="Northern Trust Corporation NasdaqGS:NTRS">Michael G. O’Grady<text>Yes. Just a perspective on that for you, Ken, is I think you're right. I mean we did get a meaningful benefit from the market in the fee growth. And that helps that positive operating fee leverage -- fee operating leverage. The other way that I think about it is what is the absolute level of the expenses to fees. And so now for this quarter, we're at about 102%. That is a much lower level than we've been, and that's evidence of this positive fee operating leverage over time. 
And so at that tight level, to your point, to then say, in the next year, can you continue to drive that down at that same rate? That's why I say it kind of ebbs and flows, right? But we want to be in that range around that 100%, 105% somewhere in there to make sure that we are appropriately investing in the business, et cetera, but also growing. We don't want to squeeze that so much that it impinges on our ability to serve our clients and to grow.<sentiment>neutral</sentiment><pos>0.2136</pos><neg>0.0738</neg><neutr>0.7126</neutr></text>
                    </speaker>
                </followAnswer>
            <other id="1" question_id="6">
                <speaker id="11" company="Jefferies LLC">Kenneth Michael Usdin<text>Yes. Good perspective on reminding about that expense to trust fees.<sentiment>neutral</sentiment><pos>0.2341</pos><neg>0.0136</neg><neutr>0.7523</neutr></text>
                    </speaker>
                </other>
            <transition>
                <speaker id="-1" position="Operator">Operator<text>Next, we'll go to Jim Mitchell with Seaport Research.<sentiment>neutral</sentiment><pos>0.0348</pos><neg>0.0253</neg><neutr>0.9399</neutr></text>
                    </speaker>
                </transition>
            <question id="7">
                <speaker id="9" company="Seaport Research Partners">James Francis Mitchell<text>Just maybe on the balance sheet. If I look over the last 2 quarters, securities -- average security levels have been declining while cash levels have been growing. Is this you positioning for higher rates? Or is this -- there’s something else driving that?<sentiment>negative</sentiment><pos>0.0335</pos><neg>0.7793</neg><neutr>0.1872</neutr></text>
                    </speaker>
                </question>
            <answer id="7">
                <speaker id="2" position="Chairman, President &amp; CEO" company="Northern Trust Corporation NasdaqGS:NTRS">Michael G. O’Grady<text>Something else driving that. And it's -- there's a hard line that people see externally between the -- between cash and securities. But there's so many different security types that are actually within the cash and within the securities. And on the cost of cash and securities, there are some areas where we've strategically gone back and forth into and out of. And that's frankly where the change in classification that you see has been driven. 
And so there could be securities that are -- that have a risk return profile that are very similar to one another, one of which would be classified as cash and one would be classified as securities. And that’s strategically where we'll make some of the kind of portfolio decisions of where we want to be playing based on what we're seeing in the marketplace and how we think about the risk return characteristics. And just in a sentence, that's what's been driving that, the distinction that you see based on the external reporting classification.<sentiment>neutral</sentiment><pos>0.0532</pos><neg>0.0486</neg><neutr>0.8982</neutr></text>
                    </speaker>
                </answer>
            <followQuestion id="0" question_id="7">
                <speaker id="9" company="Seaport Research Partners">James Francis Mitchell<text>Okay. But can you maybe speak to whether you, a, believe asset sensitivity increased quarter-over-quarter? And how much of that Central Bank cash you think is available to invest when you feel the time is right?<sentiment>neutral</sentiment><pos>0.1224</pos><neg>0.0199</neg><neutr>0.8577</neutr></text>
                    </speaker>
                </followQuestion>
            <followAnswer id="0" question_id="7">
                <speaker id="2" position="Chairman, President &amp; CEO" company="Northern Trust Corporation NasdaqGS:NTRS">Michael G. O’Grady<text>So plenty of availability from a non-HQLA perspective. And we -- from our perspective, we're not constrained by that. We feel -- we've got plenty of liquidity, plenty of buffers to be able to react if we see more opportunities in the marketplace. And we've just -- we've been running the portfolio based on consistent risk return characteristics and where we want to be from a liquidity perspective, but certainly no constraints and plenty of dry powder whether it's from a regulatory perspective or even our own view of what we want to do from more of an economic liquidity perspective for us to be able to put more to work if we see the opportunity to do so.<sentiment>neutral</sentiment><pos>0.2481</pos><neg>0.0111</neg><neutr>0.7407</neutr></text>
                    </speaker>
                </followAnswer>
            <followQuestion id="1" question_id="7">
                <speaker id="9" company="Seaport Research Partners">James Francis Mitchell<text>Okay. And the asset sensitivity question?<sentiment>neutral</sentiment><pos>0.0419</pos><neg>0.047</neg><neutr>0.9111</neutr></text>
                    </speaker>
                </followQuestion>
            <followAnswer id="1" question_id="7">
                <speaker id="2" position="Chairman, President &amp; CEO" company="Northern Trust Corporation NasdaqGS:NTRS">Michael G. O’Grady<text>Yes. We've actually stepped out a little bit. One way to get at that, just to give you more of a quantitative. We've spent -- stepped out to about [ 2.7 ] in duration. And so -- and there are other ways we can -- say again.<sentiment>neutral</sentiment><pos>0.2234</pos><neg>0.0205</neg><neutr>0.756</neutr></text>
                    </speaker>
                </followAnswer>
            <answer id="7">
                <speaker id="0" position="Chief Financial Officer" company="Northern Trust Corporation NasdaqGS:NTRS">Jason Jerrome Tyler<text>Securities.<sentiment>neutral</sentiment><pos>0.0309</pos><neg>0.0488</neg><neutr>0.9203</neutr></text>
                    </speaker>
                </answer>
            <answer id="7">
                <speaker id="2" position="Chairman, President &amp; CEO" company="Northern Trust Corporation NasdaqGS:NTRS">Michael G. O’Grady<text>For the securities portfolio. Thank you. That's not the overall balance sheet, but the securities portfolio, but it gives you a sense of how we've made -- that's from [ 2.6 ] last quarter. And there are other things we can do even within that to provide more flexibility if we see opportunities coming on the yield curve. But haven't done -- we haven't done much strategically there to change asset sensitivity.<sentiment>neutral</sentiment><pos>0.2956</pos><neg>0.0142</neg><neutr>0.6902</neutr></text>
                    </speaker>
                </answer>
            <transition>
                <speaker id="-1" position="Operator">Operator<text>Next, we'll go to Brian Bedell with Deutsche Bank.<sentiment>neutral</sentiment><pos>0.0358</pos><neg>0.0208</neg><neutr>0.9435</neutr></text>
                    </speaker>
                </transition>
            <question id="8">
                <speaker id="6" company="Deutsche Bank AG">Brian Bertram Bedell<text>Most of my questions have been asked and answered, but I do have 2 more. One, sorry if I missed this, but the growth in C&amp;IS investment management up -- linked quarter, up 13% with money market waivers is being flat. What was the main driver of that?<sentiment>neutral</sentiment><pos>0.3218</pos><neg>0.1143</neg><neutr>0.5638</neutr></text>
                    </speaker>
                </question>
            <answer id="8">
                <speaker id="1" position="Senior VP &amp; Director of Investor Relations" company="Northern Trust Corporation NasdaqGS:NTRS">Mark M. Bette<text>Brian, it's Mark. So you're looking at the sequential growth in C&amp;IS investment management fees? Just to make sure.<sentiment>neutral</sentiment><pos>0.0571</pos><neg>0.0262</neg><neutr>0.9167</neutr></text>
                    </speaker>
                </answer>
            <followQuestion id="0" question_id="8">
                <speaker id="6" company="Deutsche Bank AG">Brian Bertram Bedell<text>Yes.<sentiment>neutral</sentiment><pos>0.1082</pos><neg>0.0226</neg><neutr>0.8692</neutr></text>
                    </speaker>
                </followQuestion>
            <followAnswer id="0" question_id="8">
                <speaker id="1" position="Senior VP &amp; Director of Investor Relations" company="Northern Trust Corporation NasdaqGS:NTRS">Mark M. Bette<text>So yes, it was a combination of both markets and organic growth. And to Jason's point, we did have with the higher money fund levels, even though waivers go up, that does come with fees with net new fees. And that would have been partly behind that. But if you were going to break it down, I'd say that the new business or organic growth, I would say, drove a little bit more than the market growth did on that sequential growth.<sentiment>neutral</sentiment><pos>0.1192</pos><neg>0.0346</neg><neutr>0.8462</neutr></text>
                    </speaker>
                </followAnswer>
            <followQuestion id="1" question_id="8">
                <speaker id="6" company="Deutsche Bank AG">Brian Bertram Bedell<text>Okay. Okay. Perfect. And that actually is a good dovetail into my second question, a little bit broader, but ESG, Asset Management, I think last time I saw that you guys were $155 billion, correct me if I'm wrong on that, on Northern Trust ESG AUM. Maybe just the question, I guess, would be from the organic growth side of your investment management business. 
And as you think of that coming both from the institutional side and then especially on the Wealth Management side, how are you viewing that -- first of all, is it important to your wealth management clients to have this investment management capabilities. And I think, Mike, you mentioned the launch of 6 new products in the quarter. But then also the organic growth potential for Northern Trust investment management from developing those ESG capabilities. Is that going to be a major driver going forward?<sentiment>neutral</sentiment><pos>0.0913</pos><neg>0.0165</neg><neutr>0.8922</neutr></text>
                    </speaker>
                </followQuestion>
            <followAnswer id="1" question_id="8">
                <speaker id="2" position="Chairman, President &amp; CEO" company="Northern Trust Corporation NasdaqGS:NTRS">Michael G. O’Grady<text>So Brian, I would say that that is another major trend. Obviously, that's in the marketplace, but also a big driver for our strategy going forward. Yes, across the company, but as you've highlighted, particularly within Asset Management. And at that $155 billion in AUM now, the growth rate over the last 5 years, there has been about double of what the market growth rate has been for ESG, best we can measure it there. 
And to your point, this hits across our client spectrum. So a lot of that -- it started more outside the U.S. in EMEA, where we initially saw that the greatest growth with institutional clients. But now we're seeing it more through funds and -- in the U.S. and -- with both institutional clients but also with our wealth clients. And we think we're still in the early days. We think that that ESG or sustainability investing will be at a higher growth rate than the rest of the market overall.<sentiment>neutral</sentiment><pos>0.2684</pos><neg>0.0138</neg><neutr>0.7179</neutr></text>
                    </speaker>
                </followAnswer>
            <answer id="8">
                <speaker id="0" position="Chief Financial Officer" company="Northern Trust Corporation NasdaqGS:NTRS">Jason Jerrome Tyler<text>And the $155 billion number is still ballpark, good number in AUM.<sentiment>positive</sentiment><pos>0.7107</pos><neg>0.0262</neg><neutr>0.2632</neutr></text>
                    </speaker>
                </answer>
            <followQuestion id="2" question_id="8">
                <speaker id="6" company="Deutsche Bank AG">Brian Bertram Bedell<text>And the plan is to develop even more product there? Or do you think you're fairly set where you were?<sentiment>neutral</sentiment><pos>0.0699</pos><neg>0.0188</neg><neutr>0.9114</neutr></text>
                    </speaker>
                </followQuestion>
            <followAnswer id="2" question_id="8">
                <speaker id="2" position="Chairman, President &amp; CEO" company="Northern Trust Corporation NasdaqGS:NTRS">Michael G. O’Grady<text>No, definitely more product. A lot of it is leveraging this ESG Vector Score that was developed, which gives us a lot of capability to do more.<sentiment>positive</sentiment><pos>0.6302</pos><neg>0.0098</neg><neutr>0.3601</neutr></text>
                    </speaker>
                </followAnswer>
            <transition>
                <speaker id="-1" position="Operator">Operator<text>Next question comes from the line of Rob Wildhack with Autonomous Research.<sentiment>neutral</sentiment><pos>0.0271</pos><neg>0.0497</neg><neutr>0.9232</neutr></text>
                    </speaker>
                </transition>
            <question id="9">
                <speaker id="13" company="Autonomous Research LLP">Robert Henry Wildhack<text>A question on capital allocation. You've been very transparent on the components of your overall capital allocation strategy, ratio relative to peers, paying dividend, supporting growth, et cetera. Any change in your outlook on any of those components that could impact the capital return trajectory going forward?<sentiment>neutral</sentiment><pos>0.0654</pos><neg>0.1183</neg><neutr>0.8162</neutr></text>
                    </speaker>
                </question>
            <answer id="9">
                <speaker id="0" position="Chief Financial Officer" company="Northern Trust Corporation NasdaqGS:NTRS">Jason Jerrome Tyler<text>The one I -- thanks for reminding the framework for everyone, but the key element there that has been a driver has been we've been able to see the RWA growth because we've seen the loan growth coming. And that is -- it's a big factor in how things get driven. And there are other things, too, we could see from securities lending and other components of RWA. And at this point, we don't see the same type of RWA lift. 
Now that -- it's not to say that it can't happen. And if it does happen and if we see it, then we'll then look at the other factors and determine where we want to be from a CET1 perspective in other areas. But as we sit today, we don't see the type of organic growth coming in RWA. That's the one component of that overall mosaic I would highlight.<sentiment>neutral</sentiment><pos>0.1272</pos><neg>0.0153</neg><neutr>0.8575</neutr></text>
                    </speaker>
                </answer>
            <transition>
                <speaker id="-1" position="Operator">Operator<text>Next, we'll go to Alex Blostein with Goldman Sachs.<sentiment>neutral</sentiment><pos>0.034</pos><neg>0.0218</neg><neutr>0.9442</neutr></text>
                    </speaker>
                </transition>
            <question id="10">
                <speaker id="3" company="Goldman Sachs Group, Inc.">Alexander Blostein<text>So I had a question around the money market fund business. You've had quite a lot of success growing that business in AUM and really gaining share against a large sort of book of inflows that the whole industry have seen. How sticky do you think those assets are going to be in light of tapering, hopefully, near term, but also sort of longer term as we start to contemplate interest rate increases? 
I think we've also gotten accustomed to thinking about, right, deposits will probably start to lead the industry. But how intertwined do you think the money market fund business is with that as we sort of contemplate how much of fee waivers could ultimately come back?<sentiment>neutral</sentiment><pos>0.1917</pos><neg>0.0187</neg><neutr>0.7896</neutr></text>
                    </speaker>
                </question>
            <answer id="10">
                <speaker id="2" position="Chairman, President &amp; CEO" company="Northern Trust Corporation NasdaqGS:NTRS">Michael G. O’Grady<text>I'll start, Alex, and then Jason, who knows that business well, can give his perspective. But I think what's interesting is coming into the pandemic a couple of years ago, you had a combination of 2 things. One is the obvious, which you're pointing out, which is just significant easing on the part of the central banks, increased liquidity and that absolutely drove the flows into the money market funds is one place. 
But the other dynamic is that was also at a point in time where strategically NTAM was expanding its distribution for money funds. And so not only having a portal, but being on other portals. And so it was an intentional strategy that hit at the right time to essentially capture more a greater share of the increased flows coming from the additional liquidity in the marketplace. So then if you take that and then try to answer your question of what happens to the extent that you have tapering and some contraction there, I think, yes, of course, you're going to see it go down. But I think it's going to be stickier than you might think in the sense of it wasn't just the one factor.<sentiment>neutral</sentiment><pos>0.154</pos><neg>0.0431</neg><neutr>0.8029</neutr></text>
                    </speaker>
                </answer>
            <followQuestion id="0" question_id="10">
                <speaker id="3" company="Goldman Sachs Group, Inc.">Alexander Blostein<text>Got it. Yes, that's helpful because the share gain dynamic definitely helped there. My follow-up is sort of related to that, sorry to go back to the operating leverage dynamic again. But Mike, I appreciate you framing it the way you did is like, look, we're doing 100% to 105% expenses to total fees. That's kind of where we hope to be. As we contemplate fee waivers coming back, should I think of the expenses to fees going below 100%, which I guess would imply almost all of the fee waiver benefit will come through to the bottom line at 100% margin? Or 100% to 105% is kind of what you see yourself living even within normalization and sort of interest rates?<sentiment>neutral</sentiment><pos>0.0879</pos><neg>0.0359</neg><neutr>0.8762</neutr></text>
                    </speaker>
                </followQuestion>
            <followAnswer id="0" question_id="10">
                <speaker id="2" position="Chairman, President &amp; CEO" company="Northern Trust Corporation NasdaqGS:NTRS">Michael G. O’Grady<text>Yes. So kiddingly, if you could also tell me what equity market levels are going to be at that point in time, that would help as well because -- but you're highlighting the right thing, Alex, that we're benefiting now from strong markets with regard to that ratio, and we're being penalized, if you will, by the money market fund fee waivers. And so that's playing out in there. 
But I would say, more importantly, to your question is, yes, that's going to ebb and flow. But I don't believe that that is a ratio that just continues to grind down below 0 and well below 0, et cetera. Because I think that that would actually -- again, that would impact our ability to have the right talent, make sure that they're compensated appropriately and fairly for all the value that they're delivering to invest in the technology, to take care of our clients, but also to grow the business. 
So simplistically, it would be a draw on the business if you try to squeeze it too tight, so to speak. So that's why my own view is that range is more importantly -- that’s more important. Now that said, that is not the only ratio that drives overall profitability and returns, as you know. And right now, with rates where they are and net interest margin where it is. The other revenues, so to speak, which are a bigger driver in driving the pretax margin are at a lower level than they have been. And so point being, you can be in that range and yet have the other revenues growing in such a way that your profitability is growing up --going up and your returns are going up.<sentiment>neutral</sentiment><pos>0.2094</pos><neg>0.2832</neg><neutr>0.5074</neutr></text>
                    </speaker>
                </followAnswer>
            <transition>
                <speaker id="-1" position="Operator">Operator<text>We'll take another question. We'll go to Vivek Juneja with JPMorgan.<sentiment>neutral</sentiment><pos>0.031</pos><neg>0.025</neg><neutr>0.944</neutr></text>
                    </speaker>
                </transition>
            <question id="11">
                <speaker id="15" company="JPMorgan Chase &amp; Co">Vivek Juneja<text>A couple of them. Firstly, balance sheet, given the plans profit tapering, your average deposits have been gradually going up. What do you see as the outlook for that given the tapering thing that I just mentioned? Do you see yourselves being able to continue to grow that?<sentiment>positive</sentiment><pos>0.7874</pos><neg>0.028</neg><neutr>0.1845</neutr></text>
                    </speaker>
                </question>
            <answer id="11">
                <speaker id="0" position="Chief Financial Officer" company="Northern Trust Corporation NasdaqGS:NTRS">Jason Jerrome Tyler<text>Well, I think it's -- it's hard to tell. I think our clients right now see the flat yield curve. And I've been saying -- I think it's less about the very short end of the curve. And in some ways, it has more to do with the shape of the curve. And if there's some lift in the medium, then I think that's more than anything else what might cause clients to move off of the overnight effectively to try and get some yield. Right now with rates flat so far out, there's just no enticement to do anything else. 
Another dynamic is that some clients think about cash as an asset allocation. And we were just talking about the equity markets have done well. And so with markets now where they are and everyone’s seeing their overall portfolio so much stronger, we should also assume clients are going to want to have more allocation to cash. And so I think both of those dynamics need to be played through as we think through. But we certainly think that the things Mike talked about with the money market mutual funds and the strength of our balance sheet are things that do attract clients to think that it's a good place for us to be able to provide liquidity resource for them.<sentiment>neutral</sentiment><pos>0.2181</pos><neg>0.0326</neg><neutr>0.7493</neutr></text>
                    </speaker>
                </answer>
            <followQuestion id="0" question_id="11">
                <speaker id="15" company="JPMorgan Chase &amp; Co">Vivek Juneja<text>A separate question for both of you. What are you seeing in the alt space in terms of pricing? This pricing compression overall that all of you talk about in the custody business, but specifically alts, which has always had a higher fee rate. Do you see that coming down more than the overall fee rate pricing? Do you see more compression there given it's higher? Or any thoughts and color on that?<sentiment>neutral</sentiment><pos>0.0526</pos><neg>0.1593</neg><neutr>0.7881</neutr></text>
                    </speaker>
                </followQuestion>
            <followAnswer id="0" question_id="11">
                <speaker id="2" position="Chairman, President &amp; CEO" company="Northern Trust Corporation NasdaqGS:NTRS">Michael G. O’Grady<text>Vivek, are you speaking to the investment product side of it?<sentiment>neutral</sentiment><pos>0.0314</pos><neg>0.0375</neg><neutr>0.9312</neutr></text>
                    </speaker>
                </followAnswer>
            <followQuestion id="1" question_id="11">
                <speaker id="15" company="JPMorgan Chase &amp; Co">Vivek Juneja<text>No, to the custody business, the C&amp;IS business, Mike, thinking more from that perspective, both hedge funds and the private side, especially with new players like you getting in, as you mentioned, trying to grow that more. What -- how do you see that dynamic playing out?<sentiment>neutral</sentiment><pos>0.0676</pos><neg>0.0142</neg><neutr>0.9182</neutr></text>
                    </speaker>
                </followQuestion>
            <followAnswer id="1" question_id="11">
                <speaker id="2" position="Chairman, President &amp; CEO" company="Northern Trust Corporation NasdaqGS:NTRS">Michael G. O’Grady<text>Yes. I would say that, particularly on the hedge fund administration side of it, some of that has already played through in previous years. And so like it would be similar then to other asset classes. On the private capital side, so PE and infrastructure and real estate and things like that. To your point, it's earlier in the development of that market. More of it, I think, will be outsourced over time. The size of the funds, obviously, are increasing. And so just from a pure rate perspective, yes, I do think that that will play out in more compression on that, if you will, than in some of the other asset classes.<sentiment>neutral</sentiment><pos>0.1067</pos><neg>0.0157</neg><neutr>0.8776</neutr></text>
                    </speaker>
                </followAnswer>
            <transition>
                <speaker id="-1" position="Operator">Operator<text>We have one more question. We'll take that from Jeff Harte with Piper Sandler.<sentiment>neutral</sentiment><pos>0.0523</pos><neg>0.02</neg><neutr>0.9277</neutr></text>
                    </speaker>
                </transition>
            <question id="12">
                <speaker id="10" company="Piper Sandler &amp; Co.">Jeffery J. Harte<text>So pretty much everything has been asked, but the one I had left, is there anything to highlight on the sequential increase in nonaccrual loans in the quarter?<sentiment>neutral</sentiment><pos>0.0658</pos><neg>0.151</neg><neutr>0.7833</neutr></text>
                    </speaker>
                </question>
            <answer id="12">
                <speaker id="0" position="Chief Financial Officer" company="Northern Trust Corporation NasdaqGS:NTRS">Jason Jerrome Tyler<text>No. They did tick up. It's more episodic. We don't feel like we're going to have losses there. And we've obviously -- reserves are very, very strong, given the quality of our portfolio, but nothing to highlight there that jumped out at us as a concern.<sentiment>positive</sentiment><pos>0.3944</pos><neg>0.386</neg><neutr>0.2195</neutr></text>
                    </speaker>
                </answer>
            <transition>
                <speaker id="-1" position="Operator">Operator<text>All right. It looks like we have no further questions at this time. So I'd like to turn it back to our speakers for any additional or closing remarks.<sentiment>neutral</sentiment><pos>0.0368</pos><neg>0.0258</neg><neutr>0.9373</neutr></text>
                    </speaker>
                </transition>
            <other id="13">
                <speaker id="1" position="Senior VP &amp; Director of Investor Relations" company="Northern Trust Corporation NasdaqGS:NTRS">Mark M. Bette<text>Thanks, everyone, for joining us, and we'll talk to you in January for our fourth quarter results.<sentiment>positive</sentiment><pos>0.6339</pos><neg>0.015</neg><neutr>0.3511</neutr></text>
                    </speaker>
                </other>
            <ending>
                <speaker id="-1" position="Operator">Operator<text>All right. That does conclude today's conference. We thank everyone again for their participation.<sentiment>positive</sentiment><pos>0.7891</pos><neg>0.0121</neg><neutr>0.1988</neutr></text>
                    </speaker>
                </ending>
            </section>
        </body>
    </Transcript>