<?xml version='1.0' encoding='utf-8'?>
<Transcript>
    <header>
        <company>Northern Trust Corporation NasdaqGS:NTRS</company>
        <quarter>Q1-2023</quarter>
        <time>Tuesday, April 25, 2023 1:00 PM GMT</time>
        <currency>Currency: USD</currency>
        <note>Consensus as of  Apr-12-2023 9:05 AM GMT</note>
        <ticker>NTRS</ticker>
        <stock_price_before>80.832995</stock_price_before>
        <stock_price_after>75.213181</stock_price_after>
        <stock_performance>negative</stock_performance>
        </header>
    <body>
        <section name="Financial Tables">
            <table id="0" name="Earnings Estimates Comparison Table">
                <timePeriods>
                    <period name="FQ1 2023" />
                    <period name="FQ2 2023" />
                    <period name="FY 2023" />
                    </timePeriods>
                <metrics>
                    <metric name="EPS Normalized">
                        <value period="-FQ1 2023-" type="CONSENSUS">1.52</value>
                        <value period="-FQ2 2023-" type="ACTUAL">1.51</value>
                        <value period="-FY 2023-" type="SURPRISE">(0.66 %)</value>
                        </metric>
                    <metric name="Revenue  (mm)">
                        <value period="-FQ1 2023-" type="CONSENSUS">1781.67</value>
                        <value period="-FQ2 2023-" type="ACTUAL">1757.80</value>
                        <value period="-FY 2023-" type="SURPRISE">(1.34 %)</value>
                        </metric>
                    </metrics>
                </table>
            <table id="1" name="EPS Normalized Comparison Table">
                <timePeriods>
                    <period name="FQ2 2022" />
                    <period name="FQ3 2022" />
                    <period name="FQ4 2022" />
                    <period name="FQ1 2023" />
                    </timePeriods>
                <metrics>
                    <metric name="EPS Normalized">
                        <value period="FQ2 2022" type="CONSENSUS">1.92</value>
                        <value period="FQ3 2022" type="CONSENSUS">1.82</value>
                        <value period="FQ4 2022" type="CONSENSUS">1.81</value>
                        <value period="FQ1 2023" type="CONSENSUS">1.52</value>
                        </metric>
                    </metrics>
                </table>
            </section>
        <section name="Call Participants">
            <person company="Northern Trust Corporation NasdaqGS:NTRS" position="Executive VP &amp; CFO" group="EXECUTIVES" id="0">Jason Jerrome Tyler</person>
            <person company="Northern Trust Corporation NasdaqGS:NTRS" position="Senior VP &amp; Director of Investor Relations" group="EXECUTIVES" id="1">Jennifer Childe</person>
            <person company="Northern Trust Corporation NasdaqGS:NTRS" position="Chairman &amp; CEO" group="EXECUTIVES" id="2">Michael Gerard O’Grady</person>
            <person company="Goldman Sachs Group, Inc." group="ANALYSTS" id="3">Alexander Blostein</person>
            <person company="Morgan Stanley" group="ANALYSTS" id="4">Betsy Lynn Graseck</person>
            <person company="UBS Investment Bank" group="ANALYSTS" id="5">Brennan Hawken</person>
            <person company="Deutsche Bank AG" group="ANALYSTS" id="6">Brian Bertram Bedell</person>
            <person company="Evercore ISI Institutional Equities" group="ANALYSTS" id="7">Glenn Paul Schorr</person>
            <person company="Seaport Research Partners" group="ANALYSTS" id="8">James Francis Mitchell</person>
            <person company="Jefferies LLC" group="ANALYSTS" id="9">Kenneth Michael Usdin</person>
            <person company="Wells Fargo Securities, LLC" group="ANALYSTS" id="10">Michael Lawrence Mayo</person>
            <person company="Wolfe Research, LLC" group="ANALYSTS" id="11">Steven Joseph Chubak</person>
            <person company="JPMorgan Chase &amp; Co" group="Unknown Analyst" id="12">Vivek Juneja</person>
            </section>
        <section name="Presentation ">
            <statement>
                <speaker id="-1" position="Operator">Operator<text>Good day, and welcome to the Northern Trust Corporation First Quarter 2023 Earnings Conference Call. Today's conference is being recorded. At this time, I would like to turn the conference over to Jennifer Childe, Director of Investor Relations. Please go ahead.<sentiment>neutral</sentiment><analysis>Overall sentiment is neutral. 0 sentences are positive (0.00%). 0 sentences are negative (0.00%). 5 sentences are neutral (100.00%). </analysis></text>
                    </speaker>
                </statement>
            <statement>
                <speaker id="1" position="Senior VP &amp; Director of Investor Relations" company="Northern Trust Corporation NasdaqGS:NTRS">Jennifer Childe<text>Thank you, Cynthia. Good morning, everyone, and welcome to Northern Trust Corporation's First Quarter 2023 Earnings Conference Call. Joining me on our call this morning are Michael O'Grady, our Chairman and CEO; Jason Tyler, our Chief Financial Officer; Lauren Allnutt, our Controller; and Grace Higgins from our Investor Relations team. Our first quarter earnings press release and financial trends report are both available on our website at northerntrust.com. Also on our website, you will find our quarterly earnings review presentation, which we will use to guide today's conference call. This April 25, call is being webcast live on northerntrust.com. The only authorized rebroadcast of this call is the replay that will be made available on our website through May 25. Northern Trust disclaims any continuing accuracy of the information provided in this call after today. Please refer to our safe harbor statement regarding forward-looking statements on Page 12 of the accompanying presentation, which will apply to our commentary on this call. During today's question-and-answer session please your initial query to one question and one related followup. This will allow us to move through the queue and enable as many people as possible, the opportunity to ask questions as time permit. 
Thank you again for joining us today. Let me turn the call over to Michael O'Grady.<sentiment>neutral</sentiment><analysis>Overall sentiment is neutral. 1 sentences are positive (6.25%). 0 sentences are negative (0.00%). 15 sentences are neutral (93.75%). </analysis></text>
                    </speaker>
                </statement>
            <statement>
                <speaker id="2" position="Chairman &amp; CEO" company="Northern Trust Corporation NasdaqGS:NTRS">Michael Gerard O’Grady<text>Thank you, Jennifer. Let me join and welcome you to our first quarter 2023 earnings call. The recent disruption in the banking sector reminds us of the importance of resiliency, to be able to meet the needs of clients in all operating environments. During the past 6 weeks, much like over the past 130 years, our strong balance sheet and conservative approach to risk management have enabled us to provide the support, liquidity and exceptional service our clients have come to expect from us. Northern Trust continues to be viewed as a source of strength and stability as symbolized by our anchor. During the quarter, we continue to assist our clients manage their liquidity, including deposits, money market funds and short-term treasuries through the transition from a period of quantitative easing and low interest rates to one of rapid tightening and higher rates. 
Overall, we saw client liquidity increase during the quarter as the decline in deposits was more than offset by increases in higher-yielding money market funds. Our results for the first quarter reflect sequential improvement in revenue and expense growth. The sequential growth in trust fees outpaced a slight decrease in net interest income, which still experienced healthy year-over-year growth. Expense growth moderated from recent quarters, which was attributable to both our renewed spending discipline and certain timing differences. 
Within our Wealth Management business, assets under management grew mid-single digits sequentially, while our trust fees increased modestly. The turmoil in the banking space contributed to a flurry of new business activity later in the quarter. We saw solid new account openings, particularly at the upper end of the wealth market. We took in almost $1 billion in inflows from the $50 million in over segment alone, and discussions are continuing with a solid pipeline of prospective clients. 
In Asset Management, we had a strong start to the year with the sequential increase in new business, including large inflows into our institutional money market platform. New product launches focused on alternatives and extending securities lending capabilities in our collective fund space with 3 new funds launched. Within Asset Servicing, we saw continued momentum with particularly good traction in Europe. For example, during the quarter, we transitioned in Artemis Investment Management, a large U.K.-based investment manager for whom we are providing a full suite of services, including custody, fund administration, investment operations outsourcing, and risk and analytic services for both their U.K. and Luxembourg funds. 
In closing, we are well-positioned to continue to serve our clients and navigate the ongoing economic uncertainty from a position of strength. I'll now turn the call over to Jason.<sentiment>positive</sentiment><analysis>Overall sentiment is positive. 17 sentences are positive (68.00%). 0 sentences are negative (0.00%). 8 sentences are neutral (32.00%). </analysis></text>
                    </speaker>
                </statement>
            <statement>
                <speaker id="0" position="Executive VP &amp; CFO" company="Northern Trust Corporation NasdaqGS:NTRS">Jason Jerrome Tyler<text>Thank you, Mike, and let me join Jennifer and Mike in welcoming you to our first quarter 2023 earnings call. Let's dive into the financial results of the quarter starting on Page 4. This morning, we reported first quarter net income of $334.6 million, earnings per share of $1.51, and our return on average common equity was 12.4%. 
On a year-over-year basis, currency movements unfavorably impacted our revenue growth by approximately 100 basis points and favorably impacted our expense growth by approximately 130 basis points. On a sequential basis, currency movements favorably impacted our revenue growth by approximately 70 basis points and unfavorably impacted our expense growth by approximately 90 basis points. 
Our first quarter results were also impacted by 2 notable items. One, we recognized a $6.9 million pre-tax gain on the securities repositioning we announced last quarter and executed in January. We recorded -- 2, we reported $9.8 million of pre-tax charges associated with various early lease terminations. Actions taken to further optimize our global real estate footprint. Notable items from previous periods are listed on the slide. 
Excluding the notable items in all periods, revenue was flat on a sequential quarter basis and up 1% over the prior year. Expenses were flat on a sequential quarter basis and up 6% over the prior year, reflecting an expense-to-trust fee ratio of 120%. Pre-tax income was down 2% sequentially and down 13% over the prior year. 
Trust, investment and other servicing fees, representing the largest component of our revenue, totaled $1 billion and were down 9% from last year, but up 2% sequentially. Excluding notable items, we had year-over-year and sequential declines in all other non-interest income, which is primarily driven by lower foreign exchange trading income. We saw significantly reduced volumes in the first 2 months of the quarter with a modest pickup in March. 
Net interest income on an FTE basis, which I'll also discuss in more detail in a few moments, was $544 million, up 40% from a year ago, down 1% sequentially. Our provision for credit losses was $15 million for the first quarter, reflecting growth in the size and duration of the commercial real estate loan portfolio. Given the increased attention being placed in commercial real estate loans, we want to provide some detail we felt would be of interest. 
Commercial real estate loans comprised 12% of our total portfolio and commercial office loans comprised 2% of total loans. Approximately 95% of commercial real estate loans are personally guaranteed and approximately 70% have a loan-to-value ratio of less than or equal to 70%. Turning to our asset servicing results on Page 5. 
Assets under custody administration for asset servicing clients were $13 trillion at quarter end, down 9% year-over-year but up 4% sequentially. Asset servicing fees totaled $603 million, which were also down 9% year-over-year, but up 3% sequentially. Custody and fund administration fees, the largest component of fees in the business were $414 million, down 9% year-over-year, but up 2% sequentially. 
Custody and fund administration fees decreased from prior year quarter, primarily due to unfavorable markets and unfavorable currency translation. They increased sequentially due to favorable markets, favorable currency translation and solid new business activity, particularly later in the quarter. Transactional activity, which comprises approximately 15% of our custody and fund administration fees was generally weaker due to lower volumes and lower onetime fees. 
Assets under management for asset servicing clients were $962 billion, down 12% year-over-year, but up 7% sequentially. Investment management fees within Asset Servicing were $126 million, down 14% year-over-year, but up 2% sequentially. The Investment management fees decreased from the prior year quarter, primarily due to asset outflows in unfavorable markets, partially offset by lower money market fund fee waivers. Investment management fees increased sequentially due to favorable markets and favorable currency translation. Moving to our Wealth Management business on Page 6. 
Assets under management for our Wealth Management clients were $368 billion at quarter end, down 7% year-over-year, but up 5% on a sequential basis. Trust investment and other servicing fees were $461 million, down 9% compared to the prior year, but up 1% sequentially. Within both the regions and GFO, the year-over-year declines were primarily driven by unfavorable market impacts and product level asset outflows, partially offset by the elimination of money market fund fee waivers. 
Sequentially, the increase within the regions in GFO was primarily driven by favorable markets, partially offset by product level asset outflows. The upturn we saw in our AUM occurred later in the quarter was not fully reflected in our trust fees. Importantly, we continue to see modest organic growth in our core advisory fees. Moving to Page 7 and our balance sheet and NII trends. 
Given the attention being placed on balance sheet trends we also thought you might be interested in some additional data points this quarter. We think about client liquidity in 3 categories: deposits, money market funds and short-term treasuries. With that background, we can provide some color and data on what we saw throughout the quarter and through the first few weeks of April. Most importantly, client liquidity was up meaningfully for the quarter in both Asset Servicing and Wealth Management then it's continue to rise during the first 3 weeks of April. 
While we saw a decline in deposits for the quarter, it was more than offset by increases in money market funds as clients continue to migrate into higher-yielding products. Relative to the fourth quarter, our money market funds were up $15 billion or 7%. As mentioned, average deposits were $112 billion, down 4% sequentially with wealth management deposits down 7% and institutional down 3%. Approximately 3/4 of our average deposits are institutional. Within this segment, approximately 68% are considered operational, the stickiest as clients use these funds to run their ongoing operations. 
Across the organization, we experienced a $2 billion decline in noninterest-bearing deposits as clients shifted to higher-yielding alternatives. This reduced the mix of noninterest-bearing deposits to 18%. 
We actively manage our assets and liabilities considering a wide range of possible stress scenarios, including interest rate risks and how they may affect liquidity and capital. So let's shift to the asset side of the balance sheet to see how investments are allocated. Average cash held at the Fed and other central banks was up 12% to $37 billion and we had $67 billion of immediately available liquidity, reflecting approximately 50% of average earning assets. 
Loan balances averaged $42 billion and were down 1% sequentially. Our loan portfolio is well-diversified across geographies, operating segments and loan types. Approximately 75% of the portfolio is floating and the overall duration is less than 1 year. 
Securities were down 3% sequentially, reflecting the impact of both our repositioning early in the quarter and the natural runoff, which we've chosen to reinvest at the short end of the curve. Our $49 billion investment portfolio consists largely of highly liquid U.S. treasury, agency and sovereign wealth fund bonds, and is split 50-50 between available for sale and held to maturity. 
In the aggregate, the securities portfolio has a duration of 2.3 years. The total balance sheet duration is 1.1 year. Net interest income was $544 million for the quarter, up 40% from the prior year and down 1% sequentially. NII reflected the impact of several dynamics, many occurring late in the quarter. As mentioned, we saw continued improvement in deposits from our balance sheet to money market funds and treasuries. 
Deposit cost increased with our interest-bearing deposit beta during the quarter at 85% and our cumulative data for the cycle as of March 31 of 65%. And finally, we had the impact from 2 fewer days in the quarter. Net interest margin was 1.62% in the quarter, up 57 basis points from a year ago and roughly flat with the prior quarter. The sequential results reflect the impact of higher short-term market rates, offset by higher funding costs. The prior year increase is primarily due to higher average interest rates. 
For the second quarter, our NII will continue to be driven by client demand which is less predictable than it was 90 days ago. Our average client deposits thus far in the quarter are approximately $110 billion. And subsequent to tax season, we've observed an incremental typical decline of a few billion dollars. 
Turning to Page 8. As reported, noninterest expenses were $1.3 billion in the first quarter, 7% higher than the prior year, but 3% lower sequentially. Excluding charges in both periods, as noted on the slide, expenses in the first quarter were up 6% year-over-year but flat sequentially. Overall, we're focused on reducing the rate of expense growth and controlling those costs that are most under our control. I'll hit on just a few highlights. 
Compensation and technology expense continue to be the areas of highest spend. Compensation expense, excluding charges, was up 6% compared to the prior year and up 7% sequentially. The year-over-year growth largely reflects the annualization of last year's headcount expansion and inflationary wage pressure, partially offset by lower incentives. The sequential increase is due to our annual payment of retirement-eligible equity incentives in the first quarter. 
Equipment and software largely reflecting our technology spend, was up 20% year-over-year, but up 1% sequentially. More than 50% of our spend is comprised of business-driven investment followed by spending on core infrastructure and modernization and to a lesser extent, spending on information security, risk and regulatory areas. Turning to Page 9. 
Our capital ratios improved in the quarter and continue to be well above our required regulatory minimum. Our common equity Tier 1 ratio under the standardized approach was up 50 basis points from the prior quarter to 11.3%, despite resuming common stock repurchases. This reflects a 430 basis point buffer above our regulatory requirements. 
As a reminder, as a Category 2 Institution under the Federal Reserves framework, we already include unrealized losses on our available-for-sale securities in this calculation. Thus, mark-to-market losses occur immediately in our capital and capital ratios. Our Tier 1 leverage ratio was 7.3%, up 20 basis points from the prior quarter. Higher net income, improved accumulated other comprehensive income, the securities repositioning and lower loan balances were the primary factors in this quarter's increase in capital ratios. 
We returned $259 million to common shareholders in the quarter through cash dividends of 159 million and after pausing meaningful share buybacks for the prior 5 quarters, we repurchased over $100 million of common stock. And with that, Cynthia, please open the line for questions.<sentiment>neutral</sentiment><analysis>Overall sentiment is neutral. 29 sentences are positive (27.10%). 30 sentences are negative (28.04%). 48 sentences are neutral (44.86%). The classified negative sentences are: (1) On a year-over-year basis, currency movements unfavorably impacted our revenue growth by approximately 100 basis points and favorably impacted our expense growth by approximately 130 basis points. (2) On a sequential basis, currency movements favorably impacted our revenue growth by approximately 70 basis points and unfavorably impacted our expense growth by approximately 90 basis points. (3) Our first quarter results were also impacted by 2 notable items. (4) 8 million of pre-tax charges associated with various early lease terminations. (5) Excluding the notable items in all periods, revenue was flat on a sequential quarter basis and up 1% over the prior year. (6) Pre-tax income was down 2% sequentially and down 13% over the prior year. (7) Trust, investment and other servicing fees, representing the largest component of our revenue, totaled $1 billion and were down 9% from last year, but up 2% sequentially. (8) Excluding notable items, we had year-over-year and sequential declines in all other non-interest income, which is primarily driven by lower foreign exchange trading income. (9) We saw significantly reduced volumes in the first 2 months of the quarter with a modest pickup in March. (10) Assets under custody administration for asset servicing clients were $13 trillion at quarter end, down 9% year-over-year but up 4% sequentially. (11) Asset servicing fees totaled $603 million, which were also down 9% year-over-year, but up 3% sequentially. (12) Custody and fund administration fees, the largest component of fees in the business were $414 million, down 9% year-over-year, but up 2% sequentially. (13) Custody and fund administration fees decreased from prior year quarter, primarily due to unfavorable markets and unfavorable currency translation. (14) Transactional activity, which comprises approximately 15% of our custody and fund administration fees was generally weaker due to lower volumes and lower onetime fees. (15) Assets under management for asset servicing clients were $962 billion, down 12% year-over-year, but up 7% sequentially. (16) Investment management fees within Asset Servicing were $126 million, down 14% year-over-year, but up 2% sequentially. (17) The Investment management fees decreased from the prior year quarter, primarily due to asset outflows in unfavorable markets, partially offset by lower money market fund fee waivers. (18) Assets under management for our Wealth Management clients were $368 billion at quarter end, down 7% year-over-year, but up 5% on a sequential basis. (19) Trust investment and other servicing fees were $461 million, down 9% compared to the prior year, but up 1% sequentially. (20) Within both the regions and GFO, the year-over-year declines were primarily driven by unfavorable market impacts and product level asset outflows, partially offset by the elimination of money market fund fee waivers. (21) While we saw a decline in deposits for the quarter, it was more than offset by increases in money market funds as clients continue to migrate into higher-yielding products. (22) As mentioned, average deposits were $112 billion, down 4% sequentially with wealth management deposits down 7% and institutional down 3%. (23) Across the organization, we experienced a $2 billion decline in noninterest-bearing deposits as clients shifted to higher-yielding alternatives. (24) This reduced the mix of noninterest-bearing deposits to 18%. (25) Loan balances averaged $42 billion and were down 1% sequentially. (26) Securities were down 3% sequentially, reflecting the impact of both our repositioning early in the quarter and the natural runoff, which we've chosen to reinvest at the short end of the curve. (27) And finally, we had the impact from 2 fewer days in the quarter. (28) And subsequent to tax season, we've observed an incremental typical decline of a few billion dollars. (29) 3 billion in the first quarter, 7% higher than the prior year, but 3% lower sequentially. (30) Thus, mark-to-market losses occur immediately in our capital and capital ratios. </analysis></text>
                    </speaker>
                </statement>
            </section>
        <section name="Question and Answer">
            <transition>
                <speaker id="-1" position="Operator">Operator<text>[Operator Instructions] And we will take our first question from Betsy Graseck with Morgan Stanley.<sentiment>neutral</sentiment><pos>0.0389</pos><neg>0.0178</neg><neutr>0.9433</neutr></text>
                    </speaker>
                </transition>
            <question id="0">
                <speaker id="4" company="Morgan Stanley">Betsy Lynn Graseck<text>Really great quarter. Thanks for all the detail and the incremental information here. I did just want to understand how you're thinking about managing the balance sheet in an environment where deposits are under pressure, even though it might be modest. I think you indicated that average deposits [Q-to-date] is around 110 and that's down around 3% from last quarter, I believe. So just wanted to understand how you're thinking about that.<sentiment>negative</sentiment><pos>0.0117</pos><neg>0.9658</neg><neutr>0.0226</neutr></text>
                    </speaker>
                </question>
            <answer id="0">
                <speaker id="0" position="Executive VP &amp; CFO" company="Northern Trust Corporation NasdaqGS:NTRS">Jason Jerrome Tyler<text>Sure. The most important thing, and you referenced it, is that it's just -- it's an uncertain environment. And although we've got -- we have over $50 billion in what we refer to as economic liquidity, which is the cash we have on hand at the Fed here and central banks around the world, and also the short-term securities we have, so that provides a ton of liquidity. But the environment is just uncertain. And so on -- in some ways, we want to just maintain as much liquidity as possible and not be greedy. And on the other side, the balance sheet is always available for clients and we -- particularly from a liquidity perspective. And that means we want to leave plenty of room for clients that either want to deposit with us or also might need lending from us. And so these uncertain times just call for maximum patience for us and maximum flexibility so that we can be available for whatever our clients want.<sentiment>neutral</sentiment><pos>0.1474</pos><neg>0.0188</neg><neutr>0.8338</neutr></text>
                    </speaker>
                </answer>
            <followQuestion id="0" question_id="0">
                <speaker id="4" company="Morgan Stanley">Betsy Lynn Graseck<text>And just as a follow-up to that, could you help us understand how you're thinking about the loan book going forward because to the extent there is demand, it seems like you've got a decent amount of capacity there.<sentiment>neutral</sentiment><pos>0.4676</pos><neg>0.0128</neg><neutr>0.5196</neutr></text>
                    </speaker>
                </followQuestion>
            <followAnswer id="0" question_id="0">
                <speaker id="0" position="Executive VP &amp; CFO" company="Northern Trust Corporation NasdaqGS:NTRS">Jason Jerrome Tyler<text>Sure. Yes, you're right. There's a -- as you think about this effectively, the securities book at $50 billion acts as the ultimate fulfillment of -- and completion mechanism in the balance sheet. We couldn't do all of that with loans, but we certainly have capacity to do a lot more but it's always going to start from our perspective with maintaining prudent credit quality and approach. And then working -- the best thing we can do is work with existing clients on existing types of loans. And so that's why a couple of years ago, you heard us talk about an initiative to do more lending, we did that. That was very largely with existing clients. 
From here forward, we're not looking to having any initiatives to dramatically increase the loan book. It's -- from our perspective, it's responding to clients as they need in different categories. And but the turmoil that we're looking at, it does provide opportunities. If you look at the -- if you look internally at the opportunity set we have, there's a lot of opportunity. And so we have to be thoughtful about how to grow and with what clients or prospects we want to grow, but this is a period where there are opportunities out there.<sentiment>neutral</sentiment><pos>0.1542</pos><neg>0.0135</neg><neutr>0.8323</neutr></text>
                    </speaker>
                </followAnswer>
            <transition>
                <speaker id="-1" position="Operator">Operator<text>We will take our next question from Alex Blostein with Goldman Sachs.<sentiment>neutral</sentiment><pos>0.0371</pos><neg>0.027</neg><neutr>0.9359</neutr></text>
                    </speaker>
                </transition>
            <question id="1">
                <speaker id="3" company="Goldman Sachs Group, Inc.">Alexander Blostein<text>So I was hoping we could start with opportunities you guys are seeing in the wealth channel on the back of the dislocation in the banking space. Mike, you mentioned obviously a flurry of activity towards the end of the quarter. Can you maybe help us frame what that means in terms of maybe revenues and I guess, zooming out a little bit, does what has been happening and I guess, continues to happen in the banking world, does that increase your kind of organic growth prospects and to what extent in the wealth channel?<sentiment>neutral</sentiment><pos>0.272</pos><neg>0.0131</neg><neutr>0.7149</neutr></text>
                    </speaker>
                </question>
            <answer id="1">
                <speaker id="2" position="Chairman &amp; CEO" company="Northern Trust Corporation NasdaqGS:NTRS">Michael Gerard O’Grady<text>Sure, Alex. So as I did mention, there has been a lot of activity. And as we've talked about before, when there's more money in motion, we do have the opportunity to grow a little bit faster. And so we did see that pick up in the first quarter after the back half of last year, where we talked about the fact that there was less activity as a result of the interest rate environment. That said, this is something where the nature of the clients that we serve and that we work with and that we look to bring on board are pretty meaningful. And so it's a longer-term process and, I would say, business building process than what I would call a sales process to do that. 
I mentioned some of the momentum that we saw in the upper part of the market above $50 million. And the fact that we have a lot of prospects in that area as well. So we see this more as, I would say, a longer running opportunity rather than a 1 quarter, 2 quarter opportunity. And that's how we're approaching it.<sentiment>neutral</sentiment><pos>0.2084</pos><neg>0.0219</neg><neutr>0.7696</neutr></text>
                    </speaker>
                </answer>
            <followQuestion id="0" question_id="1">
                <speaker id="3" company="Goldman Sachs Group, Inc.">Alexander Blostein<text>Got it. Great. And then my follow-up just around deposits and talk about this common tax season for the extra detail. So 110 average so far in April, and it sounds like maybe down a little bit more on the back of the tax season where things are standing now. What's the mix, I guess, between interest-bearing and noninterest-bearing balances and the way you guys see it right now in April? And when it comes to the wealth deposits in particular, it sounds like they were down a little bit more the institutional in the quarter. So I guess, as you think about rolling forward, what's the approach to the rate you guys are paying of wealth deposits from here since it seems like a lot of it is ultimately still sorting into money market funds.<sentiment>neutral</sentiment><pos>0.04</pos><neg>0.4175</neg><neutr>0.5425</neutr></text>
                    </speaker>
                </followQuestion>
            <followAnswer id="0" question_id="1">
                <speaker id="0" position="Executive VP &amp; CFO" company="Northern Trust Corporation NasdaqGS:NTRS">Jason Jerrome Tyler<text>Sure. So let me give you a couple of incremental data points to work with. One, you're right. We -- and it's typical, obviously, as you know well, Alex, for us to see a drop after the peak of tax season. And so it has come down a few in the range of $4 billion or $5 billion since that average -- relative to that average. And that said, we -- from a mix perspective, not seeing anything dramatically different early on. And we talked about the fact that the noninterest-bearing mix is higher than even it was last time rates were up. But as rates flatten out, probably less incremental shift from that mix. 
And then within wealth, in particular, Mike mentioned the growth there. And you're exactly right in calling out a lot of it going to cash. And I mentioned that there's a lift overall in client liquidity. So of the lift that we've seen in cash, about $5 billion of that was in the wealth channel alone over the quarter. And so -- and that more than offsets the deposit decline that we saw in that channel. And so you just get a sense that the flows in that business are positive and give us a sense that there's good activity there.<sentiment>positive</sentiment><pos>0.5328</pos><neg>0.2323</neg><neutr>0.2349</neutr></text>
                    </speaker>
                </followAnswer>
            <followQuestion id="1" question_id="1">
                <speaker id="3" company="Goldman Sachs Group, Inc.">Alexander Blostein<text>Got you. Sorry. And just what's the rate on the wealth deposit that you guys are paying right now?<sentiment>neutral</sentiment><pos>0.0309</pos><neg>0.1661</neg><neutr>0.803</neutr></text>
                    </speaker>
                </followQuestion>
            <followAnswer id="1" question_id="1">
                <speaker id="0" position="Executive VP &amp; CFO" company="Northern Trust Corporation NasdaqGS:NTRS">Jason Jerrome Tyler<text>It's highly dependent. It varies by size, by region, by type. And so it's hard to give a -- it's impossible to give a specific number on it. But if you look at the -- what might be instructive as you're thinking about it is more of an overall average cost across the book, which is, call it, 200 to 250 basis points.<sentiment>neutral</sentiment><pos>0.032</pos><neg>0.0741</neg><neutr>0.8939</neutr></text>
                    </speaker>
                </followAnswer>
            <answer id="1">
                <speaker id="2" position="Chairman &amp; CEO" company="Northern Trust Corporation NasdaqGS:NTRS">Michael Gerard O’Grady<text>And Alex, I would just add that there's no question with whatever -- with everything that's happened here that the market for deposits is more competitive. So there's more price competition with lots of banks looking to retain or gain deposits and pricing aggressively to do that. Of course, we have to -- likewise, price to make them attractive for our clients. But at a certain point, if it's just going to get priced away -- on price as opposed to relationships, then you're going to see some go away. 
And just more broadly on deposits, it's just, I think, important to understand the nature of our client base, which you know well, but just asset owners, asset managers, wealth clients, that have different characteristics than a lot of other institutions. Certainly, on the operational side, these are deposits that they have as a part of running their operations. And so very sticky in the sense that it's based on transaction flows rather than necessarily rate per se. And on the other hand, these are institutions that are evaluated based on their performance. And so when rates go up as fast as they have here, they have to make sure they're earning returns overall. 
So they're looking to be efficient. And with our wealth clients as well. We're working with them to make sure that they get attractive returns overall. So a lot of dynamics at play. And I think it's Important to understand the characteristics of our client base relative to others.<sentiment>neutral</sentiment><pos>0.1114</pos><neg>0.0336</neg><neutr>0.855</neutr></text>
                    </speaker>
                </answer>
            <transition>
                <speaker id="-1" position="Operator">Operator<text>We will take our next question from Steven Chubak with Wolfe Research.<sentiment>neutral</sentiment><pos>0.0384</pos><neg>0.0285</neg><neutr>0.9331</neutr></text>
                    </speaker>
                </transition>
            <question id="2">
                <speaker id="11" company="Wolfe Research, LLC">Steven Joseph Chubak<text>So I wanted to start off with a question on the noncomps. Looking at the component pieces, you guys made some good progress there. A good amount of the beat was really in outside services. I know that, that has a heavy variable or activity linked component. Should we expect that to normalize as activity levels pick up consistent with what you saw at the end of March? Just trying to think about what's a reasonable jumping off point for us to be modeling for next quarter?<sentiment>neutral</sentiment><pos>0.2068</pos><neg>0.0297</neg><neutr>0.7636</neutr></text>
                    </speaker>
                </question>
            <answer id="2">
                <speaker id="0" position="Executive VP &amp; CFO" company="Northern Trust Corporation NasdaqGS:NTRS">Jason Jerrome Tyler<text>Yes, absolutely. You're right in that, that line item can move around a lot. So let me give you a short-term and then maybe a longer-term dynamic. In the short run, that line item was impacted by, call it, 2 things. One, some timing. So we know that there's some of that improvement will likely come back online in second quarter. And then secondly, we've taken expense actions in that category. And so we worked really hard to work down consulting, to work down other tech services sub-custody, negotiating hard on third-party advisory fees. 
And so some of it definitely is related to the expense measures that we talked about, broadly related to the productivity office, but there's also some timing there, too. And so as you think about second quarter, this is an area where you'll see a meaningful increase, call it, $20 million just quarter-over-quarter going to next year. About $5 million of that is just a movement from on-premise processing that would show up in equipment and software moving up into outside services. But there's also just business growth and timing related there as well. We're obviously not going to see $20 million lift consistently, but that's one where we're likely to see one going into second quarter.<sentiment>neutral</sentiment><pos>0.3189</pos><neg>0.0534</neg><neutr>0.6277</neutr></text>
                    </speaker>
                </answer>
            <followQuestion id="0" question_id="2">
                <speaker id="11" company="Wolfe Research, LLC">Steven Joseph Chubak<text>Got it. And just for my follow-up on NII. I know you had alluded to this in some of your commentary, and I'll also echo I appreciate the additional detail on the deposit side. There's been some debate previously as to whether NII or NIM had peaked at this juncture, whether it could eclipse level seen last cycle. I was hoping you could give some perspective just on the NII trajectory. If it's peaked at this juncture or if there's room for growth, and given the balance sheet repositioning you alluded to in terms of shortening the duration on the asset side, how we should think about the NII trajectory in a Fed easing cycle, in particular, would be really helpful.<sentiment>neutral</sentiment><pos>0.1192</pos><neg>0.0359</neg><neutr>0.8449</neutr></text>
                    </speaker>
                </followQuestion>
            <followAnswer id="0" question_id="2">
                <speaker id="0" position="Executive VP &amp; CFO" company="Northern Trust Corporation NasdaqGS:NTRS">Jason Jerrome Tyler<text>Sure. So on the first, the reality is even this quarter, you could see there was a new factor introduced into NII, which is just client preference. And you can see just how often even this morning on this call, we don't talk about just deposits in isolation. We talk about them in conjunction with money market funds. And part of that is that culturally, we have an incredibly strong focus just on providing advice to clients across whatever is appropriate for them. And there are advantages to being in deposits. There are advantages to being in money market funds, there are advantages to being in short-term treasuries. And we think about that -- we track inside the company, that's what we were looking at very, very closely on a very periodic -- on a very frequent periodic basis. And so I think that's important for people to understand. We're not nudging clients in one direction or the other, just talking to them about the advantages of each. 
And so the reality is from here, NII is going to be based on more than on interest rates, it's going to be based on volumes. And volumes last quarter, we were talking about the impact of QT and we were talking about taxes. Now this new factor that's been introduced is what is client preference between those 3 pillars of client liquidity. And we could see that going in either direction. And for us, that's totally fine as long as we're continuing to grow client liquidity. And so it's hard to model in the short run, but if we think about the traditional factors, Fed rate increases, the institutional business, which is, call it, 75 -- 70% to 80% of our deposits, we're at about 100% beta there. And that's kind of flattened out. 
In the wealth channel, the betas are meaningfully lower. They're, call it, 30% to 40%. And so still with Fed action because that's all impacted in U.S. dollars, there's benefit from that lift step. And then you've got to introduce the other factors, what happens with QT and then what happens with client preference across the pillars 
And then from a NIM perspective, just the last comment I'll make is that we -- you saw our leverage ratio is strong, and it's in the mid-7s. And it gives us an opportunity if we want to take advantage if there's a positive carry to do more leveraging and still maintain great liquidity for our clients. That's helpful to NII, but it's obviously, it brings down NIM.<sentiment>neutral</sentiment><pos>0.0911</pos><neg>0.0338</neg><neutr>0.8751</neutr></text>
                    </speaker>
                </followAnswer>
            <transition>
                <speaker id="-1" position="Operator">Operator<text>We will take our next question from Mike Mayo with Wells Fargo Securities.<sentiment>neutral</sentiment><pos>0.034</pos><neg>0.0374</neg><neutr>0.9286</neutr></text>
                    </speaker>
                </transition>
            <question id="3">
                <speaker id="10" company="Wells Fargo Securities, LLC">Michael Lawrence Mayo<text>You mentioned taking tougher actions on expenses. I think that showed quarter-over-quarter. You mentioned benefits from the industry dislocation but your expense-to-fee ratio is still -- still above your 105% to 110% range, quite a bit above. So when do you think you'll get there? And -- should we look at the quarter-over-quarter progression or should we think about year-over-year because quarter-to-quarter looks better than year-over-year.<sentiment>neutral</sentiment><pos>0.2043</pos><neg>0.0303</neg><neutr>0.7653</neutr></text>
                    </speaker>
                </question>
            <answer id="3">
                <speaker id="2" position="Chairman &amp; CEO" company="Northern Trust Corporation NasdaqGS:NTRS">Michael Gerard O’Grady<text>Yes, Mike, I would say that our perspective is the same in the sense of -- we're looking, I'll call it sequentially and quarter-over-quarter and looking to make improvement in that and getting there both on the numerator and the denominator. So holding tight and trying to reduce where we can on the expense side and then growing the fee side as we go through there. And as you've seen, if you look at it sequentially there, we kind of bottomed out with the fees in the fourth quarter, and now they're up very, very slightly. But then depending on markets, but then more importantly, how we drive organic growth underneath that. We're looking to increase fees as we go forward on a sequential basis, while at the same time having discipline on the expense side to keep bringing that expense-to-trust fee ratio down.<sentiment>neutral</sentiment><pos>0.3796</pos><neg>0.0929</neg><neutr>0.5274</neutr></text>
                    </speaker>
                </answer>
            <transition>
                <speaker id="-1" position="Operator">Operator<text>We will take our next question from Glenn Schorr with Evercore.<sentiment>neutral</sentiment><pos>0.0412</pos><neg>0.026</neg><neutr>0.9328</neutr></text>
                    </speaker>
                </transition>
            <question id="4">
                <speaker id="7" company="Evercore ISI Institutional Equities">Glenn Paul Schorr<text>Question on the other borrowing side. I think most of that is wholesale funding. And I know it's not a huge number, but it's also grown to be not nothing. It's up 43%. And and the rate paid on that is up 450 basis points. So I'm just looking for, is that a temporary filling of the gap of the gap down in deposits? How do you think about that line item intermediate term, say, I know you got to do what you got to do in the short term.<sentiment>neutral</sentiment><pos>0.2731</pos><neg>0.031</neg><neutr>0.6959</neutr></text>
                    </speaker>
                </question>
            <answer id="4">
                <speaker id="0" position="Executive VP &amp; CFO" company="Northern Trust Corporation NasdaqGS:NTRS">Jason Jerrome Tyler<text>Yes. No, part of it is the higher borrowing. But part of it is that interest is doing more in the -- I think part of the reason that the cost of that is elevated is -- us doing more FICC Repo for clients and just providing more liquidity options for them. And the way the accounting works for that with the netting it just leads to a high -- it makes it look like a higher cost than what it is. And so we're going to talk about whether maybe even to break that out separately and provide more detail in the future on it because it's becoming to your exact point. It's just becoming a little bit larger, but that's the reason you see that movement in the short run.<sentiment>neutral</sentiment><pos>0.08</pos><neg>0.0306</neg><neutr>0.8894</neutr></text>
                    </speaker>
                </answer>
            <followQuestion id="0" question_id="4">
                <speaker id="7" company="Evercore ISI Institutional Equities">Glenn Paul Schorr<text>Okay. Yes, that would be helpful. It's -- because then it's actually a distraction for you. Okay. And then maybe big picture, you talked about capturing client liquidity and you talk about more holistically than you have in the past as money trends to money markets and treasuries. How much of it -- is it advised versus clients just self-selecting in -- and are there things that you could -- that you're tracking to see what you're actually capturing? In other words, is it actually your dollars from deposits going into your money market funds as opposed to pluses and minuses come from different directions?<sentiment>neutral</sentiment><pos>0.0388</pos><neg>0.0347</neg><neutr>0.9265</neutr></text>
                    </speaker>
                </followQuestion>
            <followAnswer id="0" question_id="4">
                <speaker id="0" position="Executive VP &amp; CFO" company="Northern Trust Corporation NasdaqGS:NTRS">Jason Jerrome Tyler<text>Sure. So a couple of thoughts. One, it's -- we're much more accurate in being able to track the money market fund than we are treasuries. And let me just give an example or two to illustrate what -- why that's the case. We could, and we actually did have a small number of very large institutional clients that might have said, "a quarter ago, we'd just like to park some money on the balance sheet. We'd work with them on what rate that is. And then they might say, for a variety of reasons, we want to go to short-term treasuries. If they do that, they might use -- if it's a financial services fund, it could be a hedge fund, it could be an asset manager. If they have a prime broker, they're more likely to use their prime broker to manage that. Is that really -- it's certainly not us losing a lot of net interest income because the pricing on the deposit is going to be really tight, but difficult for us to track and really confirm where that's going. 
The other end of the spectrum is in wealth management, financial advisers are literally calling their clients and saying rates are higher. You're sitting on $750,000 in cash. Let's talk about what you'd like to do with that. Would you like to move that into a money market fund? Would you like to move it into a CD? Would you like to start building out and ladder a treasury portfolio? We can track that much more accurately. And so different components, but in general, we're -- the statistics that we gave are biased toward the information that we can track and that we know stayed in-house. And so if there's an information bias, it's toward us ensuring that the numbers were telling you are reflective of what stayed here.<sentiment>neutral</sentiment><pos>0.053</pos><neg>0.0356</neg><neutr>0.9114</neutr></text>
                    </speaker>
                </followAnswer>
            <transition>
                <speaker id="-1" position="Operator">Operator<text>We will take our next question from Brian Bedell with Deutsche Bank.<sentiment>neutral</sentiment><pos>0.037</pos><neg>0.033</neg><neutr>0.9301</neutr></text>
                    </speaker>
                </transition>
            <question id="5">
                <speaker id="6" company="Deutsche Bank AG">Brian Bertram Bedell<text>Maybe just staying on the -- for my first question, just to stay on the deposit trends. And the question would be -- as you think about that deposit pricing strategy in the wealth channel, specifically, how do you view raising those deposit rates versus the alternatives? I guess at what point would you be inclined to just let the deposits go into the money funds or into the ladders or rather you would raise rates incrementally to sort of keep those wealth deposits on the balance sheet?<sentiment>neutral</sentiment><pos>0.0501</pos><neg>0.0238</neg><neutr>0.9261</neutr></text>
                    </speaker>
                </question>
            <answer id="5">
                <speaker id="0" position="Executive VP &amp; CFO" company="Northern Trust Corporation NasdaqGS:NTRS">Jason Jerrome Tyler<text>Sure. So the -- in each of the businesses, there are pricing groups that set an overall rate but there are also leaders within the regions and then down to relationship managers that have the ability to work at individual client levels to do what's right. And -- so we're always thinking about what is our overall pricing relative to peers by geographical region within wealth management even. But then there are times when there are very large clients that might come with $50, $100, $250 million, and that's obviously not going to be priced off of a rate sheet. We're going to talk about that. 
And the overall bias when we're having conversations with clients, again, when we're talking about what to do and if they're going to keep a deposit. Looking at us versus competition, they just keep it on our platform. And so even though we've thrown out the beta in that 30% to 40% range, and that may seem light it's -- we're looking at where the market is and making sure that the balance sheet, again, is available. And making sure that we're not cannibalizing the whole base of deposits in order to pick up some volume. But obviously, and we've talked about it from the beginning, our strategic bias in wealth for deposits is keep the business on our platform.<sentiment>neutral</sentiment><pos>0.0774</pos><neg>0.0298</neg><neutr>0.8928</neutr></text>
                    </speaker>
                </answer>
            <followQuestion id="0" question_id="5">
                <speaker id="6" company="Deutsche Bank AG">Brian Bertram Bedell<text>That's great color. And then maybe just going back to maybe an early comment that you made, Mike, on the picking up of business given the banking stress that we've seen in March? I think you mentioned $1 billion of inflows on the wealth platform, but that -- it was a longer-term dynamic. Maybe if you could just sort of describe what you're seeing internally in terms of, I guess, thinking about I guess, maybe the panic environment where clients were moving assets quickly going to a strong provider like Northern. Are we sort of past that phase? And then what is that next phase of getting those clients because of the dislocation, I guess, what's the sort of the -- either the sales pitch in as we move to the next couple of quarters in that dynamic?<sentiment>neutral</sentiment><pos>0.0562</pos><neg>0.0663</neg><neutr>0.8776</neutr></text>
                    </speaker>
                </followQuestion>
            <followAnswer id="0" question_id="5">
                <speaker id="2" position="Chairman &amp; CEO" company="Northern Trust Corporation NasdaqGS:NTRS">Michael Gerard O’Grady<text>So Brian, I would start by saying that the way you characterize the first phase, kind of the panic phase is -- although we did have, I'll call it, like a strong week of inflows around that time period, it really wasn't a panic environment where people were pushing deposits over the counter, so to speak. I think there were different dynamics at play relative to other time periods. And that's why I say, what we're seeing is more kind of the longer play out in this -- I'll say, clients and prospects thinking about who their long-term financial partner is and ensuring that it's somebody that they're comfortable is going to be there and has the strength and stability. And so that's why I say it's less of a blip and more of a long-term, I call it, trend is the way that we would see it. And for us, without a doubt, it is playing off of our brands. It's playing off of the 130-year history of being around and being a strong partner. That, as you know, has been consistent for a long time. In certain environments, it plays better than others. We think this is an environment going forward where it plays very well.<sentiment>neutral</sentiment><pos>0.1132</pos><neg>0.0376</neg><neutr>0.8492</neutr></text>
                    </speaker>
                </followAnswer>
            <transition>
                <speaker id="-1" position="Operator">Operator<text>We will take our next question from Ken Usdin with Jefferies.<sentiment>neutral</sentiment><pos>0.0346</pos><neg>0.0291</neg><neutr>0.9363</neutr></text>
                    </speaker>
                </transition>
            <question id="6">
                <speaker id="9" company="Jefferies LLC">Kenneth Michael Usdin<text>Coming back on the expense question. I know you talked about moving the trust -- expense-trust-fees ratio is positive from here. The 6% adjusted cost growth rate is the best we've seen in like 6 or 7 quarters. And I'm just wondering, just philosophically, are you thinking about managing more towards absolute levels of cost? And is there a way to help us think about like how you think -- I know it's tough to generate operating leverage in this type of environment, just given what's happened and what you've walked through. But what's the right way to just think about absolute cost growth and how you're managing that on its own in this environment.<sentiment>neutral</sentiment><pos>0.1161</pos><neg>0.0217</neg><neutr>0.8622</neutr></text>
                    </speaker>
                </question>
            <answer id="6">
                <speaker id="0" position="Executive VP &amp; CFO" company="Northern Trust Corporation NasdaqGS:NTRS">Jason Jerrome Tyler<text>Sure. It's good to take a step back on this because it is how we've been talking about it internally recently. And one way to frame this, Ken, is if you think ex-charges. I'm going to -- because that's just the way -- we're not ignoring the charges, but the way we talk about them internally, ex-charges, we had 9% expense growth last year. And we don't -- that's not acceptable for us. And we -- so we've got to bend that curve aggressively. We know we're carrying part of that forward with what we know about the impact of hiring and merit increase and off-cycle adjustments given the labor environment last year. But that said, we're targeting getting 2 points out of last year's growth rate for the full year 2023. 
And in general, all the expense areas are going to be addressed collectively to get to that 7% or better expense growth rate. And so look at a couple that are notable because they've got big movements to them. One, you look at comp and that looked good for first quarter. If you look in the second quarter, we know there's about $40 million coming out because of the seasonality of the retirement-eligible grants and some other dynamics there. But we also know we've got $20 million in merit coming online in second quarter. 
The incentive accrual is also in that line. So -- and that varies with profitability. And then from there, everything else is going to be driven by what happens in business from hiring and other actions and expense measures and things like that. And then we talked about outside services and how that's got a big step up next quarter. And then -- the last one, I'll highlight equipment software even though we've got that move from equipment software into outside services, we've got clear visibility on some incremental depreciation coming online, maybe not in second quarter, but in third. And so you could see a $5 million step up in that line item in the second quarter. But then we know we've got $10 million in depreciation coming in third quarter. So -- those are the big pieces at a super high level and then as well a couple of the big moves underneath it.<sentiment>neutral</sentiment><pos>0.1706</pos><neg>0.042</neg><neutr>0.7874</neutr></text>
                    </speaker>
                </answer>
            <followQuestion id="0" question_id="6">
                <speaker id="9" company="Jefferies LLC">Kenneth Michael Usdin<text>That's super helpful. And within that 7% or better, do you have -- is there an embedded impact on what current FX currency translation does there?<sentiment>neutral</sentiment><pos>0.0592</pos><neg>0.05</neg><neutr>0.8908</neutr></text>
                    </speaker>
                </followQuestion>
            <followAnswer id="0" question_id="6">
                <speaker id="0" position="Executive VP &amp; CFO" company="Northern Trust Corporation NasdaqGS:NTRS">Jason Jerrome Tyler<text>No, not from -- no, not from here. I mean we know we had a lift in this quarter, just an elevation of lift in -- on both revenue expense side hurt on the expense side, but not really modeling significant change from here.<sentiment>positive</sentiment><pos>0.7453</pos><neg>0.1647</neg><neutr>0.09</neutr></text>
                    </speaker>
                </followAnswer>
            <followQuestion id="1" question_id="6">
                <speaker id="9" company="Jefferies LLC">Kenneth Michael Usdin<text>Okay. And if I could ask one more kind of bring it all together question. You talked about a lot of the balance sheet changes happening towards the end of the quarter. You talked about where deposits are, we can see where the betas went to. Do you have a way to help us understand just a range of expectations of what you think NII can do in 2Q versus 1Q to help us put that all together?<sentiment>neutral</sentiment><pos>0.1005</pos><neg>0.0135</neg><neutr>0.886</neutr></text>
                    </speaker>
                </followQuestion>
            <followAnswer id="1" question_id="6">
                <speaker id="0" position="Executive VP &amp; CFO" company="Northern Trust Corporation NasdaqGS:NTRS">Jason Jerrome Tyler<text>We've been giving a lot of information. I would hope to give you a really good answer on this one, but I think we've got to leave it with where the deposit levels are, where the balances have been, where the deposit levels are and then look from there on. There's just so many factors moving around and particularly just client preference and we're being so emphatic and saying we're not going to try to nudge in any direction, just provide good advice there. So it's hard to bind it. I have to say the big factors that we see from here with volumes being down so far, it's -- I'm hard-pressed to see how we match the $544 of second quarter. And so I'm going to say down, but not do too much more than that to give an anticipation just given the volatility in the market about client preference and where deposits are going.<sentiment>negative</sentiment><pos>0.0326</pos><neg>0.6863</neg><neutr>0.2811</neutr></text>
                    </speaker>
                </followAnswer>
            <transition>
                <speaker id="-1" position="Operator">Operator<text>We will take our next question from Jim Mitchell with Seaport Global.<sentiment>neutral</sentiment><pos>0.038</pos><neg>0.028</neg><neutr>0.934</neutr></text>
                    </speaker>
                </transition>
            <question id="7">
                <speaker id="8" company="Seaport Research Partners">James Francis Mitchell<text>Just maybe on the buyback. Any thoughts on with your leverage ratios improving, but you did also talk about maybe using some leverage. So how do we think about your thoughts on the buyback from here was a nice uptick from what you've been doing the last 5 quarters.<sentiment>positive</sentiment><pos>0.8839</pos><neg>0.0166</neg><neutr>0.0995</neutr></text>
                    </speaker>
                </question>
            <answer id="7">
                <speaker id="0" position="Executive VP &amp; CFO" company="Northern Trust Corporation NasdaqGS:NTRS">Jason Jerrome Tyler<text>Yes. It was good. And there's no reason we can't continue to be in the market. There are a couple of things working in our favor. One, if we've got a good return on equity in this -- even -- it's something like -- we picked up 35 -- 40 basis points from net income, you give up maybe half of that in dividends. But we also know that we're getting a lift from over time, the AOCI is going to pull the part and that gives a lift. I think it's also noteworthy. 
The balance sheet repositioning we did -- it was -- that was accretive to CET1 because it helped reduce RWA. And so those things help. And so if you think about those dynamics of what is return on equity, where are we from a dividend payout ratio perspective? And then the pulling a part of AOCI, in general, it gives us some room to buy back stock, while at the same time, increasing CET1 to be at levels that are more consistent with -- if you look at our long-term history, we're still a little bit lower than where we were. And you know we're always looking at where peers and where is the competition and making sure we have good buffers. But that's how we're thinking about it nowadays. I'll tell you, we do look every day, we know -- where we know the impact of rates on AOCI. And so that's a factor you should imagine, we're thinking about intra-quarter.<sentiment>neutral</sentiment><pos>0.2731</pos><neg>0.0346</neg><neutr>0.6923</neutr></text>
                    </speaker>
                </answer>
            <followQuestion id="0" question_id="7">
                <speaker id="8" company="Seaport Research Partners">James Francis Mitchell<text>Okay. That's fair. And then maybe just maybe a bigger picture. We've talked a lot about NII. On the fee side, you had good flows at the end of the quarter into money market funds, which is one of your higher fee rate products. You're talking about perhaps increased flows in the wealth side. How do we think -- and you had a move in the markets, how do we think about total fee income? Any puts and takes to think about as we go forward into the next quarter and beyond?<sentiment>neutral</sentiment><pos>0.2326</pos><neg>0.0169</neg><neutr>0.7506</neutr></text>
                    </speaker>
                </followQuestion>
            <followAnswer id="0" question_id="7">
                <speaker id="0" position="Executive VP &amp; CFO" company="Northern Trust Corporation NasdaqGS:NTRS">Jason Jerrome Tyler<text>Yes. We've talked about the -- we give a good sense of where we are at the end of the quarter relative to the averages. And so it gives us a -- the launch point, frankly, is positive, relative to where we are. And you're right that the money market funds, in general, that's an attractive fee business for us. And so those -- all those things play in our favor. But we also know markets have a really big impact. And then also as much as we talk about -- we talk about organic growth in the business, what happens with markets in the short run is often the bigger driver. 
The last thing I'll mention is that in Asset Servicing in particular, that pipeline in the short run of 1 not funded, 1 not onboarded is still above historical levels. And so the short run looks positive. We have less visibility out late in the year but the asset servicing side still is also attractive relative to history, and we gave you even more information, I think, on the wealth management side of the business.<sentiment>neutral</sentiment><pos>0.2923</pos><neg>0.0217</neg><neutr>0.686</neutr></text>
                    </speaker>
                </followAnswer>
            <transition>
                <speaker id="-1" position="Operator">Operator<text>We will take our next question from Brennan Hawken with UBS.<sentiment>neutral</sentiment><pos>0.0354</pos><neg>0.0357</neg><neutr>0.9288</neutr></text>
                    </speaker>
                </transition>
            <question id="8">
                <speaker id="5" company="UBS Investment Bank">Brennan Hawken<text>I just want to try and make sure I understand something on expenses. You had spoken to getting below 7% expense growth and I believe that was on a number that was ex one-timers. Do I understand that right? And what is that base on 2022, if we back out the one-timers, just so I can kind of fully level set and understand how we'd be really thinking about that.<sentiment>neutral</sentiment><pos>0.0692</pos><neg>0.0368</neg><neutr>0.894</neutr></text>
                    </speaker>
                </question>
            <answer id="8">
                <speaker id="0" position="Executive VP &amp; CFO" company="Northern Trust Corporation NasdaqGS:NTRS">Jason Jerrome Tyler<text>Yes. It's -- Think about it as 4, 8, 9, 3 to be very, very specific.<sentiment>neutral</sentiment><pos>0.0302</pos><neg>0.0405</neg><neutr>0.9292</neutr></text>
                    </speaker>
                </answer>
            <followQuestion id="0" question_id="8">
                <speaker id="5" company="UBS Investment Bank">Brennan Hawken<text>That certainly is.<sentiment>neutral</sentiment><pos>0.0861</pos><neg>0.0302</neg><neutr>0.8837</neutr></text>
                    </speaker>
                </followQuestion>
            <followAnswer id="0" question_id="8">
                <speaker id="0" position="Executive VP &amp; CFO" company="Northern Trust Corporation NasdaqGS:NTRS">Jason Jerrome Tyler<text>Sure.<sentiment>neutral</sentiment><pos>0.1081</pos><neg>0.0177</neg><neutr>0.8742</neutr></text>
                    </speaker>
                </followAnswer>
            <followQuestion id="1" question_id="8">
                <speaker id="5" company="UBS Investment Bank">Brennan Hawken<text>So one more just clarifying. You had chatted about how there's some noise in that other financing line that we most usually think about as wholesale. So with deposits coming down, I would think that you'd be probably building out the wholesale, at least in the near term, given the quarter-to-date decline in the balances. Is that operating assumption fair? And then if we were to strip out some of that FICC financing line, what is that core cost to your wholesale just so we can model it appropriately when we're thinking about [indiscernible] up for the -- some of the quarter-to-date trends you flagged.<sentiment>neutral</sentiment><pos>0.1162</pos><neg>0.0939</neg><neutr>0.7899</neutr></text>
                    </speaker>
                </followQuestion>
            <followAnswer id="1" question_id="8">
                <speaker id="0" position="Executive VP &amp; CFO" company="Northern Trust Corporation NasdaqGS:NTRS">Jason Jerrome Tyler<text>Yes. And in general, it's going to depend on where we go in the market and how we -- and what sources of wholesale funding that we use. And so it's FHLB and sometimes we're doing other sources. But in general, it's been in the mid-4s this past quarter. And going forward, I think it's just -- I think it's obviously going to be impacted by rates and where -- and what happens with the Fed. And so -- but I think the fact that we've gotten 2 questions this time means we'll probably, in the future, try and give you guys a little bit more information on the impact of FICC repo and how that's impacting the borrowing costs. And there's also impact on the asset side to be fair as well. So we'll provide some more information on it.<sentiment>neutral</sentiment><pos>0.0651</pos><neg>0.0367</neg><neutr>0.8982</neutr></text>
                    </speaker>
                </followAnswer>
            <followQuestion id="2" question_id="8">
                <speaker id="5" company="UBS Investment Bank">Brennan Hawken<text>Right. That would be really helpful. I'd love to just to -- this is a little bit of a ticky tacky, but I'd love to just do one more on expenses, if you don't mind. You spoke to $20 million pickup quarter-to-quarter. It seemed like on noncomp, but $5 million of that was just like one -- going from one bucket to another. So -- does that mean it's like $15 million quarter-over-quarter? Or does that mean that $20 million is the total step-up we should think about for noncomp? And then underneath the surface of that, there's $5 million moving from one bucket to another. Just if you could clarify that, that would be helpful.<sentiment>neutral</sentiment><pos>0.0512</pos><neg>0.039</neg><neutr>0.9099</neutr></text>
                    </speaker>
                </followQuestion>
            <followAnswer id="2" question_id="8">
                <speaker id="0" position="Executive VP &amp; CFO" company="Northern Trust Corporation NasdaqGS:NTRS">Jason Jerrome Tyler<text>Yes. I'm going to -- there's a couple of areas where I mentioned 5 and 10. So let me -- I'm going to be a little bit repetitive, forgive me, but it will make sure that I was 100% clear on them because there's a couple of different areas that you might have been referencing. On comp, no movements between buckets. We think it take first quarter, reduce it by $40 million for the retirement eligible and some other factors that play into the incentive line and then add 20 for merit increase. that gives you a decent starting point to say, "okay, what's going to happen with the business going forward?" 
Second dynamic that I mentioned does have movement between line items, it's movement between outside services and equipment and software. And there's about a $5 million move that's going to happen in second quarter from equipment and software into outside services. Outside services should be about $20 million higher than first quarter, that $20 million includes the $5 million from equipment and software. On equipment software, still think that, that line item is going to be up a few million dollars in second quarter.<sentiment>neutral</sentiment><pos>0.1369</pos><neg>0.032</neg><neutr>0.8312</neutr></text>
                    </speaker>
                </followAnswer>
            <other id="3" question_id="8">
                <speaker id="5" company="UBS Investment Bank">Brennan Hawken<text>Thanks for walking through that.<sentiment>neutral</sentiment><pos>0.2828</pos><neg>0.0353</neg><neutr>0.6819</neutr></text>
                    </speaker>
                </other>
            <transition>
                <speaker id="-1" position="Operator">Operator<text>We will take our next question from Gerard Cassidy with RBC. 
Unknown Analyst 
This is Thomas calling on behalf of Gerard. Circling back a bit on the fee side and following up a bit on Alex's question earlier. Can you give us some color on the competitive landscape you saw this quarter? And any organic growth opportunities you see as we look further into 2023 on the institutional side. You guys gave some good color on the wealth side, but just on the institutional side, any additional color there?<sentiment>neutral</sentiment><pos>0.1092</pos><neg>0.0129</neg><neutr>0.8779</neutr></text>
                    </speaker>
                </transition>
            <question id="9">
                <speaker id="2" position="Chairman &amp; CEO" company="Northern Trust Corporation NasdaqGS:NTRS">Michael Gerard O’Grady<text>Yes. Tom, the additional color I'd give you there is that -- certainly highly competitive, but there are quite a few opportunities that are out there, so active market. And I would say a lot of what's driving it is with the impact on the markets last year, equity markets being down 19%, 20%. And that put a lot of pressure on asset managers. And as a result, having them look at their operating models, how they can become more efficient and looking to either outsource activities and/or consolidate providers. And so that has increased, again, the level of opportunities in the marketplace. And can cut both ways. I mean situations where they were advantaged but other situations where I'll say we're more on the defensive because it's an existing client or 1 of 2 being an existing client. So very active at this point and obviously trying to win more than our share. 
Unknown Analyst 
That's helpful. And then just lastly, high level, can you detail for us what an ideal environment would look like for you guys in terms of an interest rate and a global markets perspective.<sentiment>negative</sentiment><pos>0.1259</pos><neg>0.4837</neg><neutr>0.3904</neutr></text>
                    </speaker>
                </question>
            <answer id="9">
                <speaker id="0" position="Executive VP &amp; CFO" company="Northern Trust Corporation NasdaqGS:NTRS">Jason Jerrome Tyler<text>Yes. It's the -- it's interesting, I think Gerard actually might have asked that exact question a few weeks ago, which seems like quarters ago, and my thought on that is that, first of all, the trajectory -- the slope of the curve matters a ton. And having a somewhat steeper yield curve matters a lot. And Secondly, you want rates to be above, very low. And so when rates are, call it, 50 -- when Fed funds rates are below 50 basis points or below it's hard -- it's just hard for us to get good return on equity, and we start to play in the fee waiver land, which just is not -- it's not that we lose money in money market funds. But that whole business, the economics of it changed a lot. 
And -- but then lastly, the pace with which you get to any environment matters a lot. And that's why a lot of banks have struggled this time. It's not the yield curve, it's the pace of change. And literally 12 months ago to today, and Fed moving this aggressively in a relatively short period of time. It just creates -- it's very tough to deal with PACE. So those would be -- those are the 3 dynamics that are forefront of mind from our lens.<sentiment>neutral</sentiment><pos>0.0436</pos><neg>0.195</neg><neutr>0.7614</neutr></text>
                    </speaker>
                </answer>
            <transition>
                <speaker id="-1" position="Operator">Operator<text>We will take our next question from Vivek Juneja with JPMorgan.<sentiment>neutral</sentiment><pos>0.0356</pos><neg>0.028</neg><neutr>0.9364</neutr></text>
                    </speaker>
                </transition>
            <question id="10">
                <speaker id="12" company="JPMorgan Chase &amp; Co">Vivek Juneja<text>A couple of questions. One is the headcount cuts, the severance that you took in the fourth quarter. Have we seen that flow through yet in terms of the numbers?<sentiment>neutral</sentiment><pos>0.1179</pos><neg>0.2421</neg><neutr>0.6399</neutr></text>
                    </speaker>
                </question>
            <answer id="10">
                <speaker id="0" position="Executive VP &amp; CFO" company="Northern Trust Corporation NasdaqGS:NTRS">Jason Jerrome Tyler<text>So we have actually gotten a pretty good head start on those but very little impact already in the numbers. It happened later in the quarter and just the areas of the business where they happened, we just haven't seen them play through very much yet, some impact, but light.<sentiment>neutral</sentiment><pos>0.2245</pos><neg>0.0934</neg><neutr>0.6821</neutr></text>
                    </speaker>
                </answer>
            <followQuestion id="0" question_id="10">
                <speaker id="12" company="JPMorgan Chase &amp; Co">Vivek Juneja<text>So should we -- in those numbers that you gave us, should there be some benefit from that coming through, Jason, in Q2 or not or 3Q? Or any color on that?<sentiment>neutral</sentiment><pos>0.0992</pos><neg>0.0153</neg><neutr>0.8855</neutr></text>
                    </speaker>
                </followQuestion>
            <followAnswer id="0" question_id="10">
                <speaker id="0" position="Executive VP &amp; CFO" company="Northern Trust Corporation NasdaqGS:NTRS">Jason Jerrome Tyler<text>Yes. We've -- all along, I think we said we think the meaningful impact should be visible by third quarter. And again, remember also that we said this is about getting jobs into the right places. And so in many instances, this is about transitioning jobs from lower cost -- from higher-cost locations to lower-cost locations. And so we'll see some benefit, but it's not the impact of taking the roles that we're exiting times, times the average cost. There's some exit in some instances. Again, I think it is super instructive to focus on what we mentioned earlier, we're thinking about the -- our target is to try and get that overall expense growth rate in the right level, and we're thinking about all of these different expense categories in aggregate to get there.<sentiment>neutral</sentiment><pos>0.1972</pos><neg>0.0264</neg><neutr>0.7763</neutr></text>
                    </speaker>
                </followAnswer>
            <followQuestion id="1" question_id="10">
                <speaker id="12" company="JPMorgan Chase &amp; Co">Vivek Juneja<text>Shifting gears completely different one. You talked about the reverse, but I want to separate from that. Your other borrowings went up from about $3.5 billion a year ago, $8 billion last quarter to now over $11 billion. It doesn't seem like you're making much of a spread on that. Any color on how we should think about that and what's driving that increase?<sentiment>neutral</sentiment><pos>0.2108</pos><neg>0.0297</neg><neutr>0.7595</neutr></text>
                    </speaker>
                </followQuestion>
            <followAnswer id="1" question_id="10">
                <speaker id="0" position="Executive VP &amp; CFO" company="Northern Trust Corporation NasdaqGS:NTRS">Jason Jerrome Tyler<text>Yes. That's also where the FICC repo activity is going to be reflected. But...<sentiment>neutral</sentiment><pos>0.0859</pos><neg>0.0304</neg><neutr>0.8836</neutr></text>
                    </speaker>
                </followAnswer>
            <followQuestion id="2" question_id="10">
                <speaker id="12" company="JPMorgan Chase &amp; Co">Vivek Juneja<text>I see not just in the repo line, but on top of that and the other borrowing line, too, is it?<sentiment>neutral</sentiment><pos>0.0499</pos><neg>0.0278</neg><neutr>0.9223</neutr></text>
                    </speaker>
                </followQuestion>
            <followAnswer id="2" question_id="10">
                <speaker id="2" position="Chairman &amp; CEO" company="Northern Trust Corporation NasdaqGS:NTRS">Michael Gerard O’Grady<text>I think in the other borrowings, Vivek, you also have some of the Federal Home Loan Bank borrowings, which during this time period, we termed some of those out, which previously was more all overnight. And just in this time period with the uncertainty, wanted to add additional liquidity to the balance sheet.<sentiment>neutral</sentiment><pos>0.2333</pos><neg>0.0169</neg><neutr>0.7498</neutr></text>
                    </speaker>
                </followAnswer>
            <answer id="10">
                <speaker id="0" position="Executive VP &amp; CFO" company="Northern Trust Corporation NasdaqGS:NTRS">Jason Jerrome Tyler<text>There was about $3.5 billion in that increased FHLB line item.<sentiment>neutral</sentiment><pos>0.0677</pos><neg>0.0247</neg><neutr>0.9075</neutr></text>
                    </speaker>
                </answer>
            <answer id="10">
                <speaker id="2" position="Chairman &amp; CEO" company="Northern Trust Corporation NasdaqGS:NTRS">Michael Gerard O’Grady<text>From that's sequentially, not year-over-year.<sentiment>neutral</sentiment><pos>0.0273</pos><neg>0.0348</neg><neutr>0.9379</neutr></text>
                    </speaker>
                </answer>
            <followQuestion id="3" question_id="10">
                <speaker id="12" company="JPMorgan Chase &amp; Co">Vivek Juneja<text>And you're done with that, Mike? Or are you still looking to leave some -- do more there?<sentiment>neutral</sentiment><pos>0.0411</pos><neg>0.051</neg><neutr>0.9079</neutr></text>
                    </speaker>
                </followQuestion>
            <followAnswer id="3" question_id="10">
                <speaker id="2" position="Chairman &amp; CEO" company="Northern Trust Corporation NasdaqGS:NTRS">Michael Gerard O’Grady<text>No, we'll -- as opportunities come up for us, we're still contemplating it, not necessarily done. I mean, as you know, the spread is not it's not extremely high there. So there's a combination of liquidity management, but also the spread that's available. But what moving that from 7.6 to 11.4 is a big move. There's also one other dynamic in that line item, which is that there was some Euro investment leveraging that had been up in the non-U.S. office interest-bearing line that has been reclassed into other borrowing. And so that's a little over $1 billion. And so it's just another dynamic to the increase that you see there. But back to -- we've got capacity for leveraging and we'll continue to think about where to use it.<sentiment>neutral</sentiment><pos>0.1224</pos><neg>0.0228</neg><neutr>0.8548</neutr></text>
                    </speaker>
                </followAnswer>
            <ending>
                <speaker id="-1" position="Operator">Operator<text>That will conclude today's question-and-answer session. Ms. Childe, I will turn the conference back to you for any additional or closing remarks.<sentiment>neutral</sentiment><pos>0.0277</pos><neg>0.0307</neg><neutr>0.9416</neutr></text>
                    </speaker>
                </ending>
            <ending id="11">
                <speaker id="1" position="Senior VP &amp; Director of Investor Relations" company="Northern Trust Corporation NasdaqGS:NTRS">Jennifer Childe<text>Thank you, Cynthia, and thanks, everyone, for joining us this morning. We look forward to speaking with you again soon.<sentiment>neutral</sentiment><pos>0.4021</pos><neg>0.0152</neg><neutr>0.5827</neutr></text>
                    </speaker>
                </ending>
            <ending>
                <speaker id="-1" position="Operator">Operator<text>This concludes today's call. Thank you for your participation, and you may now disconnect.<sentiment>neutral</sentiment><pos>0.028</pos><neg>0.0695</neg><neutr>0.9026</neutr></text>
                    </speaker>
                </ending>
            </section>
        </body>
    </Transcript>