<?xml version='1.0' encoding='utf-8'?>
<Transcript>
    <header>
        <company>Northern Trust Corporation NasdaqGS:NTRS</company>
        <quarter>Q2-2022</quarter>
        <time>Wednesday, July 20, 2022 2:00 PM GMT</time>
        <currency>Currency: USD</currency>
        <note>Consensus as of  Jul-13-2022 9:41 AM GMT</note>
        <ticker>NTRS</ticker>
        <stock_price_before>93.008771</stock_price_before>
        <stock_price_after>91.252823</stock_price_after>
        <stock_performance>negative</stock_performance>
        </header>
    <body>
        <section name="Financial Tables">
            <table id="0" name="Earnings Estimates Comparison Table">
                <timePeriods>
                    <period name="FQ2 2022" />
                    <period name="FQ3 2022" />
                    <period name="FY 2022" />
                    </timePeriods>
                <metrics>
                    <metric name="EPS Normalized">
                        <value period="-FQ2 2022-" type="CONSENSUS">1.92</value>
                        <value period="-FQ3 2022-" type="ACTUAL">1.86</value>
                        <value period="-FY 2022-" type="SURPRISE">(3.12 %)</value>
                        </metric>
                    <metric name="Revenue  (mm)">
                        <value period="-FQ2 2022-" type="CONSENSUS">1762.85</value>
                        <value period="-FQ3 2022-" type="ACTUAL">1779.80</value>
                        <value period="-FY 2022-" type="SURPRISE">0.96</value>
                        </metric>
                    </metrics>
                </table>
            <table id="1" name="EPS Normalized Comparison Table">
                <timePeriods>
                    <period name="FQ3 2021" />
                    <period name="FQ4 2021" />
                    <period name="FQ1 2022" />
                    <period name="FQ2 2022" />
                    </timePeriods>
                <metrics>
                    <metric name="EPS Normalized">
                        <value period="FQ3 2021" type="CONSENSUS">1.66</value>
                        <value period="FQ4 2021" type="CONSENSUS">1.82</value>
                        <value period="FQ1 2022" type="CONSENSUS">1.64</value>
                        <value period="FQ2 2022" type="CONSENSUS">1.92</value>
                        </metric>
                    </metrics>
                </table>
            </section>
        <section name="Call Participants">
            <person company="Northern Trust Corporation NasdaqGS:NTRS" position="Executive VP &amp; CFO" group="EXECUTIVES" id="0">Jason Jerrome Tyler</person>
            <person company="Northern Trust Corporation NasdaqGS:NTRS" position="Senior VP &amp; Director of Investor Relations" group="EXECUTIVES" id="1">Jennifer Childe</person>
            <person company="Chairman &amp; CEO" group="Mark Bette" id="2">Michael G. O’Grady</person>
            <person company="Goldman Sachs Group, Inc." group="ANALYSTS" id="3">Alexander Blostein</person>
            <person company="Morgan Stanley" group="ANALYSTS" id="4">Betsy Lynn Graseck</person>
            <person company="UBS Investment Bank" group="ANALYSTS" id="5">Brennan Hawken</person>
            <person company="Deutsche Bank AG" group="ANALYSTS" id="6">Brian Bertram Bedell</person>
            <person company="RBC Capital Markets" group="ANALYSTS" id="7">Gerard Sean Cassidy</person>
            <person company="Evercore ISI Institutional Equities" group="ANALYSTS" id="8">Glenn Paul Schorr</person>
            <person company="Piper Sandler &amp; Co." group="ANALYSTS" id="9">Jeffery J. Harte</person>
            <person company="Jefferies LLC" group="ANALYSTS" id="10">Kenneth Michael Usdin</person>
            <person company="Keefe, Bruyette, &amp; Woods, Inc." group="ANALYSTS" id="11">Michael C. Brown</person>
            <person company="Wells Fargo Securities, LLC" group="ANALYSTS" id="12">Michael Lawrence Mayo</person>
            <person company="Wolfe Research, LLC" group="ANALYSTS" id="13">Steven Joseph Chubak</person>
            <person company="JPMorgan Chase &amp; Co" group="ANALYSTS" id="14">Vivek Juneja</person>
            </section>
        <section name="Presentation ">
            <statement>
                <speaker id="-1" position="Operator">Operator<text>Good day, and welcome to the Northern Trust Second Quarter 2022 Earnings Conference Call. Today's conference is being concerned. At this time, I would like to turn the conference over to Jennifer Childe. Please go ahead.<sentiment>neutral</sentiment><analysis>Overall sentiment is neutral. 0 sentences are positive (0.00%). 0 sentences are negative (0.00%). 5 sentences are neutral (100.00%). </analysis></text>
                    </speaker>
                </statement>
            <statement>
                <speaker id="1" position="Senior VP &amp; Director of Investor Relations" company="Northern Trust Corporation NasdaqGS:NTRS">Jennifer Childe<text>Thank you, Kevin. Good morning, everyone, and welcome to Northern Trust Corporation's Second Quarter 2022 Earnings Conference Call. Joining me on our call this morning are Mike O'Grady, our Chairman and CEO; and Jason Tyler, our Chief Financial Officer;  Lauren Allnutt, our Controller; and Mark Bette and Briar Rose from our Investor Relations team. 
Our second quarter earnings press release and financial trends report are both available on our website at northerntrust.com. Also on our website, you will find our quarterly earnings review presentation, which we will use to guide today's conference call. This July 20th call is being webcast live on northerntrust.com. The only authorized rebroadcast of this call is the replay that will be made available on our website through August 17. 
The Northern Trust disclaims any continuing accuracy of the information provided in this call after today. Please refer to our safe harbor statement regarding forward-looking statements on Page 11 of the accompanying presentation, which will apply to our commentary on this call. 
During today's question-and-answer session, please limit your initial query to 1 question and 1 related follow-up. This will allow us to move through the queue and enable as many people as possible the opportunity to ask questions as time permits. 
Thank you again for joining us today. Let me turn the call over to Mike O'Grady.<sentiment>neutral</sentiment><analysis>Overall sentiment is neutral. 1 sentences are positive (6.25%). 0 sentences are negative (0.00%). 15 sentences are neutral (93.75%). </analysis></text>
                    </speaker>
                </statement>
            <statement>
                <speaker id="2" company="Chairman &amp; CEO">Michael G. O’Grady<text>Thank you, Jennifer. Let me join and welcome you to our second quarter 2022 earnings call. We generated solid results in what turned out to be a more volatile and uncertain market and macroeconomic backdrop than we've experienced in some time. New business momentum continued to be strong, and our capital position remains robust. Revenue increased 12%, EPS grew 8%, and we delivered a return on average common equity of 15.7%. 
Second quarter results benefited significantly from higher interest rates and the elimination of money market fee waivers related to low rates. The weaker equity and fixed income markets began to impact our fees and client levels and due to the lag in our billing cycle, this impact will continue in the third quarter. We saw a 7% sequential decline in average deposits. However, these were largely nonoperational in nature. Our clients continue to see us as a valuable partner for the liquidity needs. 
Our expenses increased 9% compared to the prior year, reflecting inflationary impacts across our cost base, particularly within our compensation and equipment and software lines. Despite this inflationary pressure, we achieved 3 points of positive operating leverage in the second quarter. 
In Wealth Management, we continue to see healthy levels of engagement with new and existing clients. Growth within our Global Family Office was particularly strong. In Asset Management, consistent positive flows into our FlexShares' ETF complex helped to partially offset equity market headwinds and broad-based liquidity outflows in our institutional channel. 
At $21 billion, our FlexShares assets under management were up 13% year-over-year. We also saw strong growth in our alternatives offerings in the quarter. Notably, we were recognized by Asia Asset Management's 2022 Best of the Best Awards as the winner of the best ESG manager in Asia. Best factor investing manager in APAC as well as the Best Application of ESG. 
Our Asset Servicing business continued to see positive new business momentum, and the pipeline remains robust. Notable wins announced in the quarter, including Wilmington Trust and U.K.-based International Biotech Trust. Our integrated trading solutions capability continues to be an area of strength. We also continue to see strong interest in our investment data science product suite. 
In closing, as we navigate these volatile and uncertain times, we remain laser-focused on serving our clients, generating profitable long-term growth and delivering value to our stakeholders. 
Before turning it over to Jason to review our financial results in greater detail, I would like to note that we plan to publish our 2021 sustainability report in the next few days. I'm very proud of the progress we've made in our sustainability journey and serving as a force for change. 
Highlights from the report include our commitment to be net zero by 2050, a summary of our community support initiatives and the launch of a more holistic business diversity program. 
I'll now turn the call over to Jason.<sentiment>positive</sentiment><analysis>Overall sentiment is positive. 22 sentences are positive (68.75%). 2 sentences are negative (6.25%). 8 sentences are neutral (25.00%). The classified negative sentences are: (1) The weaker equity and fixed income markets began to impact our fees and client levels and due to the lag in our billing cycle, this impact will continue in the third quarter. (2) We saw a 7% sequential decline in average deposits. </analysis></text>
                    </speaker>
                </statement>
            <statement>
                <speaker id="0" position="Executive VP &amp; CFO" company="Northern Trust Corporation NasdaqGS:NTRS">Jason Jerrome Tyler<text>Thank you, Mike. And let me join Jennifer and Mike in welcoming you to our second quarter 2022 earnings call. Let's dive into the financial results of the quarter, starting on Page 2. This morning, we reported second quarter net income of $396.2 million. Earnings per share were $1.86 and our return on average common equity was 15.7%. 
Results for the quarter included a $20.3 million pension settlement charge within the employee benefits expense category. Also recall from last year, we implemented accounting reclassifications to certain fees at the beginning of the year, which will continue to impact the year-over-year comparisons as noted on this page. 
Our effective tax rate was 26.7%, which compared to 24.3% in the prior year and 23.8% in the prior quarter. The increase is largely related to our international earnings mix, including reserves for uncertain tax positions. We now expect our effective tax rate to be approximately 24% to 25% on a go-forward basis. 
Turning to Page 3 and review the financial highlights of the quarter. Year-over-year, revenue was up 12% and expenses increased 9%. Net income was up 8%. In a sequential comparison, revenue was up 3% and expenses were up 1%, while net income increased 2%. The strengthening of the U.S. dollar resulted in a reduction in our year-over-year revenue and expense growth rates of approximately 2% and a reduction in the sequential growth rates were approximately 1%. 
The provision for credit losses was $4.5 million in the quarter. Return on average common equity was 15.7% for the quarter, up from 13.7% a year ago and up from 14.2% in the prior quarter. We'll take the results in greater detail, starting with revenue on Page 4. 
Trust, Investment and Other Servicing fees, representing the largest component of our revenue, totaled $1.1 billion and were up 6% from last year and down 2% sequentially. All other remaining noninterest income declined 2% from both the prior year and the prior quarter. Net interest income, which I'll discuss in more detail later, was $470 million and was up 37% from 1 year ago and up 21% sequentially. 
Let's look at the components of our Trust and Investment fees on Page 5. For our Asset Servicing business fees totaled $643 million and were up 5% year-over-year and down 3% sequentially. Custody and Fund administration fees were $434 million, down 5% year-over-year and down 4% sequentially. The year-over-year decline was primarily driven by unfavorable currency translations, partially offset by new business. The sequential decline was driven by unfavorable currency translations as well as unfavorable markets. 
Assets under custody and administration for Asset Servicing clients were $12.8 trillion at quarter end, down 13% year-over-year and down 12% sequentially. Both the year-over-year and sequential declines were primarily driven by unfavorable markets and unfavorable currency translation. Investment Management fees and Asset Servicing of $148 million were up 47% year-over-year and up 1% sequentially. 
The year-over-year performance was driven primarily by lower money market mutual fund fee waivers and the previously mentioned accounting reclassification, partially offset by client outflows. Sequentially, the increase is primarily due to lower fee waivers, partially offset by client outflows and unfavorable markets. There were no fee waivers relating to low interest rates in the second quarter results compared to $28 million in the prior quarter and $50 million in the prior year quarter. 
Assets under management for Asset Servicing clients were $950 billion, down 19% year-over-year and down 13% sequentially. Both declines were driven by unfavorable markets, client outflows and unfavorable currency translation. Securities Lending fees were $22 million, up 11% year-over-year and up 14% sequentially as wider spreads offset the impact of lower volumes. 
Average Securities Lending collateral levels were down 7% year-over-year and down 5% sequentially. Other Trust fees were $39 million, up 7% compared to the prior year and down 11% sequentially. The sequential decline was primarily driven by higher seasonal benefit payment services fees in the prior quarter. 
Moving to our Wealth Management business. Trust, Investment and Other Servicing fees were $501 million and were up 8% compared to the prior year and down 1% from the prior quarter. There were no fee waivers in relation to low interest rates in the current quarter compared to $23 million in the prior quarter and $29 million in the prior year quarter. 
Within the regions, the year-over-year growth was driven by lower money market mutual fund fee waivers and new business. For the sequential performance, the decline within the regions was primarily driven by unfavorable markets, partially offset by lower fee waivers. Within Global Family Office,  the year-over-year growth was driven by lower fee waivers, new business and favorable markets. The sequential increase is mainly related to lower fee waivers, partially offset by unfavorable markets. 
Assets under management for our Wealth Management clients were $353 billion at quarter end, down 5% year-over-year and down 11% on a sequential basis. The year-over-year decline was driven by unfavorable markets, partially offset by client flows. The sequential decline was driven by unfavorable markets and client outflows. 
Moving to Page 6. Net interest income was $470 million in the quarter and was up 37% from the prior year. Earning assets averaged $140 billion in the quarter, down 1% versus the prior year. Average deposits were $129 billion and were up 1% versus the prior year, while loan balances averaged $41 billion and were up 12% compared to the prior year. 
On a sequential quarter basis, net interest income grew 21%. Average earning assets and average deposits both declined 7%, while average loan balances were up 3%.  The net interest margin was 1.35% in the quarter, up 38 basis points from a year ago and up 30 basis points from the prior quarter. The increases from the prior year and prior quarter were both driven primarily by higher average interest rates, the favorable balance sheet mix and $7 million in nonrecurring interest received from certain nonaccrual loans. 
Turning to Page 7. Expenses were $1.2 billion in the second quarter and were 9% higher than the prior year and 1% higher than the prior quarter. The current quarter's expenses included a $20.3 million pension settlement charge within the employee benefits category, while the prior year quarter included a pension settlement charge of $17.6 million. Also included in the quarter is the impact of the previously mentioned accounting reclassification, which increased other operating expense by $10.4 million compared to the prior year. 
Excluding these impacts, expenses were up 8% versus the prior year and flat sequentially. Compensation expense was up 12% compared to the prior year and was down 3% sequentially. The year-over-year growth was primarily driven by higher salaries as well as higher cash-based incentives. The sequential decrease is primarily due to the quarter's -- to the prior quarter's equity incentives, including $49 million in expense associated with retirement-eligible staff, partially offset by higher salaries. 
Both the year-over-year and sequential comparisons benefited by favorable currency translation. Excluding the previously mentioned settlement charges, employee benefits expense was down 1% compared to the prior year and down 5% from the prior quarter. Outside services expense was $213 million and was down 2% from a year ago and flat sequentially.  The year-over-year decline was primarily driven by lower third-party adviser and technical services costs, partially offset by higher consulting expenses. 
Equipment and software expense of $204 million, was up 14% from 1 year ago and 5% sequentially. The year-over-year and sequential growth were both primarily driven by higher software costs due to continued investments in technology as well as higher amortization. Occupancy expense of $51 million, was down 2% from a year ago and flat sequentially. Other operating expense of $90 million, was up 33% from a year ago and up 13% sequentially. 
The year-over-year increase was driven by the previously mentioned accounting reclassification and higher business promotion and other miscellaneous expense, partially offset by lower supplemental compensation plan expense. The sequential performance was primarily due to higher business promotion and staff-related expense. 
Turning to Page 8. Our capital ratios remained strong with our common equity Tier 1 ratio of 10.5% under the standardized approach, down from the prior quarter's 11.4%.  Our Tier 1 leverage ratio was 6.7%, up from 6.5% in the prior quarter. An increase in net unrealized losses on the available-for-sale securities portfolio was a primary factor in this quarter's decline in capital ratios. 
Accumulated other comprehensive income at the end of the current quarter was a loss of $1.5 billion with the loss in the second quarter totaling approximately $600 million. 
During the quarter, we declared cash dividends of $0.70 per share, totaling $148 million to common stockholders. As announced yesterday, our Board of Directors approved an increase in our third quarter dividend to $0.75 per share. The current environment continues to demonstrate the importance of a strong capital base and liquid balance sheet to both weather the uncertain economic conditions and to support our clients' needs. We remain laser-focused on providing exceptional client service while executing on our strategic priorities to grow the franchise and create long-term value to our shareholders. 
Before we open it up to questions, I'd like to take a moment to thank Mark Bette, who's transitioning from heading Investor Relations to his new role as CFO for our Shared Services Group. Mark, thank you for your leadership, your partnership and your unwavering commitment to serving our analysts and investor community over the past 6 years. I know I speak for all of us when I say we've learned so much from your insights and perspective. So thank you. 
And with that, please open the line for questions.<sentiment>neutral</sentiment><analysis>Overall sentiment is neutral. 38 sentences are positive (32.76%). 37 sentences are negative (31.90%). 41 sentences are neutral (35.34%). The classified negative sentences are: (1) 8% in the prior quarter. (2) dollar resulted in a reduction in our year-over-year revenue and expense growth rates of approximately 2% and a reduction in the sequential growth rates were approximately 1%. (3) 2% in the prior quarter. (4) All other remaining noninterest income declined 2% from both the prior year and the prior quarter. (5) For our Asset Servicing business fees totaled $643 million and were up 5% year-over-year and down 3% sequentially. (6) Custody and Fund administration fees were $434 million, down 5% year-over-year and down 4% sequentially. (7) The year-over-year decline was primarily driven by unfavorable currency translations, partially offset by new business. (8) The sequential decline was driven by unfavorable currency translations as well as unfavorable markets. (9) 8 trillion at quarter end, down 13% year-over-year and down 12% sequentially. (10) Both the year-over-year and sequential declines were primarily driven by unfavorable markets and unfavorable currency translation. (11) The year-over-year performance was driven primarily by lower money market mutual fund fee waivers and the previously mentioned accounting reclassification, partially offset by client outflows. (12) There were no fee waivers relating to low interest rates in the second quarter results compared to $28 million in the prior quarter and $50 million in the prior year quarter. (13) Assets under management for Asset Servicing clients were $950 billion, down 19% year-over-year and down 13% sequentially. (14) Both declines were driven by unfavorable markets, client outflows and unfavorable currency translation. (15) Average Securities Lending collateral levels were down 7% year-over-year and down 5% sequentially. (16) The sequential decline was primarily driven by higher seasonal benefit payment services fees in the prior quarter. (17) Trust, Investment and Other Servicing fees were $501 million and were up 8% compared to the prior year and down 1% from the prior quarter. (18) There were no fee waivers in relation to low interest rates in the current quarter compared to $23 million in the prior quarter and $29 million in the prior year quarter. (19) For the sequential performance, the decline within the regions was primarily driven by unfavorable markets, partially offset by lower fee waivers. (20) Assets under management for our Wealth Management clients were $353 billion at quarter end, down 5% year-over-year and down 11% on a sequential basis. (21) The year-over-year decline was driven by unfavorable markets, partially offset by client flows. (22) The sequential decline was driven by unfavorable markets and client outflows. (23) Earning assets averaged $140 billion in the quarter, down 1% versus the prior year. (24) Average earning assets and average deposits both declined 7%, while average loan balances were up 3%. (25) 3 million pension settlement charge within the employee benefits category, while the prior year quarter included a pension settlement charge of $17. (26) Also included in the quarter is the impact of the previously mentioned accounting reclassification, which increased other operating expense by $10. (27) 4 million compared to the prior year. (28) Compensation expense was up 12% compared to the prior year and was down 3% sequentially. (29) The sequential decrease is primarily due to the quarter's -- to the prior quarter's equity incentives, including $49 million in expense associated with retirement-eligible staff, partially offset by higher salaries. (30) Excluding the previously mentioned settlement charges, employee benefits expense was down 1% compared to the prior year and down 5% from the prior quarter. (31) Outside services expense was $213 million and was down 2% from a year ago and flat sequentially. (32) The year-over-year decline was primarily driven by lower third-party adviser and technical services costs, partially offset by higher consulting expenses. (33) Occupancy expense of $51 million, was down 2% from a year ago and flat sequentially. (34) 5% under the standardized approach, down from the prior quarter's 11. (35) An increase in net unrealized losses on the available-for-sale securities portfolio was a primary factor in this quarter's decline in capital ratios. (36) Accumulated other comprehensive income at the end of the current quarter was a loss of $1. (37) 5 billion with the loss in the second quarter totaling approximately $600 million. </analysis></text>
                    </speaker>
                </statement>
            </section>
        <section name="Question and Answer">
            <transition>
                <speaker id="-1" position="Operator">Operator<text>[Operator Instructions] 
And the first question today comes from Alex Blostein of Goldman Sachs.<sentiment>neutral</sentiment><pos>0.0353</pos><neg>0.028</neg><neutr>0.9367</neutr></text>
                    </speaker>
                </transition>
            <question id="0">
                <speaker id="3" company="Goldman Sachs Group, Inc.">Alexander Blostein<text>Jason, I'd like to echo your prior comments for Mark as well. It was great working with you. Good luck in your next role. 
So maybe to start with the NII-related questions, and I'm sure you guys had expected given the theme of the quarter. You've spoken in the past about deposit outflows about a month ago. They seems like they have continued a little bit in June. So maybe help us unpack sort of the sources of where are you guys seeing some of the deposit outflows, the mix between interest-bearing and noninterest-bearing, any comments on kind of how the things are standing so far in the third quarter? And any sort of broader commentary you might have around where deposit levels could ultimately trough?<sentiment>neutral</sentiment><pos>0.0627</pos><neg>0.0682</neg><neutr>0.869</neutr></text>
                    </speaker>
                </question>
            <answer id="0">
                <speaker id="0" position="Executive VP &amp; CFO" company="Northern Trust Corporation NasdaqGS:NTRS">Jason Jerrome Tyler<text>Sure. So I'll give you some thoughts. You don't hesitate if you want us to touch on a different component of it. And first of all, just taking a longer-term perspective, deposits have been strong since the beginning of the pandemic, including relative to peers in the industry. So the institutional channel has defined in the last few months, but it appears that we just -- we may have peaked later. 
Since -- if you go back to the beginning of the pandemic, our deposits are still up meaningfully. We started the pandemic at about $90 billion and you see now we're around $130 billion. So going forward, the strategy is very consistent, remain focused on retail and operational institutional deposits. 
The retail deposits are effectively all operational, so our second quarter deposit volumes were down 6.5%. But let's -- I want to unpack where those subchannels came from. So first of all, more than half of that decline was in nonoperational financial deposits. Generally, that is the most rate-sensitive channel by far. It's also the fastest declining category for us. It was down over 11%. 
The second fastest category of decline was actually other nonoperational deposits, which declined about 5%. And so if you focus on the wealth channel and the institutional deposits that are operational, the decline was just 3%. And another dynamic to think about is that within that period, we had tax payments. And so you'd expect some decline alone just coming from that. 
So I think that just highlights the focus on the fact that the vast majority of the decline has come in nonoperational. And then I think you wanted to get a sense of where we are in the quarter. Even at this point, deposits have been down from the average of second quarter, but they seem to be leveling off. The decline that we saw in second quarter was actually largely just in the month of May. And since then, deposits have stabilized at about $120 billion. So that's a lot, but I'll stop there, but that should hopefully give you a good sense of how deposits have been trending.<sentiment>negative</sentiment><pos>0.0252</pos><neg>0.9159</neg><neutr>0.0589</neutr></text>
                    </speaker>
                </answer>
            <followQuestion id="0" question_id="0">
                <speaker id="3" company="Goldman Sachs Group, Inc.">Alexander Blostein<text>Great. And is it fair to assume that the outflows that you guys have seen, albeit smaller outflows so far in the third quarter are also nonoperational? And is there a way to frame where you guys think the total size of nonoperational deposits kind of bucket is? And how much of that could ultimately still leave?<sentiment>neutral</sentiment><pos>0.0629</pos><neg>0.1352</neg><neutr>0.802</neutr></text>
                    </speaker>
                </followQuestion>
            <followAnswer id="0" question_id="0">
                <speaker id="0" position="Executive VP &amp; CFO" company="Northern Trust Corporation NasdaqGS:NTRS">Jason Jerrome Tyler<text>So I'll answer the first, which is just what we've seen so far this quarter, 85% of that has been nonoperational. So there's strong continuing of that theme that those deposits are not operational. We haven't talked externally about the mix of operational and nonoperational deposits. And so we can think about that and whether in future quarters, we want to do it unless -- but I think that's a lot for you guys to be able to work from at this point. 
Mark Bette 
And this is Mark. And as a reminder, the nonoperational deposits wouldn't all be at risk. I mean we had plenty of them before the pandemic. And so -- but that is where we've seen the flows -- the movement so far.<sentiment>neutral</sentiment><pos>0.0713</pos><neg>0.034</neg><neutr>0.8946</neutr></text>
                    </speaker>
                </followAnswer>
            <transition>
                <speaker id="-1" position="Operator">Operator<text>We can go to Steven Chubak of Wolfe Research.<sentiment>neutral</sentiment><pos>0.0335</pos><neg>0.0277</neg><neutr>0.9388</neutr></text>
                    </speaker>
                </transition>
            <question id="1">
                <speaker id="13" company="Wolfe Research, LLC">Steven Joseph Chubak<text>I wanted to start off with a question on the NIM outlook. Just looking at last rate cycle, your NIM peaked somewhere in the low 1.60s. Saw a nice uplift this quarter. And with loans composing a similar percentage of the balance sheet today versus last cycle, you have the benefit of higher terminal Fed funds, higher non-U.S. rates contributing as well. Is it reasonable to expect higher NIMs this cycle? Any way you could help us frame how you think about peak NIM potential given some of those tailwinds?<sentiment>neutral</sentiment><pos>0.2659</pos><neg>0.0201</neg><neutr>0.714</neutr></text>
                    </speaker>
                </question>
            <answer id="1">
                <speaker id="0" position="Executive VP &amp; CFO" company="Northern Trust Corporation NasdaqGS:NTRS">Jason Jerrome Tyler<text>Sure. So one, you're absolutely right. If you go back to mid-2019, even if you look inside 2019, we were over 1.60 in the middle of that year. And you're highlighting the right things to look on mix, there's no reason we shouldn't achieve or frankly, surpass that level. The only caveat would be if you saw a very significant change in the yield curve, but we're not anticipating that. So no reason why we couldn't achieve or surpass that 1.60-ish level. 
And then just as you're thinking about the starting point, though, we gave you that number about -- it was $6 million or $7 million in interest income that came from recovery of those nonaccrual loans. And so the starting point should be not one -- it's a little nip, but it shouldn't be 1.35. Think about it more at 1.33, 1.32. And then betas is another thing that would be helpful maybe to give you just so you can work the models better for second quarter, betas are right at 25%. And as we're looking into third quarter, the betas could be twice that, but not 100%. And so we're still seeing attractive increase. 
And I'm glad you asked about that because we had on deposit levels and then NIM. And so we're trying to give you both volumes and betas. So that at least gives you the building blocks to work from as you're thinking about modeling NII going forward?<sentiment>neutral</sentiment><pos>0.1478</pos><neg>0.0293</neg><neutr>0.8229</neutr></text>
                    </speaker>
                </answer>
            <followQuestion id="0" question_id="1">
                <speaker id="13" company="Wolfe Research, LLC">Steven Joseph Chubak<text>And just for my follow-up on capital, you've noted in the past that you want to run with capital levels that are consistent with your GSIB peers despite the lower reg requirements. And given some of the AOCI volatility that we've seen as well as the strong loan growth, which has certainly consumed some capital of late, I was hoping you could provide some updated thoughts on how you're thinking about target CET1 whether that 10% to 11% range is something you're comfortable running at? And just how it informs your appetite to potentially accelerate buybacks, especially if other categories like lending potentially begin to slow in a rising rate backdrop?<sentiment>neutral</sentiment><pos>0.2238</pos><neg>0.0223</neg><neutr>0.7539</neutr></text>
                    </speaker>
                </followQuestion>
            <followAnswer id="0" question_id="1">
                <speaker id="0" position="Executive VP &amp; CFO" company="Northern Trust Corporation NasdaqGS:NTRS">Jason Jerrome Tyler<text>You're right in that we -- just competitively, we like to have a strong position relative to the GSIB peers. And I always say when clients are depositing $100,000, they -- those deposits are insured usually by the FDIC. When they're depositing $100 million or $1 billion, they're effectively lending money to us and we want to reflect that our balance sheet is strong and so we look at that closely. 
We look at the CET1 as importantly, which you highlighted, but also the leverage ratio. And so looking at those in conjunction, we look good on a relative basis and obviously, plenty of room relative to any regulatory limits. But we'll continue to look at where things are competitively. And we'll also continue to look at what opportunities we have and the returns on buyback versus what opportunities we're seeing, the loan growth we had, we were very deliberate in looking at what the returns on that growth are. 
And we also talked about the spikiness of loan volume and other activity. Even right now, currency markets moving aggressively, has an impact on FX positions, which has an impact on what our RWA looks like. So all these things come into play. But in general, we feel good about the capital levels. But you've got to also note, we have historically been in a higher range.<sentiment>neutral</sentiment><pos>0.226</pos><neg>0.0201</neg><neutr>0.754</neutr></text>
                    </speaker>
                </followAnswer>
            <other id="1" question_id="1">
                <speaker id="13" company="Wolfe Research, LLC">Steven Joseph Chubak<text>That's great. Best of luck, Mark, in the new role. 
Mark Bette 
Thanks, Steve.<sentiment>neutral</sentiment><pos>0.2008</pos><neg>0.0161</neg><neutr>0.7831</neutr></text>
                    </speaker>
                </other>
            <transition>
                <speaker id="-1" position="Operator">Operator<text>The next question comes from Glenn Schorr of Evercore.<sentiment>neutral</sentiment><pos>0.0272</pos><neg>0.0829</neg><neutr>0.8899</neutr></text>
                    </speaker>
                </transition>
            <question id="2">
                <speaker id="8" company="Evercore ISI Institutional Equities">Glenn Paul Schorr<text>So in the quarter, obviously, the operating leverage is welcome. But we know what's coming with the lag deposit pricing on lower fees. So I wonder if you could give us any thoughts on expenses on a go-forward basis. I know on any given quarter, you'll have ups and downs. But just your thoughts on the jumping off point for expenses and then the possibility of  operating leverage on the full year. I know it's a moving part -- moving boat right now.<sentiment>neutral</sentiment><pos>0.0982</pos><neg>0.0566</neg><neutr>0.8451</neutr></text>
                    </speaker>
                </question>
            <answer id="2">
                <speaker id="0" position="Executive VP &amp; CFO" company="Northern Trust Corporation NasdaqGS:NTRS">Jason Jerrome Tyler<text>Sure. Well, you're right that it's hard to look in a quarter. And in this year, it's even hard to think too aggressively about operating leverage for the full year. If you think about what's happening and the influence of rates, it has a big impact on net interest income, that's coming over time, it comes over quarters. 
The impact on expenses is happening more quickly. And so we can't get too excited about the net interest income coming, but we've got to stay focused on expenses. But let me walk through a little bit on the expense side and just give you a couple of highlights. And if you want us to drill in further, we can. 
So first, and it relates to inflation, let's talk about compensation. And so for the quarter, just a couple of comments, and I'll give you a bullet point or 2 on third quarter. The base pay adjustment came into play in third quarter in fall. And that's in and of itself $20 million lift quarter-over-quarter. It's usually half that amount. And then head count was higher and we also had some off-cycle adjustments, which brought in another, call it, $10 million. 
Currency helped significantly, call it, $5 million to $10 million. And then -- but a big component is the cash-based incentive accrual. And so I think sometimes people forget, as we do better, even in a category like NII, we're going to have higher CBI accrual coming along with it. And so that's something that's really important to think about. 
The second category on expenses that I'll call out is equipment and software because that was a big -- that was a $10 million lift just quarter-over-quarter. And we mentioned it in the last conference that we were going to have about a $5 million lift in amortization alone that's coming through, we'll have another sequential lift going into third quarter. 
And then the other component that we experienced in second quarter, in addition to the increase in amortization, is just software rental and support costs are higher. And some of that is inflationary, some of it is just our consumption is higher. But we are, at this point, anticipating another similar rise. And so just looking into third quarter, you'd see a similar step-up potentially from second to third quarter than what we experienced in first to second quarter. So those are the 2 big categories within expenses that I'd call out at this point.<sentiment>neutral</sentiment><pos>0.2359</pos><neg>0.0806</neg><neutr>0.6835</neutr></text>
                    </speaker>
                </answer>
            <followQuestion id="0" question_id="2">
                <speaker id="8" company="Evercore ISI Institutional Equities">Glenn Paul Schorr<text>Okay. That is definitely helpful. I appreciate it. And maybe just a quick follow-up to the previous combo on deposits and NII. Just curious, it might be a timing thing. You made the point, obviously, that your investment portfolio turns over time, so you get the NIM benefit of higher rates over time. Can you grow NIM from here in the near term if betas are doubling? Just curious how to think about that in the short term?<sentiment>neutral</sentiment><pos>0.2273</pos><neg>0.017</neg><neutr>0.7557</neutr></text>
                    </speaker>
                </followQuestion>
            <followAnswer id="0" question_id="2">
                <speaker id="0" position="Executive VP &amp; CFO" company="Northern Trust Corporation NasdaqGS:NTRS">Jason Jerrome Tyler<text>Yes. Definitely. And the power of rates going up on where we are. And if you look at just the way the balance sheet is naturally positioned and loans are high -- probably 75-ish percent floating and then even a big chunk of the securities portfolio reprices within a year and then obviously, the cash position is short. And so the asset side is significantly floating. 
And so even if we give up just half the increase on the deposit side, then we still have plenty of room to grow NIM and NII significantly on -- in a rising rate environment even from here.<sentiment>neutral</sentiment><pos>0.3177</pos><neg>0.0316</neg><neutr>0.6507</neutr></text>
                    </speaker>
                </followAnswer>
            <transition>
                <speaker id="-1" position="Operator">Operator<text>The next question comes from Mike Mayo of Wells Fargo Securities.<sentiment>neutral</sentiment><pos>0.0242</pos><neg>0.0806</neg><neutr>0.8952</neutr></text>
                    </speaker>
                </transition>
            <question id="3">
                <speaker id="12" company="Wells Fargo Securities, LLC">Michael Lawrence Mayo<text>Part of your NII guide, I guess, higher, but you're -- I guess you're not telling us how much higher because you tell us your sensitivity to lower stock markets, the impact on fees, but you're not giving us the NII guide. But I guess you're giving us some building blocks. But one component is loan growth and it's up 12% year-over-year. And one reason some investors hold Northern stock is because it's perceived as a safe haven during a recession, your loan losses tend to be a fraction of the industry. 
So my question to you is, what are you seeing in the loan growth, especially among your retail customers? How much appetite do you have to expand that? Are you noticing some more competition because some of your peers are mentioning this more vocally about being a growth area. And does Northern experience recession, if we were to have one because the clients are such high end?<sentiment>neutral</sentiment><pos>0.1584</pos><neg>0.0356</neg><neutr>0.8061</neutr></text>
                    </speaker>
                </question>
            <answer id="3">
                <speaker id="0" position="Executive VP &amp; CFO" company="Northern Trust Corporation NasdaqGS:NTRS">Jason Jerrome Tyler<text>Sure. So a few things there. On loan growth, the rate should definitely slow relative to what we experienced over the last 2 years. The last 2 years, that growth was highly initiative driven. We had a plan to communicate more with our clients, tell them that we wanted to be there more in their journey of investing more in their businesses. And we wanted to be -- being a liquidity provider isn't just taking deposits, it's also loan, it's also creating loan opportunities for clients when they need it. 
The growth has been very largely in the -- in that type of channel. And the quality in our appetite has not changed at all. And we were extremely deliberate in saying our appetite from a credit quality perspective was not changing. And if you look at some of the -- even the numbers are on credit quality at this point nothing's changed. All of the increases we had this quarter were in the inherent reserves, not specific reserves. 
We actually had net recoveries again, a small amount. And so all early signs are very good. And that gets into your last question was which is do we have a recession and do we have loan issues in a recession? We don't want to proclaim victory before something like that happens. But at this point, all the indicators are what -- are look good and we haven't changed our appetite and what we brought on.<sentiment>neutral</sentiment><pos>0.1612</pos><neg>0.0745</neg><neutr>0.7643</neutr></text>
                    </speaker>
                </answer>
            <followQuestion id="0" question_id="3">
                <speaker id="12" company="Wells Fargo Securities, LLC">Michael Lawrence Mayo<text>And I'm going to ask one more really big picture question. Maybe this is for you, Mike. But one concern about going into a recession is the negative wealth effect. And since you deal with the highest end customers, especially the Family Offices and like, what's the behavior of your customers after such decline in their personal net worth?<sentiment>negative</sentiment><pos>0.0161</pos><neg>0.8802</neg><neutr>0.1036</neutr></text>
                    </speaker>
                </followQuestion>
            <followAnswer id="0" question_id="3">
                <speaker id="2" company="Chairman &amp; CEO">Michael G. O’Grady<text>You're exactly right, Mike, that, that portion of our client base does have different dynamics to it. And so we're coming off of a time period where as we know, not only did we see asset values increase significantly but also, as we've talked about in previous calls, the opportunity to monetize assets, if you will, meaning sell businesses or real estate or whatever it may be, also was at a very high level. 
And so that dynamic clearly has changed as we've seen. So you see it in the sense of market activity as far as IPOs and things like that going down. And as much as -- there's still plenty of private equity capital that's out there and looking to do transactions, valuations are lower, and that changes their attitude about whether now is the right time to sell that business. 
That said, the position that a lot of these clients are in is that they've had a high level of liquidity. And so when they see the markets go down, they are in a position to be very long-term investors. And so we see a lot of those clients actually deploying capital into the markets at this point. So investing that liquidity that they've raised in the previous phase. 
Now as you move forward from that, beyond having no idea where markets go, et cetera. But just to your point on the wealth effect, there's no doubt that our business benefits when the overall wealth is increasing and accumulating their markets are robust. So that is a better environment for us. We think that it's more resistant on the downside of it as well. But all the same, it's at a lower level than when things are so good. So hopefully, that addresses your macro question.<sentiment>neutral</sentiment><pos>0.2404</pos><neg>0.065</neg><neutr>0.6946</neutr></text>
                    </speaker>
                </followAnswer>
            <transition>
                <speaker id="-1" position="Operator">Operator<text>The next question comes from Michael Brown of KBW.<sentiment>neutral</sentiment><pos>0.0269</pos><neg>0.0582</neg><neutr>0.9149</neutr></text>
                    </speaker>
                </transition>
            <other id="4">
                <speaker id="11" company="Keefe, Bruyette, &amp; Woods, Inc.">Michael C. Brown<text>So the AUCA decline was a bit greater than we were expecting this quarter and above some of your peers on a sequential basis. Can you just expand on some of those key drivers? I mean you called out that you had some wins intra-quarter. But was there any material lost business? Or is it truly just FX in markets that hit the AUCA levels this quarter? 
Mark Bette 
Mike, just to confirm, did you say AUCA, the assets under custody/administration?<sentiment>negative</sentiment><pos>0.0585</pos><neg>0.6082</neg><neutr>0.3333</neutr></text>
                    </speaker>
                </other>
            <followQuestion id="0" question_id="3">
                <speaker id="11" company="Keefe, Bruyette, &amp; Woods, Inc.">Michael C. Brown<text>Yes. 
Mark Bette 
Okay. Yes.<sentiment>neutral</sentiment><pos>0.0737</pos><neg>0.0237</neg><neutr>0.9025</neutr></text>
                    </speaker>
                </followQuestion>
            <followAnswer id="0" question_id="3">
                <speaker id="0" position="Executive VP &amp; CFO" company="Northern Trust Corporation NasdaqGS:NTRS">Jason Jerrome Tyler<text>I can take it and you add anything you'd like, Mark, but nothing significant from a flow perspective to call out that -- so if I look at it just mathematically, FX was -- so currency translation was a 2.5% hit and market levels, another 8. And so the vast majority of the movement you see was in those 2 factors, but the core business, nothing to note from a flow perspective.<sentiment>neutral</sentiment><pos>0.0757</pos><neg>0.0498</neg><neutr>0.8745</neutr></text>
                    </speaker>
                </followAnswer>
            <followQuestion id="1" question_id="3">
                <speaker id="11" company="Keefe, Bruyette, &amp; Woods, Inc.">Michael C. Brown<text>Okay. That's helpful. And just as a follow-up, one of your peers talked about a plan to reprice certain aspects of their servicing business, and they talked about areas that are experiencing greater wage pressure and capacity constraints. Just curious, is this a dynamic that you guys are seeing? And is there any opportunities to reprice your business higher as you think about the coming quarters or a year with the inflationary pressures that you and the industry are experiencing?<sentiment>neutral</sentiment><pos>0.1779</pos><neg>0.0468</neg><neutr>0.7752</neutr></text>
                    </speaker>
                </followQuestion>
            <followAnswer id="1" question_id="3">
                <speaker id="2" company="Chairman &amp; CEO">Michael G. O’Grady<text>Why don't I take that, Michael. So I would say that we tend to approach the client relationships a little bit different, I think, than differently than some of our competitors. And what I mean by that is, on an ongoing basis, we look to make sure that we have a, I'll call it, balanced relationship or one that is generating value for both the client and ourselves. 
And there are a lot of dynamics to the relationships that we have with our clients, meaning that we're providing a lot of services that we're paid a fee for, there's a lot of other activity, whether it's balances or FX and things like that, that we're doing that the nature of the compensation, the revenues are different. 
And so it's always kind of shifting. And sometimes it can go more or less to 1 side with particular clients, and we like to be in dialogue with them. That doesn't always involve a change in the fee, up or down. It can be a change in the level of activity that we're doing with them, that they do leave more balances with us or do other things. 
And so it's just -- it's a different approach. And I would say, less programmatic about going out at a particular time and looking to necessarily increase fees. And as we know, just over time, because the asset levels have gone up, that's why there is more pressure on the fee side of the equation to come down over time. When you have periods like this with inflation, I think you do see less of that activity Because all the players are in the same position. 
So a client or prospect going out to put their business out to bid, so to speak, is less likely to get aggressive bids by multiple parties in this type of environment than they would in others. So I would say there's no doubt that, as you can see, we're feeling the impact of inflation on the expense side. We get a benefit in the sense of interest rates are higher. So that's a little bit of a hedge, if you will, that's built into our financials and then just something that we look at over longer periods of time.<sentiment>neutral</sentiment><pos>0.0855</pos><neg>0.0908</neg><neutr>0.8237</neutr></text>
                    </speaker>
                </followAnswer>
            <transition>
                <speaker id="-1" position="Operator">Operator<text>The next question is from Brennan Hawken of UBS.<sentiment>neutral</sentiment><pos>0.0244</pos><neg>0.0798</neg><neutr>0.8958</neutr></text>
                    </speaker>
                </transition>
            <other id="4">
                <speaker id="5" company="UBS Investment Bank">Brennan Hawken<text>And I'd also like to say congrats to Mark. It's been a real pleasure working together. Always helpful to talk to you, and wish you the best of luck. 
Mark Bette 
Thanks.<sentiment>neutral</sentiment><pos>0.1955</pos><neg>0.0154</neg><neutr>0.789</neutr></text>
                    </speaker>
                </other>
            <followQuestion id="0" question_id="3">
                <speaker id="5" company="UBS Investment Bank">Brennan Hawken<text>So curious, you guys gave a lot of color on the nonoperating deposits and the runoff and kind of comparing that to how the operating deposits look. But I -- and it was clear that the deposits were under pressure, but the NIM was really good this quarter. So what I'm hoping to understand, and maybe you could give us a bit of a comparison. 
Can you help us frame what the spreads look like for nonoperating deposits versus operating deposits? I think that might help when we try and frame not just what mechanically the deposits might and the balances might look like but really how that might actually triangulate the NII?<sentiment>neutral</sentiment><pos>0.1025</pos><neg>0.023</neg><neutr>0.8745</neutr></text>
                    </speaker>
                </followQuestion>
            <followAnswer id="0" question_id="3">
                <speaker id="0" position="Executive VP &amp; CFO" company="Northern Trust Corporation NasdaqGS:NTRS">Jason Jerrome Tyler<text>Yes, absolutely. So one, just a couple of things at a high level, then I'll dig in a little bit. So I mentioned I think 75% of the loans were repriced within 90 days. And even the securities portfolio, about 1/3 of those are floating. And then the cash portfolio, obviously, is very short. Those are the 3 big categories. And it's interesting because in nonoperational deposits, and that's why I specifically separated the financial versus the nonfinancial. 
The most extreme case of something where you have to stay liquid with the deposit is a nonoperational financial services channel deposit. You really can't go -- you really can't invest that long. And so that just -- that stays effectively overnight and it largely. There are exceptions, but largely. And that's part of the reason why if you see our -- the deposits come down, I talked about the fact that they were largely nonoperational. And that's why you saw the decline on the earning assets come largely from our cash position. 
And so you can see what the yields are in the cash position. And if you think about the cost on the nonoperational deposits, again, highly rate sensitive. And in many instances, those clients are saying, it's Fed funds minus something. And so it's tight. Those spreads are tight. And then if you work towards operational deposits, those are ones that, by nature, you know you're able to invest longer. And so those are -- there's a component of it that you have to keep liquid. You have to maintain liquidity for. 
But generally, that's what's going to be represented in the longer duration of the securities portfolio. And in today's environment, where those are repricing and we're waiting anxiously for the host to mature. But it just gives you a sense that those spreads are actually likely going to increase over time. So first of all, those clients tend to be -- those are transaction accounts. They tend to be less spread sensitive, and we've got opportunity to invest them longer. And so that's why we keep emphasizing this distinction between the operational and nonoperational or transactional and nontransactional because the economics underneath them are very, very different.<sentiment>neutral</sentiment><pos>0.0746</pos><neg>0.1283</neg><neutr>0.7971</neutr></text>
                    </speaker>
                </followAnswer>
            <followQuestion id="1" question_id="3">
                <speaker id="5" company="UBS Investment Bank">Brennan Hawken<text>Right. okay. That's -- it's really important and thanks for laying that out, Jason. It sounds like there's a big difference in between the economics. I guess my follow-up would be on beta  So you talked about the beta increasing in the third quarter. Number one, that's a third quarter beta commentary to roughly 50%, not a cumulative, right? So we would be not necessarily looking to get the whole cumulative up to 50%. And then does that increase in beta also contemplate the reduction in these far more rate-sensitive nonoperating deposits running off? 
And maybe how much are those nonoperating, more rate-sensitive deposits pressing that beta higher? Are they the largest contributor? And as they continue to run off, will that help to contain continued increases in beta? Sorry, it's a multipart, but...<sentiment>neutral</sentiment><pos>0.2268</pos><neg>0.0879</neg><neutr>0.6852</neutr></text>
                    </speaker>
                </followQuestion>
            <followAnswer id="1" question_id="3">
                <speaker id="0" position="Executive VP &amp; CFO" company="Northern Trust Corporation NasdaqGS:NTRS">Jason Jerrome Tyler<text>That is multi, multipart. But so let me give you a couple of thoughts, but don't hesitate if I -- we want to be helpful as you guys are thinking this through. So don't hesitate to clarify anything. So let me try to work backwards. I may not get all the way back to the beginning. Yes, to the extent that the nonoperational deposits are the ones that continue to run off faster that insulates betas a little bit. 
And then secondly, as we provided some commentary on what betas look like in the third quarter, yes, that is incremental within the quarter. But that's us leaning in, in the sort of trying to be helpful to uncertainty. We just don't -- a lot of what we're doing is just trying to hold on to those deposits -- those operational deposits because we feel they're so volatile. And so we're not starting from we want our betas to be 50%, and we'll see what deposits hold in. It's -- we're talking with clients, telling them we want to be the liquidity partner for them. And so we're going to, in large ways, at this point in the cycle, we're going to follow what we see out there to make sure that for those valuable operational deposits, we maintain deposit levels.<sentiment>neutral</sentiment><pos>0.1105</pos><neg>0.0297</neg><neutr>0.8599</neutr></text>
                    </speaker>
                </followAnswer>
            <followQuestion id="2" question_id="3">
                <speaker id="5" company="UBS Investment Bank">Brennan Hawken<text>Okay. And the third quarter beta of 50%, that's just a third quarter not a cumulative, right?<sentiment>neutral</sentiment><pos>0.0425</pos><neg>0.0653</neg><neutr>0.8923</neutr></text>
                    </speaker>
                </followQuestion>
            <followAnswer id="2" question_id="3">
                <speaker id="0" position="Executive VP &amp; CFO" company="Northern Trust Corporation NasdaqGS:NTRS">Jason Jerrome Tyler<text>Yes. But again, that's -- a lot of uncertainty in what that's going to look like. That's less factual, it's less target, and it's more just our forecasting of what we think is going to happen based on what we think is going to happen with the yield curve and what we think is going to happen in the market.<sentiment>neutral</sentiment><pos>0.0475</pos><neg>0.1117</neg><neutr>0.8408</neutr></text>
                    </speaker>
                </followAnswer>
            <followQuestion id="3" question_id="3">
                <speaker id="5" company="UBS Investment Bank">Brennan Hawken<text>And it's -- so the last component of the -- and I apologize, it was so many parts, but the last component is does the 50% like -- is that based on the current mix of operational-nonoperational, financial-nonfinancial? Is it based on the current mix? Or has that nonoperating piece winds down, does that ease the upward pressure on the beta, you know what I mean, it could allow for some better beta outcomes than you're thinking?<sentiment>neutral</sentiment><pos>0.1819</pos><neg>0.0871</neg><neutr>0.731</neutr></text>
                    </speaker>
                </followQuestion>
            <followAnswer id="3" question_id="3">
                <speaker id="0" position="Executive VP &amp; CFO" company="Northern Trust Corporation NasdaqGS:NTRS">Jason Jerrome Tyler<text>Yes, that 50% is overall based on what we currently see and project the mix to be.<sentiment>neutral</sentiment><pos>0.1069</pos><neg>0.0128</neg><neutr>0.8803</neutr></text>
                    </speaker>
                </followAnswer>
            <transition>
                <speaker id="-1" position="Operator">Operator<text>The next question is from Brian Bedell of Deutsche Bank.<sentiment>neutral</sentiment><pos>0.025</pos><neg>0.0627</neg><neutr>0.9123</neutr></text>
                    </speaker>
                </transition>
            <question id="4">
                <speaker id="6" company="Deutsche Bank AG">Brian Bertram Bedell<text>I also echo my comments for Mark as well. It's been great working with you. So also best of luck. I think Brennan got my multiparts on the deposit betas as well. So I'll move over to expenses. And the only other two categories -- again, Jason, thanks so much for the granular color there. The only other two categories I just wanted to get a comment on was the typical seasonal lift that we see in outside services in the second half of the year, whether you think that's likely to repeat as it has in the past? 
And then on the other expense line, in lieu of having the Golf open, I know you've wanted to reallocate those expenses to marketing initiatives. Is that also a second half event like the Northern Open was or have you done those over the course of the year, so we shouldn't see as much of a spike up?<sentiment>neutral</sentiment><pos>0.164</pos><neg>0.026</neg><neutr>0.81</neutr></text>
                    </speaker>
                </question>
            <answer id="4">
                <speaker id="0" position="Executive VP &amp; CFO" company="Northern Trust Corporation NasdaqGS:NTRS">Jason Jerrome Tyler<text>All right. So on -- let me start on outside services. So yes, there tends to be a second half lift there. We don't expect it to be that dramatic at this point. In this quarter, it was -- we actually -- remember, a lot of the expenses there are actually volume related. And so it's related to -- you guide market data and other transaction-related services. There's other items that are very volume related. And frankly, some of it is market level related. And so that's something to just keep in mind that can dominate the seasonality component of that line item. 
And so in the second quarter, volumes were down slightly, and that was fully offset by a little bit higher consumption level in consulting and legal. And so as we go into third quarter, we'd actually -- those 2 dynamics are probably still at play. And we'll see which ones as we get further into the quarter, which one wins out. And then on marketing rate, Mike, do you want to talk about that for a minute?<sentiment>negative</sentiment><pos>0.0253</pos><neg>0.78</neg><neutr>0.1947</neutr></text>
                    </speaker>
                </answer>
            <answer id="4">
                <speaker id="2" company="Chairman &amp; CEO">Michael G. O’Grady<text>Sure. Just on the marketing, Brian, yes, we're spending that, if you will, throughout the year. So there's no seasonality -- major seasonality like you had with the Golf tournament. And as we've talked about before, it's less about 1 particular area and more just doing marketing within the 3 businesses.<sentiment>neutral</sentiment><pos>0.0361</pos><neg>0.0521</neg><neutr>0.9118</neutr></text>
                    </speaker>
                </answer>
            <followQuestion id="0" question_id="4">
                <speaker id="6" company="Deutsche Bank AG">Brian Bertram Bedell<text>That's great color. And then maybe, Mike, if I could just follow up on alternatives. I think you mentioned that in your prepared remarks briefly. But if you could just characterize the -- what you're seeing from your wealth client base in terms of demand for illiquid products, both private equity, private credit impact funds? And to what extent you've added those products onto your platform? 
And clearly, it's a great way to retain clients given their interest in that. But maybe just also share if you think that can also have a revenue impact for Northern Trust, even if you're not managing them, but rather having them on your shelf, so to speak?<sentiment>neutral</sentiment><pos>0.1885</pos><neg>0.0094</neg><neutr>0.8021</neutr></text>
                    </speaker>
                </followQuestion>
            <followAnswer id="0" question_id="4">
                <speaker id="2" company="Chairman &amp; CEO">Michael G. O’Grady<text>You described it well as far as our approach there, which is we want to be able to provide the full set of alternatives for our clients. And yet provide the added value, if you will, certain particular funds that we can offer for them and then funds that we manage on our own or through vehicles on our own. 
And so within Wealth Management, for the platform, you kind of hit on some of the areas that are of greatest interest right now like private credit. And so it's a much broader set than maybe it was years ago as to alternatives. When somebody says alternatives used to mean that hedge funds or PE. Now it's a much broader set of the types of products that they would have there. 
And then also, my comment around the growth was particularly related to 50 South Capital, which is within Asset Management, where we offer funds of funds. And there, again, we've seen strong interest on the part of our clients to have that type of more diversified exposure to alternatives. 
And you're right, it has the benefit certainly from a return perspective for our clients. But from our perspective, it is something that has a more attractive financial profile for us and one that further cements the relationship that we have. So we expect -- although there's always ups and downs and volatility with the various categories, but longer term still that alternatives will be an area of growth.<sentiment>neutral</sentiment><pos>0.164</pos><neg>0.0118</neg><neutr>0.8242</neutr></text>
                    </speaker>
                </followAnswer>
            <transition>
                <speaker id="-1" position="Operator">Operator<text>Next question comes from Ken Usdin of Jefferies.<sentiment>neutral</sentiment><pos>0.0306</pos><neg>0.0481</neg><neutr>0.9213</neutr></text>
                    </speaker>
                </transition>
            <question id="5">
                <speaker id="10" company="Jefferies LLC">Kenneth Michael Usdin<text>Just a one more follow-up on the earning asset side. Just given rising rates in the OCI, can you talk us through about where your securities portfolio duration is and what you're seeing on incremental pickups of new pickups relative to the roll-off on the back end? And just how you're thinking about mixing the portfolio and protecting OCI from here?<sentiment>neutral</sentiment><pos>0.107</pos><neg>0.0199</neg><neutr>0.8731</neutr></text>
                    </speaker>
                </question>
            <answer id="5">
                <speaker id="0" position="Executive VP &amp; CFO" company="Northern Trust Corporation NasdaqGS:NTRS">Jason Jerrome Tyler<text>Sure. So a couple of thoughts. One, duration overall, duration is down to about 2.6 from 2.7. And then secondly, just from a reinvestment perspective, we're just that fact alone indicates we've been going shorter. And as we're reinvesting maturities that are maturing, we're leaving that powder dry effectively for the time being given a couple of dynamics. One, just the significant volatility in the markets and then secondly, anticipating higher rates. And so we've very much been not reinvesting longer on the curve at this point. And then what was the second part?<sentiment>negative</sentiment><pos>0.0355</pos><neg>0.6179</neg><neutr>0.3466</neutr></text>
                    </speaker>
                </answer>
            <followQuestion id="0" question_id="5">
                <speaker id="10" company="Jefferies LLC">Kenneth Michael Usdin<text>The second part was just related to capital on the earlier question just about OCI. And have you been moving things from AFS to HTM? Are you rethinking at all, to your prior point about changing duration, how you protect incremental AFS from here? And I guess, just how would you expect the existing OCI to kind of return back into capital over time? So just all things related to OCI management.<sentiment>neutral</sentiment><pos>0.0522</pos><neg>0.031</neg><neutr>0.9168</neutr></text>
                    </speaker>
                </followQuestion>
            <followAnswer id="0" question_id="5">
                <speaker id="0" position="Executive VP &amp; CFO" company="Northern Trust Corporation NasdaqGS:NTRS">Jason Jerrome Tyler<text>Sure. A couple of thoughts there. One is, we did move about $7 billion from AFS to HTM. And we did that post quarter close actually. And the future impact is that, that should be -- that should protect about half of the exposure we have had on from an OCI perspective. And then in terms of return, it should be about 3.5 years total for us to recoup, maybe a little bit longer to recoup that. But it gives you an overall general sense of what the trajectory looks like.<sentiment>neutral</sentiment><pos>0.1253</pos><neg>0.0179</neg><neutr>0.8567</neutr></text>
                    </speaker>
                </followAnswer>
            <transition>
                <speaker id="-1" position="Operator">Operator<text>Our next question comes from Betsy Graseck of Morgan Stanley.<sentiment>neutral</sentiment><pos>0.0294</pos><neg>0.0389</neg><neutr>0.9317</neutr></text>
                    </speaker>
                </transition>
            <other id="6">
                <speaker id="4" company="Morgan Stanley">Betsy Lynn Graseck<text>A couple of questions. One, a little nit-picky, but on the average balance sheet, I think you show what the yields are obviously by asset class. And I'm just wondering, repo yields went up. It looks like your repurchase agreements went up about 2 percentage points Q-on-Q. And I wanted to make sure I understood that. 
Mark Bette 
Yes, Betsy, part of that -- this is Mark. Part of that was a -- there's a footnote, I think, on our reports that kind of talk about netting change that we made. And those yields, I think it's both on the asset side and the liability side. And the yields would have been, for instance, on the asset side, trying to find that line, which is reported as [ 231 ] I think it would have been around 70, I believe. But there is -- so it was really driven by this kind of gross to net change, both on the asset and liability side.<sentiment>neutral</sentiment><pos>0.0711</pos><neg>0.0471</neg><neutr>0.8818</neutr></text>
                    </speaker>
                </other>
            <followQuestion id="0" question_id="5">
                <speaker id="4" company="Morgan Stanley">Betsy Lynn Graseck<text>Okay. So any details there we can do off-line. The second question is just, as we look at the 10-Q analysis regarding rate sensitivity and impact of 100 bps parallel shift versus what we got this quarter. Obviously, this quarter was a much bigger benefit than what the Q would suggest. And I just want to make sure I understand the differences of what the assumptions are in the Q that we see versus what happened in the real world? 
Mark Bette 
Yes. I mean I guess one thing I would say is in the Q, it's a model process, and it does look at the forward curve, and it's really a shock movement away from the forward curve. So I know that I think from beginning of the quarter to the end of the quarter, there was a move from the forward curve, but probably not in the same magnitude of how it would have been modeled within the Q. And so it's a directional guide, I mean the base case is what is not there, which is what the forecast is with the forward curve. But -- so I don't know if that helps, Betsy.<sentiment>neutral</sentiment><pos>0.0767</pos><neg>0.0493</neg><neutr>0.874</neutr></text>
                    </speaker>
                </followQuestion>
            <followAnswer id="0" question_id="5">
                <speaker id="0" position="Executive VP &amp; CFO" company="Northern Trust Corporation NasdaqGS:NTRS">Jason Jerrome Tyler<text>And timing matters a lot, too. I mean we came into the quarter with some lift from where rates were prior and  then we also had mix was another benefit of probably 8 basis points alone just by higher mix in the balance sheet. And so there are other dynamics that came into play. And frankly, back to when you're doing those shock scenarios, you're making assumptions around beta, you're making assumptions of a bunch of different things, but it's not in reality. This doesn't always play out that way. And the beta is at 25% for us were low. And we also had movements in other currencies. And so a lot of things at play that led to the increase in NIM.<sentiment>neutral</sentiment><pos>0.1904</pos><neg>0.0588</neg><neutr>0.7509</neutr></text>
                    </speaker>
                </followAnswer>
            <followQuestion id="1" question_id="5">
                <speaker id="4" company="Morgan Stanley">Betsy Lynn Graseck<text>Okay. And then just lastly, I know at the beginning of the call, you mentioned that nonoperational deposit outflows look like they've stabilized. And I guess my question is, how do you feel your nonoperational deposit -- depositors are behaving? In other words, we're about to get another 75 bps next week. And do you feel that they are optimizing for their -- over this next 6 months already? Or do you feel like they optimize each time the Fed's moving? In other words, I'm wondering if we should be expecting another outflow as the Fed continues to jack up rates here.<sentiment>neutral</sentiment><pos>0.2379</pos><neg>0.0736</neg><neutr>0.6885</neutr></text>
                    </speaker>
                </followQuestion>
            <followAnswer id="1" question_id="5">
                <speaker id="0" position="Executive VP &amp; CFO" company="Northern Trust Corporation NasdaqGS:NTRS">Jason Jerrome Tyler<text>I think that channel of depositors disproportionately relative to others have relationships at multiple institutions. And cash doesn't have a long-term commitment on it, and they're able to seek yield when it's important to them. And I'm glad you asked the question because I don't want the interpretation to be that we don't want nonoperational deposits. 
Oftentimes, those deposits are tied to broader relationships. Sometimes we do want those deposits for various reasons. The reason that we're highlighting the distinction is just the economics and the behavior of those deposits is very different. And as you think about where NII is going, it's important to understand and appreciate those differences.<sentiment>neutral</sentiment><pos>0.0623</pos><neg>0.0662</neg><neutr>0.8715</neutr></text>
                    </speaker>
                </followAnswer>
            <transition>
                <speaker id="-1" position="Operator">Operator<text>Our next question is from Vivek Juneja of JPMorgan.<sentiment>neutral</sentiment><pos>0.0294</pos><neg>0.0466</neg><neutr>0.9241</neutr></text>
                    </speaker>
                </transition>
            <other id="6">
                <speaker id="14" company="JPMorgan Chase &amp; Co">Vivek Juneja<text>A couple of -- one is, how much benefit did you have to expenses from FX translation, Jason? 
Mark Bette 
So on a year-over-year -- this is Mark. On a year-over-year basis, it was about 2%. And on a sequential basis, it was about 1%. And that's for total expense.<sentiment>neutral</sentiment><pos>0.0399</pos><neg>0.0314</neg><neutr>0.9287</neutr></text>
                    </speaker>
                </other>
            <followQuestion id="0" question_id="5">
                <speaker id="14" company="JPMorgan Chase &amp; Co">Vivek Juneja<text>Right, right. And most of that would show up in which lines? 
Mark Bette 
Most in comp and benefits. It would be -- as I look at it, probably...<sentiment>neutral</sentiment><pos>0.0408</pos><neg>0.0227</neg><neutr>0.9365</neutr></text>
                    </speaker>
                </followQuestion>
            <followAnswer id="0" question_id="5">
                <speaker id="0" position="Executive VP &amp; CFO" company="Northern Trust Corporation NasdaqGS:NTRS">Jason Jerrome Tyler<text>A little in equipment and software as well. 
Mark Bette 
Yes, equipment and software. And you're probably looking at just like our expense base, I guess, maybe 2/3 of that probably being within comp and benefits.<sentiment>neutral</sentiment><pos>0.0517</pos><neg>0.0187</neg><neutr>0.9296</neutr></text>
                    </speaker>
                </followAnswer>
            <followQuestion id="1" question_id="5">
                <speaker id="14" company="JPMorgan Chase &amp; Co">Vivek Juneja<text>Completely different question. Wealth Management assets in the -- sorry, wrong one. Asset Servicing assets under management fell 19% linked quarter much more than overall Wealth Management AUM was down much less. 19% seems like a lot. Any color on that, but it seems more than what markets dropped?<sentiment>negative</sentiment><pos>0.0107</pos><neg>0.9463</neg><neutr>0.0429</neutr></text>
                    </speaker>
                </followQuestion>
            <followAnswer id="1" question_id="5">
                <speaker id="0" position="Executive VP &amp; CFO" company="Northern Trust Corporation NasdaqGS:NTRS">Jason Jerrome Tyler<text>Sure. Yes. That was -- we had outflows in the money market mutual fund business. And so that business has grown significantly since pre-pandemic, but declined in the quarter from a flow perspective.<sentiment>negative</sentiment><pos>0.0717</pos><neg>0.8749</neg><neutr>0.0533</neutr></text>
                    </speaker>
                </followAnswer>
            <transition>
                <speaker id="-1" position="Operator">Operator<text>And our next question is from Jeff Harte of Piper Sandler.<sentiment>neutral</sentiment><pos>0.037</pos><neg>0.0259</neg><neutr>0.9371</neutr></text>
                    </speaker>
                </transition>
            <question id="6">
                <speaker id="9" company="Piper Sandler &amp; Co.">Jeffery J. Harte<text>One question left for me. How do you expect funding costs on non-U.S. interest-bearing deposits to move with the ECB hiking? I'm just trying to think -- could we see some near-term pressure on NIM or NII as ECB goes from negative through the 0 bound or to something higher than 25 basis points?<sentiment>neutral</sentiment><pos>0.2735</pos><neg>0.1804</neg><neutr>0.5461</neutr></text>
                    </speaker>
                </question>
            <answer id="6">
                <speaker id="0" position="Executive VP &amp; CFO" company="Northern Trust Corporation NasdaqGS:NTRS">Jason Jerrome Tyler<text>Yes, higher beta. And the client -- and again, I'm glad you brought that up, in 4 clients where they have potentially been in negative rates, we're expecting betas to be higher, just as clients to say. We understand that we were negative, but when do we get out. And that's the one channel where we expect that to be aggressive. Mark, what would you -- anything to add there? 
Mark Bette 
Anything I would -- I was just going to mention that the size of that, so the euro deposits for us is about -- it's a little bit over 5%, 6% of our  total deposits. So that's just something to keep in mind from an order of magnitude perspective.<sentiment>neutral</sentiment><pos>0.1459</pos><neg>0.0503</neg><neutr>0.8038</neutr></text>
                    </speaker>
                </answer>
            <followQuestion id="0" question_id="6">
                <speaker id="9" company="Piper Sandler &amp; Co.">Jeffery J. Harte<text>Okay. I mean any guess to how much higher betas might be there? Like I guess that it would be purely a guess, I suppose, but...<sentiment>neutral</sentiment><pos>0.0546</pos><neg>0.0388</neg><neutr>0.9066</neutr></text>
                    </speaker>
                </followQuestion>
            <followAnswer id="0" question_id="6">
                <speaker id="0" position="Executive VP &amp; CFO" company="Northern Trust Corporation NasdaqGS:NTRS">Jason Jerrome Tyler<text>Yes. It's just super hard to tell. And sometimes the rates are part of larger pricing and relationship considerations. But we would just expect at this point in the curve for those betas to be quite high. And again, not -- it's 6% of the total. It's not tremendous an impact, but I don't think it's crazy to assume. And again, I'm just speculating, say, 75% to 100%. I don't think it changes the dynamics of the outcome significantly on NII. But it's -- when we say significantly higher, it's not 55 versus 50, it's more like 75, 100 is a safer way to model it.<sentiment>neutral</sentiment><pos>0.0713</pos><neg>0.0297</neg><neutr>0.8989</neutr></text>
                    </speaker>
                </followAnswer>
            <transition>
                <speaker id="-1" position="Operator">Operator<text>Next question is from Alex Blostein of Goldman Sachs.<sentiment>neutral</sentiment><pos>0.0278</pos><neg>0.0557</neg><neutr>0.9165</neutr></text>
                    </speaker>
                </transition>
            <question id="7">
                <speaker id="3" company="Goldman Sachs Group, Inc.">Alexander Blostein<text>I wanted just to get your perspective, maybe top of the house view on operating leverage. And over the years, we've kind of gotten accustomed to thinking about operating expenses as a percentage of fees, and obviously, quarter-to-quarter, that will move around and you guys gave some explicit guidance, I guess, for a couple of line items. So really just kind of want to zoom out and think about in an environment we're in today, where the markets are a little choppier, I guess, to say the least and inflation is rising, what is the new normal for that expense to fee ratio over the next, say, a year or 2, right? 
So clearly, you guys are highlighting that some of the higher NII will show up in comp with respect to, I guess, incentive-based compensation. So that will, I guess, also pressure that expense to fee ratio. So helping just kind of think through that is like if we live in a [ 1.05 ] but we're now thinking like [ 1.10 ] plus  and are there any expense initiatives that you guys are starting to contemplate beyond 2022? It feels like the budgeting for this year has sort of left the station. But any incremental thoughts there would be helpful.<sentiment>neutral</sentiment><pos>0.1168</pos><neg>0.0471</neg><neutr>0.836</neutr></text>
                    </speaker>
                </question>
            <answer id="7">
                <speaker id="2" company="Chairman &amp; CEO">Michael G. O’Grady<text>Sure. Alex, it's Mike. So the way that we're thinking about it is that, as you pointed out, a number of factors on both the revenue side and on the expense side that we want to be in the range for a pretax margin of kind of that mid -- low to mid-30s.  That's the type of range that gets us at the higher end of our ROE target as well. So that's what we're shooting for. 
And then you're exactly right. We're also looking at that expense to trust fee ratio, which has a different set of dynamics to it and has more pressure on it when you have markets going down and inflation. But that's not a reason to say that we're not focused on trying to keep that in the range that we've been in. 
So that is kind of the -- whether it's [ 1.05 ] plus or minus around that, that's where we're trying to keep it because our view is that over time, that's a better, more stable level or measure of our profitability for the business. So that's what we're looking to do. 
As far as looking at expenses, again, always trying to be focused on that. And I would say, even though you said the train has left the station for this year, we are very much focused on getting productivity in all the businesses, but particularly in the Asset Servicing business. 
And so those initiatives were very much in place at the beginning of the year and we're executing on those. And as we do next year, there will be a new set of initiatives around how we get greater scale and efficiency in the company, but particularly in that business.<sentiment>neutral</sentiment><pos>0.1651</pos><neg>0.0292</neg><neutr>0.8056</neutr></text>
                    </speaker>
                </answer>
            <transition>
                <speaker id="-1" position="Operator">Operator<text>The next question is from Gerard Cassidy of RBC.<sentiment>neutral</sentiment><pos>0.0242</pos><neg>0.0574</neg><neutr>0.9184</neutr></text>
                    </speaker>
                </transition>
            <question id="8">
                <speaker id="7" company="RBC Capital Markets">Gerard Sean Cassidy<text>You guys may have touched on this, and I apologize if you did and I missed it on your call. But obviously, you're talking a lot about betas with deposits with rates going higher. Have you guys been able to map out or build models to see what impact the full-blown quantitative tightening will have on deposit flows at your organization? 
You figure they're going to reach what, $95 million -- $95 billion a month coming up soon here. And we really haven't gone through this before, we're in uncharted territory. So how do you guys approach that?<sentiment>neutral</sentiment><pos>0.1079</pos><neg>0.0541</neg><neutr>0.838</neutr></text>
                    </speaker>
                </question>
            <answer id="8">
                <speaker id="0" position="Executive VP &amp; CFO" company="Northern Trust Corporation NasdaqGS:NTRS">Jason Jerrome Tyler<text>We have modeled it. We've looked back to see what correlation there is. And I have to say the takeaway is it's not -- our client base just doesn't -- it's not granular enough to say that there's a strong correlation between what the modeling spits out. And you think about a $130 billion deposit base, we have clients that have $10 million, $50 million, $100 million, $200 million, some super large institutional or even wealth -- or even Global Family Office clients to be over -- sometimes over $1 billion. 
And -- so it's just -- it's very spiky, and it's hard to throw a correlation out publicly at what those models spit out. I think what's -- the one thing I think it's instructive to think through is that a lot of our clients think about cash as an asset allocation output. And so one of the things to think about is you're predicting where even core operational transactional deposits will look like is what are overall asset levels and what are market levels because our clients consistently think about liquidity as an asset allocation tool and probably less affected in a predictive way by what's happening at the macro level by the Fed.<sentiment>neutral</sentiment><pos>0.0495</pos><neg>0.0702</neg><neutr>0.8803</neutr></text>
                    </speaker>
                </answer>
            <followQuestion id="0" question_id="8">
                <speaker id="7" company="RBC Capital Markets">Gerard Sean Cassidy<text>Very good. And then as a follow-up, granted the market conditions are very unsettling today and a lot of disruption going on out there. But there's also probably opportunities to pick up maybe some businesses at discounted prices relative to where it was maybe a year to 2 years ago. Northern over the years has done acquisitions. So Mike, can you give us some color of allocating capital? Or should something come up for sale that really makes sense? Is that something you guys could consider in the next 12 to 18 months?<sentiment>neutral</sentiment><pos>0.0953</pos><neg>0.0158</neg><neutr>0.8889</neutr></text>
                    </speaker>
                </followQuestion>
            <followAnswer id="0" question_id="8">
                <speaker id="2" company="Chairman &amp; CEO">Michael G. O’Grady<text>George, you're right. Historically, the company has been opportunistic and having the ability to add core capabilities during times like this. So that attitude or approach hasn't changed. I wouldn't say that we're out looking to take advantage of the environment per se. I would say it's more a similar strategic focus, which is growing the business organically. And then over time, if there are opportunities to accelerate that through acquisitions, then we consider it.<sentiment>neutral</sentiment><pos>0.2447</pos><neg>0.0104</neg><neutr>0.7449</neutr></text>
                    </speaker>
                </followAnswer>
            <other id="1" question_id="8">
                <speaker id="7" company="RBC Capital Markets">Gerard Sean Cassidy<text>Great. And Mark, good luck in the next run.  Good work on you. 
Mark Bette 
Thanks, Gerard. Appreciate it.<sentiment>positive</sentiment><pos>0.7366</pos><neg>0.0142</neg><neutr>0.2493</neutr></text>
                    </speaker>
                </other>
            <transition>
                <speaker id="-1" position="Operator">Operator<text>We can go back to Vivek Juneja of JPMorgan.<sentiment>neutral</sentiment><pos>0.0254</pos><neg>0.0312</neg><neutr>0.9434</neutr></text>
                    </speaker>
                </transition>
            <question id="9">
                <speaker id="14" company="JPMorgan Chase &amp; Co">Vivek Juneja<text>Going back to capital, Jason, I hear your comment on -- competitively, you want to be ahead of your peers. Is there a level below which you would not want to see your CET1 go, especially given, there's still uncertainty in the markets and volatility? And what do you intend to do to not let it go below that?<sentiment>neutral</sentiment><pos>0.1062</pos><neg>0.0732</neg><neutr>0.8206</neutr></text>
                    </speaker>
                </question>
            <answer id="9">
                <speaker id="0" position="Executive VP &amp; CFO" company="Northern Trust Corporation NasdaqGS:NTRS">Jason Jerrome Tyler<text>We've got a lot of different guardrails around how we think about what to do. We obviously -- we have not been share repurchases, the first thing to do. Conversely, you saw us increase our dividend at this point. And so I think that tells you that we're not desperately trying to increase levels from here. We feel fine, and again, we've got plenty of room from a regulatory perspective, and we feel good how we look on a competitive basis. 
And we've always said it's a combination of different factors. We have very good conversations with our Board about how we want to position capital levels. But we feel good where we are and always want at the same time, take advantage of any opportunities in the market to grow the business. And sometimes that means just what we did with loans a couple of years ago. And we made a big investment there from a capital perspective in the form of higher RWA exposure. And so it's just a good example of how we're balancing different factors at any given point in an economic cycle. The absolute levels is an important, but it's just one of those factors.<sentiment>neutral</sentiment><pos>0.1923</pos><neg>0.0148</neg><neutr>0.7928</neutr></text>
                    </speaker>
                </answer>
            <other id="0" question_id="9">
                <speaker id="14" company="JPMorgan Chase &amp; Co">Vivek Juneja<text>And Mark, I was remiss. Thank you for -- it was great working with you, and good luck in your new role. 
Mark Bette 
Thanks, Vivek.  Appreciate it.<sentiment>positive</sentiment><pos>0.567</pos><neg>0.0187</neg><neutr>0.4142</neutr></text>
                    </speaker>
                </other>
            <transition>
                <speaker id="-1" position="Operator">Operator<text>We come to Mike Mayo of Wells Fargo Securities.<sentiment>neutral</sentiment><pos>0.0387</pos><neg>0.023</neg><neutr>0.9383</neutr></text>
                    </speaker>
                </transition>
            <question id="10">
                <speaker id="12" company="Wells Fargo Securities, LLC">Michael Lawrence Mayo<text>Yes, as we tweak our -- or update our earnings models, I'm just looking at Page 38 of your proxy, and I'm looking at your peer group, and you do have a lot of banks in this peer group, but the 2 most comparable banks seem to have tax rates that are 500 basis points below what you have. So I think you're in the range of 25% and those other 2 trust banks are close to 20% or below, give or take. 
And so the question is, we always talk about pretax margins. What about after-tax margins? What can you do, Jason, to better manage your taxes, which is one of the biggest expenses at the firm? 
And then you'll love this question, Mike. So would you -- under what circumstances would you consider a move away from Chicago, like Citadel, to the extent that, that could help your taxes?<sentiment>neutral</sentiment><pos>0.0576</pos><neg>0.0584</neg><neutr>0.884</neutr></text>
                    </speaker>
                </question>
            <answer id="10">
                <speaker id="0" position="Executive VP &amp; CFO" company="Northern Trust Corporation NasdaqGS:NTRS">Jason Jerrome Tyler<text>Two very different questions. I'll hit the first one. And you're absolutely right, tax rate matters. And so I'll give you a sense of -- first, I'll give you a sense of how -- where we are relative to others. First, a high percentage of our income is from Wealth Management, and that's predominantly a domestic business, which comes with a higher tax rate. 
Two, even within the domestic exposures, we're in Illinois, California and New York, we're in high tax states. Then a lot of our -- we've got less benefits from tax credit investments. And another dynamic is we've got less income from tax-exempt income. 
And then more of a nuanced but important factor is there are limitations on U.S. foreign tax credits. And that's actually increasing in our difference relative to our peers. And so those are at least a half dozen things that are -- that they get to vast majority of the reason why there's a difference. 
Going forward, there are things that we can look at and try and implement to try and get that tax rate down. And so we're not  [ just resting ] on that as a fait accompli we -- it's something that we want to work on over time.<sentiment>neutral</sentiment><pos>0.0971</pos><neg>0.0422</neg><neutr>0.8607</neutr></text>
                    </speaker>
                </answer>
            <answer id="10">
                <speaker id="2" company="Chairman &amp; CEO">Michael G. O’Grady<text>And Mike, I would say we're a global company that is headquartered in Chicago. Proud to be headquartered in Chicago. And like other important decisions, we look at it from a stakeholder perspective. You highlight one, which is, I'll say, the tax rate, but more broadly, the financial implications of being headquartered anywhere. And that is absolutely a relevant consideration and one that we're looking at all the time. 
But then you have other stakeholders that are critical to that, certainly where our clients are and where we need to be to serve them. But then also equally important is all of our partners, meaning our employees, it needs to be a great place to live. And so we are very focused on not just monitoring that over time and determining if it's a great place to live. But I would say, actively being a part of the community to address the challenges and make Chicago an even better city to live in and to have our headquarters.<sentiment>neutral</sentiment><pos>0.1331</pos><neg>0.0112</neg><neutr>0.8557</neutr></text>
                    </speaker>
                </answer>
            <ending>
                <speaker id="-1" position="Operator">Operator<text>Ladies and gentlemen, that concludes today's question-and-answer session. I would like to turn the call back to Mark Bette for any additional or closing remarks. 
Mark Bette 
I think we're all good. So thanks, everyone, for joining us. Appreciate it, and we'll talk to you next quarter.<sentiment>neutral</sentiment><pos>0.1328</pos><neg>0.0164</neg><neutr>0.8508</neutr></text>
                    </speaker>
                </ending>
            <ending id="11">
                <speaker id="0" position="Executive VP &amp; CFO" company="Northern Trust Corporation NasdaqGS:NTRS">Jason Jerrome Tyler<text>Congratulations, Mark, on a great run.<sentiment>positive</sentiment><pos>0.8418</pos><neg>0.0158</neg><neutr>0.1424</neutr></text>
                    </speaker>
                </ending>
            <ending id="11">
                <speaker id="2" company="Chairman &amp; CEO">Michael G. O’Grady<text>Congratulations. 
Mark Bette 
Thanks, everybody.<sentiment>neutral</sentiment><pos>0.2557</pos><neg>0.0151</neg><neutr>0.7292</neutr></text>
                    </speaker>
                </ending>
            <ending>
                <speaker id="-1" position="Operator">Operator<text>Ladies and gentlemen, that concludes today's conference call. We thank you for your participation. You may now disconnect.<sentiment>neutral</sentiment><pos>0.0269</pos><neg>0.0829</neg><neutr>0.8902</neutr></text>
                    </speaker>
                </ending>
            </section>
        </body>
    </Transcript>