<?xml version='1.0' encoding='utf-8'?>
<Transcript>
    <header>
        <company>The Bank of New York Mellon Corporation NYSE:BK</company>
        <quarter>Q3-2018</quarter>
        <time>Thursday, October 18, 2018 12:00 PM GMT</time>
        <currency>Currency: USD</currency>
        <note>Consensus as of  Oct-18-2018 12:35 PM GMT</note>
        <ticker>BK</ticker>
        <stock_price_before>40.356936</stock_price_before>
        <stock_price_after>40.552101</stock_price_after>
        <stock_performance>neutral</stock_performance>
        </header>
    <body>
        <section name="Financial Tables">
            <table id="0" name="Earnings Estimates Comparison Table">
                <timePeriods>
                    <period name="FQ3 2018" />
                    <period name="FQ4 2018" />
                    <period name="FY 2018" />
                    </timePeriods>
                <metrics>
                    <metric name="EPS Normalized">
                        <value period="-FQ3 2018-" type="CONSENSUS">1.04</value>
                        <value period="-FQ4 2018-" type="ACTUAL">1.06</value>
                        <value period="-FY 2018-" type="SURPRISE">1.92</value>
                        </metric>
                    <metric name="Revenue  (mm)">
                        <value period="-FQ3 2018-" type="CONSENSUS">4146.90</value>
                        <value period="-FQ4 2018-" type="ACTUAL">4069.00</value>
                        <value period="-FY 2018-" type="SURPRISE">(1.88 %)</value>
                        </metric>
                    </metrics>
                </table>
            <table id="1" name="EPS Normalized Comparison Table">
                <timePeriods>
                    <period name="FQ4 2017" />
                    <period name="FQ1 2018" />
                    <period name="FQ2 2018" />
                    <period name="FQ3 2018" />
                    </timePeriods>
                <metrics>
                    <metric name="EPS Normalized">
                        <value period="FQ4 2017" type="CONSENSUS">0.91</value>
                        <value period="FQ1 2018" type="CONSENSUS">0.96</value>
                        <value period="FQ2 2018" type="CONSENSUS">1.02</value>
                        <value period="FQ3 2018" type="CONSENSUS">1.04</value>
                        </metric>
                    </metrics>
                </table>
            </section>
        <section name="Call Participants">
            <person company="The Bank of New York Mellon Corporation NYSE:BK" position="Chairman &amp; CEO" group="EXECUTIVES" id="0">Charles W. Scharf</person>
            <person company="The Bank of New York Mellon Corporation NYSE:BK" position="Chief Financial Officer" group="EXECUTIVES" id="1">Michael P. Santomassimo</person>
            <person company="The Bank of New York Mellon Corporation NYSE:BK" position="Executive VP &amp; Treasurer" group="EXECUTIVES" id="2">Scott Freidenrich</person>
            <person company="Goldman Sachs Group Inc." group="ANALYSTS" id="3">Alexander Blostein</person>
            <person company="UBS Investment Bank" group="ANALYSTS" id="4">Brennan Hawken</person>
            <person company="Deutsche Bank AG" group="ANALYSTS" id="5">Brian Bertram Bedell</person>
            <person company="Keefe, Bruyette, &amp; Woods, Inc." group="ANALYSTS" id="6">Brian Matthew Kleinhanzl</person>
            <person company="Autonomous Research LLP" group="ANALYSTS" id="7">Geoffrey Elliott</person>
            <person company="The Buckingham Research Group Incorporated" group="ANALYSTS" id="8">James Francis Mitchell</person>
            <person company="Jefferies LLC" group="ANALYSTS" id="9">Kenneth Michael Usdin</person>
            <person company="Wells Fargo Securities, LLC" group="ANALYSTS" id="10">Michael Lawrence Mayo</person>
            <person company="BofA Merrill Lynch" group="ANALYSTS" id="11">Michael Roger Carrier</person>
            <person company="Wolfe Research, LLC" group="ANALYSTS" id="12">Steven Joseph Chubak</person>
            </section>
        <section name="Presentation ">
            <statement>
                <speaker id="-1" position="Operator">Operator<text>Good morning, and welcome to the Third Quarter 2018 Earnings Conference Call hosted by BNY Mellon. [Operator Instructions] 
Please note that this conference call webcast will be recorded and will consist of copyrighted material. You may not record or rebroadcast these materials without BNY Mellon's consent. 
I will now turn the call over to Mr. Scott Freidenrich. You may begin.<sentiment>neutral</sentiment><analysis>Overall sentiment is neutral. 0 sentences are positive (0.00%). 0 sentences are negative (0.00%). 7 sentences are neutral (100.00%). </analysis></text>
                    </speaker>
                </statement>
            <statement>
                <speaker id="2" position="Executive VP &amp; Treasurer" company="The Bank of New York Mellon Corporation NYSE:BK">Scott Freidenrich<text>Thank you. Good morning, and welcome to BNY Mellon's Third Quarter 2018 Earnings Conference Call. 
This morning, BNY Mellon released its results for the third quarter of 2018. The earnings press release and the financial highlights presentation to accompany this teleconference are both available on our website at bnymellon.com. 
Charlie Scharf, BNY Mellon's Chairman and Chief Executive Officer, will lead this morning's conference call. Also making prepared remarks on the call this morning is Mike Santomassimo, our Chief Financial Officer. Following Mike's remarks, there will be a Q&amp;A session. 
Before we begin, please note that our remarks today may include forward-looking statements. Actual results may differ materially from those indicated or implied by our forward-looking statements as a result of various factors. These factors include those identified in the cautionary statement in the earnings press release, the financial highlights presentation and in our documents filed with the SEC available on our website, bnymellon.com. 
Forward-looking statements made on this call speak only as of today, October 18, 2018, and we will not update forward-looking statements. 
With that, I will now turn it over to Charlie.<sentiment>neutral</sentiment><analysis>Overall sentiment is neutral. 1 sentences are positive (6.67%). 0 sentences are negative (0.00%). 14 sentences are neutral (93.33%). </analysis></text>
                    </speaker>
                </statement>
            <statement>
                <speaker id="0" position="Chairman &amp; CEO" company="The Bank of New York Mellon Corporation NYSE:BK">Charles W. Scharf<text>Thank you, Scott, and good morning, everyone. Thanks for joining our third quarter earnings call. 
Before asking Mike to walk you through the financials, let me frame the quarter with some thoughts on how our businesses are performing. 
In terms of the headline numbers, earnings per share of $1.06 was up 13% from last year's third quarter. These results included 2 significant items: approximately $0.05 litigation charges and a $0.05 benefit in our tax line. Year-over-year, revenue grew 1%, expenses grew 3%, though 2% of that was related to litigation. And we continue to benefit from reduction in our tax rate related to the new tax law in the U.S. and from strong capital return. 
While we are not pleased with our total revenue growth for this quarter, there are some areas with modest strength and others that are weaker, several of which we believe will strengthen over time. 
Our Investment Services revenue growth was 3%, and Investment Management revenue growth was 2%. These were partially offset by lower revenue in the Other segment. Mike will cover that later. 
As I've said since joining the company, we're not satisfied with our growth as we've been too reliant historically on the impact of the markets. Our focus on organic growth will take time to show up in the revenue line across our businesses. And though small, there continue to be signs of positive momentum in some areas, which we'll cover. 
With the reality that it will take time to see the impact of our growth activities show up in the revenue growth line, we are disciplined on expenses and will continue to be. Though our expenses increased 3%, I mentioned that 2% of the increase related to litigation. So excluding litigation charges, we had minimal expense growth. 
You also know that we've been significantly increasing our investment in technology and infrastructure. To get to minimal expense growth, all other expenses in total were lower than the prior year. I will discuss this a little more later, but we will continue to focus on improving our structural operating leverage while continuing to invest for growth. 
Looking at our businesses, let me first start with Asset Servicing. 
Asset Servicing revenue growth was 3%, and we had reasonable fee, net interest revenue and FX growth. We again saw steady performance in our core custody, middle office and fund accounting revenues, onboarding more than $450 billion of AUC/A across a number of investment managers and other clients. Additionally, we have a mandate to provide middle office outsourcing for a significant private credit manager, where we're investing in new capabilities. Securities lending benefited from the increased demand for highly liquid assets, primarily U.S. Treasuries, and we're benefiting from new clients and expanded business with existing clients. And our growth in client-driven foreign exchange revenue was driven by new business wins, higher session range volumes and market spreads. 
Our global pipeline remained strong across all major Asset Servicing products. As asset managers continue to look for ways to reduce their costs, we're seeing increasing consolidation of global operations and technology, which is driving demand for outsourcing, managed services and data management solutions. 
In Pershing, while we saw a reduction in revenue last quarter from 2 previously disclosed client losses, our total revenues were flat to last quarter and up 3% from the prior year. So this means growth is offsetting these losses. As a reminder, we've been awarded multiple mandates that will begin to positively impact results starting in the second half of next year and more significantly into 2020. Timing aside, we're confident as ever in our ability to continue to build Pershing over the long term. 
In Issuer Services, revenue growth of 2% was driven by mid-single-digit growth in Corporate Trust, partially offset by a decline in Depositary Receipts. As you know, quarter-by-quarter performance in Depositary Receipts is episodic, and several significant client events have been pushed from the third quarter into future quarters. Although the DR markets are weak, we're winning our fair share now while remaining disciplined on structure, and full year revenue growth should be strong. 
Corporate Trust revenue growth was driven by the repositioning of our front-office sales and relationship management teams and by better coordinating with our firm-wide Global Client Management team to leverage our relationships for deals that our financial institutions and asset management clients are bringing. This is yielding opportunities and mandates, and I should add that our pipeline remains strong, particularly for CLOs and corporate debt. 
We've had good momentum with clients. Although market share stats are imperfect in this business, it appears that we've gained some traction in the first half of the year. We've also started to deliver new digital capabilities that give clients better transparency into their loan positions, compliance data, cash activity and trade information, and it's been well received. 
In Treasury Services, Paul Camp joined us this quarter as the new leader for this business. Paul has tremendous experience and has already brought a renewed sense of urgency and had some great ideas for building our business into a stronger growth engine for the company. Having said that, we continue to see growth, albeit less than we'd like, in our payment volumes from existing and new clients and are focused on growing the liability balances from our Treasury Services clients. We're continuing to invest in capabilities such as real-time payments, which should help differentiate our offering. 
In Clearance and Collateral Management, we reported 8% revenue growth. We again saw strong revenue growth from the onboarding of the remaining former JPMorgan government clearing broker-dealer clients, higher clearance volumes related to record issuance levels and strong demand for U.S. Government debt and Treasury issuances and growth in collateral management activity from new business and increased client activity. Here, we're seeing interest from new entrants to the collateral market, such as corporates and alternatives, investing their cash in repo as well as the continued rollout of rules requiring segregation of margin related to derivatives. 
Our capabilities in Clearance and Collateral Management are a clear point of differentiation. One such point of differentiation is our collateral optimization engine. It has significant growth potential as collateral management business becomes increasingly important part of the investment process. 
Turning to Investment Management. As you know, the environment continues to be difficult for the industry, and we achieved 2% revenue growth this quarter. We continue to focus on investment performance, drive scale in our business, invest in product development and distribution capabilities and strengthen our Wealth Management franchise. Net flows returned positive this quarter with $15 billion in net inflows. We saw strong flows in LDI as well as positive flows in fixed income and multi-assets and alternatives. And our U.S. multi-asset manager, which we've rebranded Mellon, has had good activity across a range of asset types, including entering into a new subadvisory partnership. In our Wealth Management business, Catherine Keating joined us as CEO and is already identifying opportunities to strengthen this business. We'll have more to say this about in the future. 
In terms of talent, we're continuing to attract great people at all levels of the company. We're working to develop and capitalize on the deep knowledge and specialized expertise that exist across our company and complementing that with new outside perspectives. In addition to Paul and Catherine, we added a number of other senior leaders this quarter who we expect to play major roles in increased growth and profitability. These include Roman Regelman, who joined us as Head of Digital. He will lead and coordinate our thinking as we set the strategic direction for our digital future, including data management, analytics, artificial intelligence, machine learning and robotics. Akash Shah has joined the company in the newly created role of Head of Strategy. Akash joined us from McKinsey, where he co-led the Capital Markets &amp; Investment Banking practice, and has a strong background focused on exactly what we're in the midst of, transforming businesses for the future and positioning them to drive organic growth and innovation. Emily Portney joined us as our new Head of Asset Servicing for the Americas and will help drive our business forward in the U.S., Latin America as well as overseeing our interests in the CIBC Mellon Asset Servicing joint venture in Canada. And we announced 2 key technology hires after quarter-end. Sabet Elias has joined us as Chief Technology Officer, bringing extensive experience in building and operating global high-performance, mission-critical technology environments. And Avi Shua was appointed technology lead for Wealth Management, helping us build technology platforms to grow our Wealth Management business, which, as I said, is a key priority. We're thrilled at our ability to attract such an outstanding group from top-tier institutions. 
So as we look forward, we will continue to methodically build out our capabilities and teams. We've been investing in technology, both to improve our existing operations and infrastructure and to build new capabilities for our clients, and we will continue to invest. We will remain keenly focused on expenses. We continue to believe there are meaningful opportunities to become more efficient, which will help fund the technology investments we need to make as well as provide improved service for our clients, and we are highly focused on driving that efficiency in both the short and long term. 
And I'll close by describing how I think you'd feel if you were inside the company. As I've said, we're a proud company and we're strong company with exceptional client relationships, and we have great subject matter expertise inside the company. But we're not performing as well financially as we'd like. We believe our franchise is capable of delivering more organic growth than we've delivered thus far. And we are focused business-by-business on changing our thinking, developing capabilities, improving the quality of our work and aligning internal resources to achieve this end. Becoming more efficient is an important part of the puzzle. We believe that increased efficiency improves the quality of our work, allows us to invest in what's important for our clients and is pro-growth. Importantly, there's a shared understanding that we will hold each other accountable for higher standards of performance and proceed with a strong sense of urgency. Given the nature of our business, all the work we're doing will take time to come through in our numbers, but I want you to know that every day we're challenging ourselves to get there faster. 
With that, let me turn the call over to Mike.<sentiment>positive</sentiment><analysis>Overall sentiment is positive. 59 sentences are positive (60.20%). 7 sentences are negative (7.14%). 32 sentences are neutral (32.65%). The classified negative sentences are: (1) 05 litigation charges and a $0. (2) While we are not pleased with our total revenue growth for this quarter, there are some areas with modest strength and others that are weaker, several of which we believe will strengthen over time. (3) These were partially offset by lower revenue in the Other segment. (4) As I've said since joining the company, we're not satisfied with our growth as we've been too reliant historically on the impact of the markets. (5) To get to minimal expense growth, all other expenses in total were lower than the prior year. (6) As you know, quarter-by-quarter performance in Depositary Receipts is episodic, and several significant client events have been pushed from the third quarter into future quarters. (7) But we're not performing as well financially as we'd like. </analysis></text>
                    </speaker>
                </statement>
            <statement>
                <speaker id="1" position="Chief Financial Officer" company="The Bank of New York Mellon Corporation NYSE:BK">Michael P. Santomassimo<text>Great. Thanks, Charlie. 
Good morning, everyone. Let me run through the details of our results, then provide some thoughts on the fourth quarter. Note that all comparisons will be on a year-over-year basis unless I specify otherwise. 
Beginning on Page 3 of the financial highlights document. 
In the third quarter, we had earnings of $1.1 billion and earnings per share of $1.06, up 13%. There were 2 significant items included in the quarter. We incurred litigation charges that increased expenses 2%, which negatively impacted earnings per share by approximately $0.05. The charges relate to new development in the quarter for previously disclosed matters that we anticipate resolving shortly. And we had a net benefit of approximately $0.05 per share resulting from adjustments to our provisional estimates for the impact of the U.S. tax legislation from last year and other tax changes, which decreased the effective tax rate by approximately 4.5%. 
Year-to-date, we had earnings of $3.3 billion or $3.20 per share, up 21%. 
In terms of shareholder capital return, year-to-date we've returned $2.7 billion to common shareholders through $1.9 billion of share repurchases and approximately $800 million in dividends. That includes actions taken during the third quarter, where we repurchased 12 million shares for $602 million and paid $283 million in dividends. 
Now turning to the third quarter highlights on Page 4. 
During the third quarter, total revenue was up 1%. We did have a couple of items that impacted the revenue growth rate. Securities gains in the third quarter of 2017, lower foreign exchange currency hedging revenue and the pretax impact of our renewable energy investments negatively impacted growth by almost 1.5%. Just a reminder that we get the benefit of our wind investments or renewable energy investments in the tax line but have pretax costs that are included in investment and other income. 
Fee revenue was up 1% to $3.2 billion. Growth in the quarter benefited from higher equity market values, collateral management and clearance volumes and performance fees. We saw reasonable growth in our Asset Servicing business, including the client-driven foreign exchange fees, as well as in our Corporate Trust and Clearance and Collateral Management businesses. Investment Management and performance fees together grew 2%. Fees in Pershing were essentially flat despite the impact of the previously lost clients. 
Third quarter net interest revenue increased 6% to $891 million, driven by higher interest rates, partially offset by lower interest-earning deposits and other borrowings. As expected, our deposit balances were down year-over-year and sequentially. 
Year-over-year, our average interest-bearing deposits increased 4% while our average noninterest-bearing deposits declined 14%. As we have consistently said, for our client set, deposit pricing is continuingly becoming more competitive, with betas increasing as rates rise. 
On Page 7 of our earnings release, you can see that the rates on our interest-bearing deposits increased from 45 basis points in the second quarter to 63 basis points this quarter. On the surface, this would imply a deposit beta of approximately 72% globally. But when you get to the underlying beta for interest-bearing U.S. dollar client deposits, which excludes wholesale funding, it is really in the low to mid-80% range. 
The net interest margin increased 12 basis points to 1.27%. Sequentially, the NIM was up 1 basis point. 
Our expenses grew 3% to $2.7 billion. As I mentioned earlier, litigation increased expenses approximately 2%. The remaining growth in the quarter was due to the continued investments we were making in technology, which was partially offset by declines in other areas. As Charlie mentioned, we are focused on delivering on our technology investment and driving efficiency across everything else we do. All these items resulted in a 2% decline in pretax income to $1.3 billion. The litigation charges negatively impacted pretax income growth by approximately 4% and a 9% increase in net income applicable to common shareholders to $1.1 billion, which benefited from the lower tax rate. This performance, coupled with the reduction in our share count, translated to a 13% increase in earnings per share to $1.06. 
Our pretax operating margin was 33%, down 1% from the prior year period. Again, the litigation negatively impacted the pretax margin by approximately 100 basis points. 
Our capital position and returns continue to be strong. Our CET1 ratio was 11.2%, and our return on tangible common equity was 23%. Before we go deeper into the quarter, on Page 6 are the year-to-date results, which track well with the discussion we had at Investor Day. 
Total revenue was up approximately 5%, and expenses were up approximately 3%, generating solid operating leverage. Foreign exchange translation increased both growth rates by about 100 basis points. 
Net income applicable to common shareholders was up 17%, earnings per share was up 21% and return on tangible common equity was up more than 200 basis points to more than 24%. 
Page 8 highlights our Investment Services business results. 
Investment Services revenues was $3.1 billion, up 3%. Within Investment Services, Asset Servicing revenue grew 3% to $1.5 billion, primarily reflecting higher equity market values, security lending volumes, net interest revenue and foreign exchange volumes. This includes a reasonable increase in Asset Servicing fees and a 27% increase in securities lending revenue, driven by increased demand for U.S. government securities and some new client activity. 
Pershing revenue was up 3% to $558 million, a result of higher net interest revenue, equity markets, long-term mutual fund balances, partially offset by the impact of previously disclosed lost business. As I mentioned, fees were flat despite the impact of the previously disclosed lost business. 
Issuer Services revenue was up 2% to $453 million, primarily reflecting higher interest revenue in Corporate Trust. Corporate Trust-related revenue was up mid-single digits, offset by declines in Depositary Receipts. The sequential increase of 5% reflects seasonality in Depositary Receipts. 
Treasury Services revenue increased 3% year-over-year to $324 million, primarily reflecting higher net interest revenue and transaction volumes. 
Clearance and Collateral Management revenue was up 8% year-over-year and down 2% sequentially to $264 million. The year-over-year increase reflects growth in collateral management, clearance volumes and net interest revenue. These increases are primarily due to the onboarding of the new government clearing clients, which was substantially completed in the quarter. As a result of the clients onboarded and other increases in activity, average tri-party collateral management balances were up 18% and are just under $3 trillion. 
Noninterest expense within Investment Services increased 8% year-over-year and 3% sequentially to $2 billion. The litigation charge negatively impacted expenses by approximately 3% year-over-year and sequentially. The remaining expense growth was primarily driven by increased investments in technology, offset by lower staff expense. Also, foreign exchange and other trading revenue increased 5% from higher volumes. Assets under custody and/or administration grew 7% to $34.5 trillion. And in Pershing, despite the lost business, average long-term mutual fund assets were up 5% year-over-year and average clearing accounts were down just 2%. So some key metrics are showing positive momentum that point to higher organic revenue over time. 
Turning to Page 9 for Investment Management highlights. 
Asset management revenue increased 2% to $704 million, benefiting from growth in the equity markets and higher performance fees, which were partially offset by the impact of net outflows in prior quarters and by lost revenue associated with the sale of CenterSquare. Wealth Management revenue was up 1% to $311 million and down 2% sequentially, with the sequential decline a result of lower net interest revenue, partially offset by higher equity market values. 
Assets under management increased slightly year-over-year and increased 1% sequentially to $1.8 trillion. Asset flows improved in most asset classes with net flows of $15 billion. Our actively managed strategies experienced $18 billion in net inflows with $16 billion in LDI flows, $2 billion in multi-asset and alternative inflows and $2 billion in fixed income flows, partially offset by active equity outflows of $2 billion. Index had outflows of $3 billion primarily due to outflows from clients for whom we sub-advise under index strategies. And cash was flat. 
Turning to our Other segment on Page 10. 
Fee revenue decreased year-over-year and sequentially, primarily reflecting the pretax impact of our investments in renewable energy. As I mentioned before, we get the benefit from these investments in the tax line and foreign currency hedging. Noninterest expense decreased, primarily reflecting lower staff costs. 
Turning to capital and liquidity on Page 11. 
Our capital and liquidity ratios at September 30 improved since the end of the second quarter. Common equity Tier 1 capital totaled $18.5 billion at September 30, and our CET1 ratio was 11.2% under the Advanced Approach. The supplementary leverage ratio was 6.4%, and our average LCR in the third quarter was 121%. 
Now Page 12 details our expenses. 
On a consolidated basis, expenses of $2.7 billion increased 3%. The litigation charges negatively impacted the expense growth by approximately 2%. The remaining growth is primarily due to investments in technology, partially offset by lower staff expense and lower distribution and servicing expenses. Note that the technology expenses are included in staff, professional, legal and other purchased services and in software and equipment. 
Expenses were down slightly sequentially, primarily reflecting lower net occupancy, staff and business development expenses, partially offset by higher litigation. The decrease in net occupancy expense was primarily due to the expenses associated with the relocation of our headquarters that was recorded in the second quarter. 
Now looking ahead to the fourth quarter, there are a few things to factor in your modeling. As a reminder, our results in the fourth quarter of 2017 included impacts from the U.S. tax bill and severance, litigation and other charges. The total cost of relocating our corporate headquarters is estimated to be approximately $75 million, of which $12 million was recorded in the second quarter, and we expect to record remaining expense in the fourth quarter. Excluding the real estate cost, we would expect the growth rate of our overall expenses in the fourth quarter year-over-year to be directionally similar to what you've seen year-to-date, which implies a modest uptick from the third quarter, consistent with prior years. 
As it relates to net interest revenue, you should factor in the following. At this early point in the quarter, overall deposit levels are slightly higher than the average for the third quarter, with noninterest-bearing deposits about at the same level. 
As rates rise, we expect deposit betas to continue to increase, which we think is consistent with what is happening in the market. We are assuming that 1-month and 3-month LIBOR are slightly above their current levels on average for the quarter, but we have seen some compression in spreads between 1-month and 3-month LIBOR and the Fed funds rate that will have an impact in the fourth quarter. If these assumptions play out, it should result in net interest revenue being similar to what you saw this quarter. 
Fourth quarter seasonal performance fees are expected to be in line with the fourth quarter of 2017. And excluding the significant items in the third quarter, we still expect our full year effective tax rate to be approximately 21%. 
With that, operator, can you please open up the lines for questions?<sentiment>neutral</sentiment><analysis>Overall sentiment is neutral. 59 sentences are positive (43.07%). 18 sentences are negative (13.14%). 60 sentences are neutral (43.80%). The classified negative sentences are: (1) We incurred litigation charges that increased expenses 2%, which negatively impacted earnings per share by approximately $0. (2) tax legislation from last year and other tax changes, which decreased the effective tax rate by approximately 4. (3) We did have a couple of items that impacted the revenue growth rate. (4) Securities gains in the third quarter of 2017, lower foreign exchange currency hedging revenue and the pretax impact of our renewable energy investments negatively impacted growth by almost 1. (5) As expected, our deposit balances were down year-over-year and sequentially. (6) All these items resulted in a 2% decline in pretax income to $1. (7) The litigation charges negatively impacted pretax income growth by approximately 4% and a 9% increase in net income applicable to common shareholders to $1. (8) Our pretax operating margin was 33%, down 1% from the prior year period. (9) Again, the litigation negatively impacted the pretax margin by approximately 100 basis points. (10) Clearance and Collateral Management revenue was up 8% year-over-year and down 2% sequentially to $264 million. (11) The litigation charge negatively impacted expenses by approximately 3% year-over-year and sequentially. (12) Wealth Management revenue was up 1% to $311 million and down 2% sequentially, with the sequential decline a result of lower net interest revenue, partially offset by higher equity market values. (13) Fee revenue decreased year-over-year and sequentially, primarily reflecting the pretax impact of our investments in renewable energy. (14) The litigation charges negatively impacted the expense growth by approximately 2%. (15) Expenses were down slightly sequentially, primarily reflecting lower net occupancy, staff and business development expenses, partially offset by higher litigation. (16) The decrease in net occupancy expense was primarily due to the expenses associated with the relocation of our headquarters that was recorded in the second quarter. (17) As a reminder, our results in the fourth quarter of 2017 included impacts from the U. (18) We are assuming that 1-month and 3-month LIBOR are slightly above their current levels on average for the quarter, but we have seen some compression in spreads between 1-month and 3-month LIBOR and the Fed funds rate that will have an impact in the fourth quarter. </analysis></text>
                    </speaker>
                </statement>
            </section>
        <section name="Question and Answer">
            <transition>
                <speaker id="-1" position="Operator">Operator<text>[Operator Instructions] Our first question comes from Ken Usdin of Jefferies.<sentiment>neutral</sentiment><pos>0.0414</pos><neg>0.0234</neg><neutr>0.9352</neutr></text>
                    </speaker>
                </transition>
            <question id="0">
                <speaker id="9" company="Jefferies LLC">Kenneth Michael Usdin<text>On the Asset Servicing business, I wonder if you can detail a little bit more the flattish kind of results, but you said you had some benefits from the broker-dealer business. Can you walk us through how did collateral management act and just how did the core Asset Servicing act? You mentioned some pending potential wins. I'm not sure if you meant that those were converted as well. So just if you can give some flesh-out color on what you're seeing currently and what you're expecting out of the core Asset Servicing.<sentiment>neutral</sentiment><pos>0.1023</pos><neg>0.0154</neg><neutr>0.8823</neutr></text>
                    </speaker>
                </question>
            <answer id="0">
                <speaker id="0" position="Chairman &amp; CEO" company="The Bank of New York Mellon Corporation NYSE:BK">Charles W. Scharf<text>Ken, are you talking about Asset Servicing or Pershing?<sentiment>neutral</sentiment><pos>0.0306</pos><neg>0.0551</neg><neutr>0.9143</neutr></text>
                    </speaker>
                </answer>
            <followQuestion id="0" question_id="0">
                <speaker id="9" company="Jefferies LLC">Kenneth Michael Usdin<text>Asset Servicing. Didn't the broker-dealer -- the broker-dealer clients come in through Asset Servicing? Are you saying they came in through clearing on the fee side? So I'm looking at the income statement.<sentiment>neutral</sentiment><pos>0.0325</pos><neg>0.0532</neg><neutr>0.9143</neutr></text>
                    </speaker>
                </followQuestion>
            <followAnswer id="0" question_id="0">
                <speaker id="0" position="Chairman &amp; CEO" company="The Bank of New York Mellon Corporation NYSE:BK">Charles W. Scharf<text>Yes, yes. Asset -- well, I'll let Mike answer it. Asset Servicing revenue growth was 3% overall. And when you look at it, the underlying fee growth was reasonable. We had net interest revenue growth and FX growth.<sentiment>positive</sentiment><pos>0.8672</pos><neg>0.02</neg><neutr>0.1128</neutr></text>
                    </speaker>
                </followAnswer>
            <answer id="0">
                <speaker id="1" position="Chief Financial Officer" company="The Bank of New York Mellon Corporation NYSE:BK">Michael P. Santomassimo<text>Yes, so I think -- so let me sort of dig in a little bit of that, Ken, for you. So obviously, the -- I'll just pick it apart, so tell me if I missed something. But for the new clients that Charlie referenced that we onboarded, very little revenue in the quarter from them. So yes, so you'll start to see that kick in as you look forward. So there -- that didn't contribute much to this quarter. I think for the -- where you'll see the new -- the clients that converted over from JPMorgan, that'll be in the clearance and collateral business line in our release. And as you sort of think about the Asset Servicing fee line, as Charlie said, when you sort of dig into the underlying businesses, both in Asset Servicing and clearance and collateral, we saw some reasonable growth in both quarter-to-quarter.<sentiment>neutral</sentiment><pos>0.1903</pos><neg>0.0358</neg><neutr>0.7739</neutr></text>
                    </speaker>
                </answer>
            <followQuestion id="1" question_id="0">
                <speaker id="9" company="Jefferies LLC">Kenneth Michael Usdin<text>Yes. So there's a little mixing, matching there between business line and income statement. I think that's where my question was a bit confusing, Mike. And then -- okay. So then separately, just on the balance sheet. The betas, can you -- you talk about -- you talked about that you expect them to move up from here. Can -- would you still anticipate as long as LIBOR and -- is moving the right way, Ken, the NIM expand from here? Or is it going to be more of a function of just what the mix is looking like every quarter? Because obviously, there's pushes and pulls between the dollars and the NIM spread.<sentiment>neutral</sentiment><pos>0.1423</pos><neg>0.0327</neg><neutr>0.8249</neutr></text>
                    </speaker>
                </followQuestion>
            <followAnswer id="1" question_id="0">
                <speaker id="0" position="Chairman &amp; CEO" company="The Bank of New York Mellon Corporation NYSE:BK">Charles W. Scharf<text>Yes, look, I think on NIM, Ken, I don't know that you can expect it's always going to be a straight line up, right. But I think the -- as you sort of look at the various components of it, the -- where we're sort of -- our biggest driver, as you know well, is sort of how we're reinvesting in the securities portfolio, and those yields continue to sort of move up each quarter. So all the -- we're seeing probably a 15-point -- 15 basis point sort of increase in sort of paydown versus where we're reinvesting, thereabouts, right. So just maybe a little more or a little less depending on -- on average depending on sort of where you are. So I think you can see the NIMs sort of grind up over time, but I don't know that you can always expect it to be sort of a straight line up every quarter. And I think that goes -- when it comes to LIBOR, as we said in sort of my commentary, we're sort of expecting LIBOR to be slightly above, call it, a few basis points above where you see 1- and 3-month today, and that'll sort of give you the result that we sort of highlighted in the release.<sentiment>neutral</sentiment><pos>0.2161</pos><neg>0.0717</neg><neutr>0.7122</neutr></text>
                    </speaker>
                </followAnswer>
            <answer id="0">
                <speaker id="1" position="Chief Financial Officer" company="The Bank of New York Mellon Corporation NYSE:BK">Michael P. Santomassimo<text>The only thing I'd add is just remember, the timing of the change in betas doesn't always align with the timing of the repricing of our portfolio.<sentiment>neutral</sentiment><pos>0.0427</pos><neg>0.0567</neg><neutr>0.9006</neutr></text>
                    </speaker>
                </answer>
            <answer id="0">
                <speaker id="0" position="Chairman &amp; CEO" company="The Bank of New York Mellon Corporation NYSE:BK">Charles W. Scharf<text>Yes.<sentiment>neutral</sentiment><pos>0.1082</pos><neg>0.0226</neg><neutr>0.8692</neutr></text>
                    </speaker>
                </answer>
            <transition>
                <speaker id="-1" position="Operator">Operator<text>Our next question comes from the line of Alex Blostein with Goldman Sachs.<sentiment>neutral</sentiment><pos>0.0349</pos><neg>0.0314</neg><neutr>0.9337</neutr></text>
                    </speaker>
                </transition>
            <question id="1">
                <speaker id="3" company="Goldman Sachs Group Inc.">Alexander Blostein<text>Just picking up on the last discussion, I guess, understanding that quarter-to-quarter, the balance sheet could be a little volatile. But as you look out at next couple years and we continue to go through the rate cycle, how do you expect the balance sheet to perform, i.e., do you think there's any growth there? Or do -- should we think the balance sheet will continue to kind of shrink? And then in terms of the mix between interest and noninterest-bearing deposits, kind of similar. So I guess that has been coming down a little bit, I think you guys said, about 29% of noninterest-bearing as a percentage of total. When you look precrisis, I think it was somewhere in the mid-20s. So should we think of that as still kind of reasonable level to where noninterest-bearing deposits will go?<sentiment>neutral</sentiment><pos>0.0735</pos><neg>0.4482</neg><neutr>0.4783</neutr></text>
                    </speaker>
                </question>
            <answer id="1">
                <speaker id="0" position="Chairman &amp; CEO" company="The Bank of New York Mellon Corporation NYSE:BK">Charles W. Scharf<text>Yes. Alex, it's Charlie. Let me start with just some broad comments and then I'll hand it over to Mike. I think one of the interesting things that we have as we've gone through this rate cycle is I think we all believe that we can be far more proactive as we deal with our clients in understanding what's going on with deposits and being more proactive about attracting the kind of deposits that we would like to attract. I think it's true in almost all the businesses that we have. So I think the level of rigor that we have today about -- thinking about rates, thinking about conversations with clients, making our desires clear across Asset Servicing, Corporate Trust, Clearance and Collateral Management, Treasury Services, all of them, I think, over a period of time, we feel absolutely like we can do a better job at attracting balances as opposed to having balances just be something that happens to us. That obviously takes some period of time, but it's a very different kind of discussion today than we were having 6 or 9 months ago here.<sentiment>neutral</sentiment><pos>0.153</pos><neg>0.0174</neg><neutr>0.8295</neutr></text>
                    </speaker>
                </answer>
            <answer id="1">
                <speaker id="1" position="Chief Financial Officer" company="The Bank of New York Mellon Corporation NYSE:BK">Michael P. Santomassimo<text>Yes, and I'll add a few things. So I'll just add that as we sort of grow the underlying client franchise, that's going to bring deposits with us, right. So that's another piece where you'll see some -- grow over time. I think that as you sort of think about the noninterest-bearing deposits and the percentage of the total, I think we've been pretty consistent over the last couple years. So we think that, that percentage will sort of grind down. But it's been -- it bumps around a little bit quarter-to-quarter. It was a little lower last quarter. It's a little -- it was 29% this quarter. You can see that from the release. 
I will, though, just remind you a little bit about the nature of our deposit base. We don't disclose noninterest-bearing by line of business. But when you sort of -- what we showed you at Investor Day was about half of our deposits in total are from Asset Servicing and then the rest -- the next biggest pieces are Corporate Trust and Treasury Services. And when you look at the noninterest-bearing component of it, the percentage that come from the Asset Servicing business, that sort of traditional asset managers, hedge funds, private equity, the whole mix, is far less than 50%. So the other pieces of the puzzle, namely Corporate Trust and Treasury Services, drive a bigger piece of the overall noninterest-bearing for us. So that should sort of -- needs to be factored in as you sort of think about the trajectory of them over time.<sentiment>neutral</sentiment><pos>0.0828</pos><neg>0.2626</neg><neutr>0.6547</neutr></text>
                    </speaker>
                </answer>
            <followQuestion id="0" question_id="1">
                <speaker id="3" company="Goldman Sachs Group Inc.">Alexander Blostein<text>Got it. That's useful color. And I guess my second question is just around clearing fees, and those are just the actual fees, not the entire business line item. So down a little sequentially. And I think it's largely a U.S. business for you guys, so I guess markets should have been a little bit of a helper. Is it all due to just lower client activity, slower volumes in the third quarter? Or is there something else going on underneath?<sentiment>negative</sentiment><pos>0.0272</pos><neg>0.705</neg><neutr>0.2678</neutr></text>
                    </speaker>
                </followQuestion>
            <followAnswer id="0" question_id="1">
                <speaker id="0" position="Chairman &amp; CEO" company="The Bank of New York Mellon Corporation NYSE:BK">Charles W. Scharf<text>The third quarter typically is a little bit slower than the second quarter. But -- so there's nothing -- there's no underlying trend there at all.<sentiment>neutral</sentiment><pos>0.0575</pos><neg>0.2798</neg><neutr>0.6627</neutr></text>
                    </speaker>
                </followAnswer>
            <transition>
                <speaker id="-1" position="Operator">Operator<text>Our next question comes from the line of Brennan Hawken (sic) [ Brennan Mc Hawken ] with UBS.<sentiment>neutral</sentiment><pos>0.03</pos><neg>0.0355</neg><neutr>0.9345</neutr></text>
                    </speaker>
                </transition>
            <question id="2">
                <speaker id="4" company="UBS Investment Bank">Brennan Hawken<text>Just actually wanted to follow up on that last point and question on the noninterest bearers. And Mike, that was -- thanks for reminding us all of the different business mix, which definitely leads to a large proportion in noninterest-bearing deposits. But in the past, we've heard that there were certain economic incentives provided to clients, such as fee credits, on some of those noninterest bearers. But that explanation was under the prior management team. So kind of curious whether you all have sustained some of those incentives or whether the approach to those deposits has changed at all under your guidance plans and your approach.<sentiment>neutral</sentiment><pos>0.103</pos><neg>0.0251</neg><neutr>0.8719</neutr></text>
                    </speaker>
                </question>
            <answer id="2">
                <speaker id="0" position="Chairman &amp; CEO" company="The Bank of New York Mellon Corporation NYSE:BK">Charles W. Scharf<text>Brennan, I think that -- the -- where you have earnings credits, which is a pretty normal thing to do for some businesses, is really focused on our Treasury Services business. You don't see earnings credits in any -- or not really prevalent in the other businesses. And so -- and that's how -- which is a pretty consistent way that us and others provide value for some of those client deposits at Treasury Services.<sentiment>neutral</sentiment><pos>0.0935</pos><neg>0.0241</neg><neutr>0.8824</neutr></text>
                    </speaker>
                </answer>
            <followQuestion id="0" question_id="2">
                <speaker id="4" company="UBS Investment Bank">Brennan Hawken<text>Okay, great. And the thinking about the proportion of deposits that are in U.S. dollar, is it still around 70% for you all? And if so, was there some kind of noise in the deposit cost this quarter or catch-up or what have you that worked out to about the 80% deposit beta that you referenced, Mike, earlier? Because when I do the math, I get to a number that's a bit higher than that. So just curious whether I need to make some adjustments to my calc.<sentiment>neutral</sentiment><pos>0.0783</pos><neg>0.0483</neg><neutr>0.8734</neutr></text>
                    </speaker>
                </followQuestion>
            <followAnswer id="0" question_id="2">
                <speaker id="1" position="Chief Financial Officer" company="The Bank of New York Mellon Corporation NYSE:BK">Michael P. Santomassimo<text>Yes, I think you do. But the -- so I think I sort of highlighted it in my commentary, Brennan. So it's really the wholesale funding, which is a very small piece of our overall funding mix, drives some of that surface-level sort of the calc that you've got there. So when you dig underneath that, though, it's what I refer to, the 80 to 80 -- low 80% range, low- to mid-80% range, which, again, I'll say, is very consistent with what we're seeing and hearing from clients across -- in the market.<sentiment>neutral</sentiment><pos>0.0544</pos><neg>0.0334</neg><neutr>0.9122</neutr></text>
                    </speaker>
                </followAnswer>
            <other id="1" question_id="2">
                <speaker id="4" company="UBS Investment Bank">Brennan Hawken<text>Great, great. Well, I'll follow up offline for some of the details on that wholesale funding adjustment.<sentiment>neutral</sentiment><pos>0.0659</pos><neg>0.0169</neg><neutr>0.9172</neutr></text>
                    </speaker>
                </other>
            <transition>
                <speaker id="-1" position="Operator">Operator<text>Our next question comes from Steven Chubak of Wolfe Research.<sentiment>neutral</sentiment><pos>0.0341</pos><neg>0.0397</neg><neutr>0.9262</neutr></text>
                    </speaker>
                </transition>
            <question id="3">
                <speaker id="12" company="Wolfe Research, LLC">Steven Joseph Chubak<text>So I just wanted to dig in, and maybe I'd just unpack some of the commentary on deposits, but more specific to the impact of QE unwind. I think the last fulsome update you gave was at 2014 Investor Day. You guided to about $40 billion to $70 billion of expected deposit runoff from Fed balance sheet normalization. And since you gave that guidance, it looks like deposits have come down about $30 billion or so. And now that we just have better visibility to that process, I was hoping you could maybe help us frame how to think about the remaining runoff impact as the Fed continues this process over the next couple of years.<sentiment>negative</sentiment><pos>0.0458</pos><neg>0.4955</neg><neutr>0.4587</neutr></text>
                    </speaker>
                </question>
            <answer id="3">
                <speaker id="1" position="Chief Financial Officer" company="The Bank of New York Mellon Corporation NYSE:BK">Michael P. Santomassimo<text>Steven, it's Mike. Like -- you're referring to some guidance that was provided, I think, back in 2014. So a lot, obviously, has evolved since then. But I think when you think about wholesale deposits more generally, they are definitely correlated to what you're seeing in excess reserves at the Fed. And so as that sort of grinds down, you're going to see liquidity come out of the system, right. And that, all else equal, potentially drives deposits, continues to drive deposits down a bit. But as Charlie mentioned, I think we think there's an opportunity to be more proactive, smarter about how we sort of go after the opportunity with our clients as well a sort of the impact we'll have as we sort of grow the client franchise. So I don't think you can just take a -- the Fed QE unwind in sort of -- thinking about it in a linear way as you think about our deposit base.<sentiment>neutral</sentiment><pos>0.1522</pos><neg>0.0623</neg><neutr>0.7854</neutr></text>
                    </speaker>
                </answer>
            <followQuestion id="0" question_id="3">
                <speaker id="12" company="Wolfe Research, LLC">Steven Joseph Chubak<text>And then -- okay. So just as a follow-up, is there an expectation that there's enough of inorganic growth opportunity where you guys could actually see the deposit balances increase even with the headwind from Fed QE unwind only because the impact seems to be fairly pronounced and the correlation quite high, around 96% between the 2, your deposits and industry excess reserves?<sentiment>positive</sentiment><pos>0.922</pos><neg>0.0154</neg><neutr>0.0626</neutr></text>
                    </speaker>
                </followQuestion>
            <followAnswer id="0" question_id="3">
                <speaker id="1" position="Chief Financial Officer" company="The Bank of New York Mellon Corporation NYSE:BK">Michael P. Santomassimo<text>Well, look, we're not going to predict it at this point. Obviously, time will tell. But I think we feel like we can do a better job at gathering deposits in any environment, whether it's an environment with the effects of the unwinding of QE, rising or falling rates, any of the above. How those 2 interact, we'll have to see.<sentiment>neutral</sentiment><pos>0.1526</pos><neg>0.0302</neg><neutr>0.8171</neutr></text>
                    </speaker>
                </followAnswer>
            <transition>
                <speaker id="-1" position="Operator">Operator<text>Our next question comes from Mike Carrier with Bank of America Merrill Lynch.<sentiment>neutral</sentiment><pos>0.0365</pos><neg>0.0331</neg><neutr>0.9304</neutr></text>
                    </speaker>
                </transition>
            <question id="4">
                <speaker id="11" company="BofA Merrill Lynch">Michael Roger Carrier<text>Just first question, just on the Asset Servicing, and this is just on the fees. When I look at it sequentially, it seems like that was a bit more muted just given what we would have expected just from some of the market returns. But maybe just a little color you can provide on what else is included in that line. Is there some seasonality from like a transaction standpoint that can limit the growth like in third quarter?<sentiment>neutral</sentiment><pos>0.066</pos><neg>0.1107</neg><neutr>0.8233</neutr></text>
                    </speaker>
                </question>
            <answer id="4">
                <speaker id="1" position="Chief Financial Officer" company="The Bank of New York Mellon Corporation NYSE:BK">Michael P. Santomassimo<text>Yes, Mike, it -- Mike, it's Mike. I think -- we said, I think, at one point a year or 2 ago like that it's a -- you can't think about it just based on what's happening in the market. The Asset Servicing fee line, I think what we said a while ago was, call it, 25% or 30% of it is influenced by overall market levels or the -- and that will sort of move up and down. But you've got impacts from transaction volumes that go through there and a whole series of other little factors that may drive it sequentially quarter-to-quarter.<sentiment>neutral</sentiment><pos>0.0399</pos><neg>0.188</neg><neutr>0.7721</neutr></text>
                    </speaker>
                </answer>
            <followQuestion id="0" question_id="4">
                <speaker id="11" company="BofA Merrill Lynch">Michael Roger Carrier<text>Okay, that's helpful. And then just on the expenses. On the legal item, just any color around that and if it was like a one-off versus it would be kind of ongoing legal cost. I'm just trying to understand that just relative to like going forward for a run rate there.<sentiment>neutral</sentiment><pos>0.0624</pos><neg>0.0769</neg><neutr>0.8607</neutr></text>
                    </speaker>
                </followQuestion>
            <followAnswer id="0" question_id="4">
                <speaker id="0" position="Chairman &amp; CEO" company="The Bank of New York Mellon Corporation NYSE:BK">Charles W. Scharf<text>Yes, this is Charlie. Listen, I think we have fairly clear disclosures about what the -- of what the litigation we have in progress. This one related to approaching a conclusion for 2 of those items that were mentioned. So we obviously have the remaining items to go. Some might get resolved sooner. Others might go around for a long time. But they were known cases that moved along, I would say, quicker than we probably would have thought a couple of months ago, and that's what happens when you have settlement discussions and there are other things going on with others in the industry as well.<sentiment>neutral</sentiment><pos>0.0682</pos><neg>0.077</neg><neutr>0.8548</neutr></text>
                    </speaker>
                </followAnswer>
            <transition>
                <speaker id="-1" position="Operator">Operator<text>Our next question comes from Brian Bedell with Deutsche Bank.<sentiment>neutral</sentiment><pos>0.0399</pos><neg>0.0359</neg><neutr>0.9242</neutr></text>
                    </speaker>
                </transition>
            <question id="5">
                <speaker id="5" company="Deutsche Bank AG">Brian Bertram Bedell<text>Maybe just -- I'd just go back to fourth quarter seasonality. Maybe, Mike, if you can just touch on a couple of different areas. Clearly, we have the performance fees from the Investment Management. But maybe if you can flesh out the Depositary Receipts comment and the delay of revenue into fourth quarter from what typically is a seasonally strong third quarter. And then any other areas -- clearly, volumes tend to be strong in the fourth quarter, but maybe just to clarify what you think can be the improvement on the Pershing side and then also the contribution from JPM on the Clearance and Collateral Management side.<sentiment>neutral</sentiment><pos>0.2046</pos><neg>0.0317</neg><neutr>0.7638</neutr></text>
                    </speaker>
                </question>
            <answer id="5">
                <speaker id="1" position="Chief Financial Officer" company="The Bank of New York Mellon Corporation NYSE:BK">Michael P. Santomassimo<text>Okay, I'll try to pick that. I may -- hopefully, I'll get all your pieces, Brian. Thanks for the question. The -- as you sort of think about DRs, the -- these events that cause bigger fees at any given quarter are not in our control, right. So the...<sentiment>neutral</sentiment><pos>0.0407</pos><neg>0.0544</neg><neutr>0.9049</neutr></text>
                    </speaker>
                </answer>
            <answer id="5">
                <speaker id="0" position="Chairman &amp; CEO" company="The Bank of New York Mellon Corporation NYSE:BK">Charles W. Scharf<text>Just thinking of corporate reorg, dividends, splits, things like that.<sentiment>neutral</sentiment><pos>0.029</pos><neg>0.0813</neg><neutr>0.8897</neutr></text>
                    </speaker>
                </answer>
            <answer id="5">
                <speaker id="1" position="Chief Financial Officer" company="The Bank of New York Mellon Corporation NYSE:BK">Michael P. Santomassimo<text>Yes. And so I think coincidentally, a bunch of that stuff historically happened in the third quarter. And there's a couple of items that got pushed out of the third quarter into future quarters. So whether it happens in the fourth quarter or in a quarter or 2, I think that'll be dependent upon the clients finalizing their activities. And so you'll sort of see that come through. But there are 1 or 2 of those, as Charlie sort of mentioned. As you sort of think about Pershing on a go-forward basis, I think you saw over the last 2 quarters that things sort of stabilized post the client losses. I do -- we did highlight last year that there were some termination fees related to these losses in the fourth quarter, so that will have a bit of an impact on the sequential results. But overall, we're seeing good activity in that business, pretty consistent -- and pretty consistent activity in that business over the last number of months. But -- I think that's -- I think those -- did I -- Charlie, did I miss anything?<sentiment>negative</sentiment><pos>0.134</pos><neg>0.4592</neg><neutr>0.4068</neutr></text>
                    </speaker>
                </answer>
            <followQuestion id="0" question_id="5">
                <speaker id="5" company="Deutsche Bank AG">Brian Bertram Bedell<text>And then JPM clearing collateral?<sentiment>neutral</sentiment><pos>0.0307</pos><neg>0.0421</neg><neutr>0.9272</neutr></text>
                    </speaker>
                </followQuestion>
            <followAnswer id="0" question_id="5">
                <speaker id="1" position="Chief Financial Officer" company="The Bank of New York Mellon Corporation NYSE:BK">Michael P. Santomassimo<text>Oh, sorry. Yes, so you'll -- so we did finish the conversion of the JPMorgan clients, yes, into the business. It's probably the later part of the third quarter. So you will see a little bit of an uptick as we go into the fourth quarter. So you'll see that in the run rate as we go.<sentiment>neutral</sentiment><pos>0.2302</pos><neg>0.0431</neg><neutr>0.7267</neutr></text>
                    </speaker>
                </followAnswer>
            <answer id="5">
                <speaker id="0" position="Chairman &amp; CEO" company="The Bank of New York Mellon Corporation NYSE:BK">Charles W. Scharf<text>And this is Charlie. I just want to just maybe to make a couple of comments about revenue growth that look beyond next quarter. So I think, first, I guess the way I would characterize it is I think when you just think -- I mean, look at the businesses and the way they're performing today and our expectations for opportunities are, in the Investment Services business, which produced 3% revenue growth this quarter in total, Asset Servicing was 3% growth. When we sit here and think about the opportunities that sit in front of us versus the pressures, we think there are more opportunities than there are pressures. We think whatever pressures exist will continue, but we have opportunities to grow that business faster than we have. And as I've said, that is a long-cycle business from a sales perspective, and it takes time, but we feel very good about our position and the opportunities. Pershing we've talked about multiple times. We had these -- we had 2 specific losses that we've known about for a long time. It affects the numbers in the short term. We know we have a series of wins that we're in the process of onboarding, which take a long time to do the work. We have the expenses embedded in our results or at least big part of it to do that. We have no revenues from it. We know they're coming. But more importantly, we love our position in the business. We believe we've got significant opportunity in the RIA space. And so again, we're not going to put time frames around it necessarily. But relative to the quality of the business and the opportunity, we think it's significant. Issuer Services space, Corporate Trust, that is one where you start to see progress more quickly. And that's -- I -- it's a little bit blocking and tackling. It's better technology, it's a better sales force that's better organized, leveraging the relationships across the franchise. And we're starting to see that impact. DRs, as we said, very seasonal quarter-to-quarter, a lot of volatility. Year-over-year, I think the numbers will be pretty strong relative to what we saw last year. Treasury Services, new leader, meaningful opportunity for us in a much more significant way than we've had in the past. And I put Wealth Management in that category as well. So I just think -- because I know obviously there's a lot of focus on quarter-by-quarter, I say this consistently, hard to move these businesses in a single quarter. But as we think about what the opportunities are given the market positions that we have and the type of people that we're bringing in with the ideas that we have, it's -- we certainly feel good about the opportunity. It's just going to take some time.<sentiment>neutral</sentiment><pos>0.2114</pos><neg>0.0223</neg><neutr>0.7663</neutr></text>
                    </speaker>
                </answer>
            <followQuestion id="1" question_id="5">
                <speaker id="5" company="Deutsche Bank AG">Brian Bertram Bedell<text>That was exactly my second question, Charlie. You totally anticipated it. Maybe just one little area on middle office that you didn't cover. I know you guys really started to ramp that up when you onboarded the T. Rowe deal, and yet I think you alluded to another mandate coming soon. Maybe just talk about your strategy there. Obviously, State Street has been the big fish in the pond on that one. Do you guys plan on being more aggressive in that space?<sentiment>neutral</sentiment><pos>0.115</pos><neg>0.0232</neg><neutr>0.8618</neutr></text>
                    </speaker>
                </followQuestion>
            <followAnswer id="1" question_id="5">
                <speaker id="0" position="Chairman &amp; CEO" company="The Bank of New York Mellon Corporation NYSE:BK">Charles W. Scharf<text>Yes, listen, I think middle office is a -- it's complicated, as you all know. It's complicated because there's no one middle office solution out in the marketplace. Historically, they've been very bespoke, generally more complicated than people think when you decide to take something on. And so I'm not sure. When you look at the profitability across the industry, the idea of -- we don't look to middle office to be a gigantic profit contributor to the company. Having said that, it is a very -- it's a pain point for our clients. We think over a period of time, we can help build scale, which means we have to create some more consistency in the industry. And if we can do that for clients, it gives you the opportunity to talk more broadly about other pieces of the equation. And so that's something that we are interested in doing. It has forged more important, deeper relations for us, and so we'll continue to do that. Longer term, more broadly, we all, as an industry -- there are opportunities to figure out how to simplify middle office dramatically. And that's something that we're deeply focused on over the much longer term. But in the short term, it is an opportunity for us to help our clients.<sentiment>neutral</sentiment><pos>0.1284</pos><neg>0.0189</neg><neutr>0.8527</neutr></text>
                    </speaker>
                </followAnswer>
            <transition>
                <speaker id="-1" position="Operator">Operator<text>Our next question comes from the line of Mike Mayo with Wells Fargo Securities.<sentiment>neutral</sentiment><pos>0.0311</pos><neg>0.036</neg><neutr>0.9329</neutr></text>
                    </speaker>
                </transition>
            <question id="6">
                <speaker id="10" company="Wells Fargo Securities, LLC">Michael Lawrence Mayo<text>Charlie, you spent a lot of time on the new hires. Now where are you in terms of changing the culture? How long should that take? And what do the new hires bring to the table?<sentiment>neutral</sentiment><pos>0.0348</pos><neg>0.0389</neg><neutr>0.9263</neutr></text>
                    </speaker>
                </question>
            <answer id="6">
                <speaker id="0" position="Chairman &amp; CEO" company="The Bank of New York Mellon Corporation NYSE:BK">Charles W. Scharf<text>Yes. Listen, I -- obviously, it's a hard question to answer. Where are we? I think -- and I tried to, in my remarks, talk about the way you feel if you were inside the company to get to that point. I think this is a company of 53,000 people that's done certain things a certain way, and it takes time. And when I say it takes time, I don't think it's a question of winning the hearts and minds of people here. I think, as I've said before, it's a very objective group of people that come in generally every day and want to do a better job for their clients, which ultimately should translate to better results for ourselves. It's a question of what does that mean, how do we operate, do we have enough people role modeling behaviors and things like that. And so I -- if I had to say where we were, I -- we're probably in the earlier innings rather than the later innings. But I also feel like if you were to talk to people inside the company who've been here, they would say -- I hope -- I think they would say it's fairly substantially different. We have -- I think -- and I've seen this in my prior lives. I think this question of bringing talent in from the outside, it is a question of balance. We do -- and I really genuinely mean this. I've said this in my remarks. We have great subject matter expertise here. As I said, we've got people that deeply care about clients. But you can't be too inwardly focused in an environment which is changing dramatically around you. And so the idea of bringing in people that have just a -- have been in different companies, that think about the businesses differently, operate with a different sense of urgency than we've operated in the past, had experience at growing businesses, those are all additive to the discussion when you're sitting around the table along with that consistency. So not to -- and I hate to call individuals out because it puts a lot of pressure on them and also it's a little bit unfair to everyone else. But I mentioned Paul Camp, who joined us to run Treasury Services. We have a strong Treasury Services business today, which is high quality, but we think that we can do much, much more than has been done with it. I think if you were to talk to people inside the company what has Paul brought to it in the short time he's been here, you walk into a meeting with Paul and you've got energy, you've got excitement, he has huge respect for what's been built here in Treasury Services, but then will talk about all the opportunities in front of us, both in terms of how we organize, in terms of where we want to get more aggressive, in terms of the kind of products we need to build. So it's a -- it's just -- it should be a shot in the arm for businesses or areas that complement the great talent that we have here. So this is not a question of replacing every job with someone on the outside, but the -- and I -- we don't usually go out and call out peoples' names specifically, but this -- it's a substantial list of people in very senior jobs, which we think will be very important not just in their areas but helping shape the mindset of what growth means. Now I said this before. Growth is not -- we just don't come in one day and decide, "Okay, we want to grow today. So let's just tell everyone and make it happen." Growth is about teaching people how to go about doing that. It's -- you need to think about do you have people in place that actually can think about the strengths of the organization, what products we should be building, how we should work more closely across the organization. Do we have the right product set? Do we have the right people in product development? Are we incenting people properly for it? The list goes on and on. And so now, having some people that have done that before, that think that way, helping role model those behaviors for people here that are very open minded about it, I hope over a period of time it just continues to build on the transformation that's in progress here. I hope that was helpful.<sentiment>neutral</sentiment><pos>0.0733</pos><neg>0.0435</neg><neutr>0.8832</neutr></text>
                    </speaker>
                </answer>
            <transition>
                <speaker id="-1" position="Operator">Operator<text>[Operator Instructions] Our next question comes from the line of Jim Mitchell with Buckingham Research.<sentiment>neutral</sentiment><pos>0.0327</pos><neg>0.0314</neg><neutr>0.9358</neutr></text>
                    </speaker>
                </transition>
            <question id="7">
                <speaker id="8" company="The Buckingham Research Group Incorporated">James Francis Mitchell<text>Maybe just a question on expenses. You talked about a meaningful opportunity to get more efficient in the short and long term. Can you maybe give us a little more detail on where you see the biggest opportunities to get more efficient?<sentiment>neutral</sentiment><pos>0.1434</pos><neg>0.0129</neg><neutr>0.8437</neutr></text>
                    </speaker>
                </question>
            <answer id="7">
                <speaker id="0" position="Chairman &amp; CEO" company="The Bank of New York Mellon Corporation NYSE:BK">Charles W. Scharf<text>Yes. So I think it's -- thank you for the question because we do get a lot of questions from people saying, well, we've done a good job of controlling expenses over a period of time. Is there more to go? I personally think there is a lot more to go. And it's not because we've done a bad job, it's because -- it's like peeling an onion back. The more you peel the onion back, you start to see the next layer, and I think that's what we're experiencing. And it's short term and it's long term. It is tactical and it's structural. Examples, we've done a very good job here if you look at real estate costs. I mean, if you look at what's driven the -- our ability to become more efficient over the past 4 years or so, a lot of it has been driven by being smarter about consolidating and moving to lower-cost locations. Having said that, we still have more we can do. We've highlighted the fact that we relocated the corporate headquarters. The building that we're sitting in now, which is our corporate headquarters, we probably had 3,000, I'm rounding, 3,000-or-so people in it at the beginning of the year. We got out of 325,000 square feet couple of blocks away. Some of us are here. The rest will be here by November. We're going to get paid, call it -- forget about the accounting for a second. We're going to get paid $15 million to $20 million a year by someone to sublet that space. We'll have 3,800-or-so people in it by the end of the year. We think we can get 5,000 to 6,000 people in this building. And by the way, again, we can go back historically, and so -- and it's not as if that wasn't happening. But as these things happen, you get more and more clarity and more and more opportunity. We think about how we manage the company. I mean, very basic things, layers in the company. When you think about -- when I think about the layers between me and the most junior people inside the company and across the company, consistently it's 10 to 11, which is far, far more than I've experienced at other organization. Average spans of controls. And then you go through some of the more structural things, and we just think about the physical, manual work that we do that should be automated. And so as we think -- and as we think about this, we're focused on really 2 different dimensions. Number one is, in the short term, we are going to spend more money on technology. That is, it's the -- that is the livelihood of who we are. We need to do it. We need to improve our basic operating infrastructure, and we need to build products and capabilities for the future. That will take more to do. And so we need to continue to drive these efficiencies in the shorter term not because we just want -- because we needed to fund that stuff but because it will fund that stuff. And as you walk around the place, it becomes more obvious what these things are. At the same time, over the longer term, we do need to build capabilities that allow us to become much more structurally efficient. Those are multiyear projects that relate towards automating tasks that are manual today, using technology and things like that. So as we look over multiyear period, it's something that we think is -- there's still plenty of opportunity left.<sentiment>neutral</sentiment><pos>0.067</pos><neg>0.0306</neg><neutr>0.9024</neutr></text>
                    </speaker>
                </answer>
            <followQuestion id="0" question_id="7">
                <speaker id="8" company="The Buckingham Research Group Incorporated">James Francis Mitchell<text>Bravo. That's great for the color. And maybe just a quick clarification question on 4Q. On the modestly up expenses, I think you noted that, that excludes the real estate charge. But does that -- the comparisons include the legal charge in 3Q? Or shall we pull that out as well? Just I want to make sure I'm getting that right.<sentiment>neutral</sentiment><pos>0.0914</pos><neg>0.0225</neg><neutr>0.8861</neutr></text>
                    </speaker>
                </followQuestion>
            <followAnswer id="0" question_id="7">
                <speaker id="0" position="Chairman &amp; CEO" company="The Bank of New York Mellon Corporation NYSE:BK">Charles W. Scharf<text>I would pull it out.<sentiment>neutral</sentiment><pos>0.0563</pos><neg>0.0879</neg><neutr>0.8558</neutr></text>
                    </speaker>
                </followAnswer>
            <transition>
                <speaker id="-1" position="Operator">Operator<text>Our next question comes from Geoffrey Elliott from Autonomous Research.<sentiment>neutral</sentiment><pos>0.0411</pos><neg>0.0319</neg><neutr>0.927</neutr></text>
                    </speaker>
                </transition>
            <question id="8">
                <speaker id="7" company="Autonomous Research LLP">Geoffrey Elliott<text>You touched last time on the efforts around CCAR and capital planning. And looking at the mid-cycle resubmission, the -- or mid-cycle DFAST that you submitted, you published, your company-run stress capital ratios have improved quite a bit. What does that leave you in terms of any assets to accelerate the process of getting some of that excess capital out?<sentiment>positive</sentiment><pos>0.8381</pos><neg>0.0339</neg><neutr>0.128</neutr></text>
                    </speaker>
                </question>
            <answer id="8">
                <speaker id="1" position="Chief Financial Officer" company="The Bank of New York Mellon Corporation NYSE:BK">Michael P. Santomassimo<text>Look, I think we said last time that we're highly -- we are -- our constraint is our models, not the Federal Reserve's models. It's something we've been and continue to be highly focused on. And if we've got something to say, we'll say it.<sentiment>neutral</sentiment><pos>0.0733</pos><neg>0.0222</neg><neutr>0.9045</neutr></text>
                    </speaker>
                </answer>
            <transition>
                <speaker id="-1" position="Operator">Operator<text>Our next question comes from the line of Brian Kleinhanzl from KBW.<sentiment>neutral</sentiment><pos>0.0316</pos><neg>0.0321</neg><neutr>0.9363</neutr></text>
                    </speaker>
                </transition>
            <question id="9">
                <speaker id="6" company="Keefe, Bruyette, &amp; Woods, Inc.">Brian Matthew Kleinhanzl<text>A quick question on the noninterest-bearing deposits. I know before you've said that they've historically averaged about 30% of your total deposits. But you go back much further in time and look at the end of the rate cycles, both in the '90s and the 2000s, those noninterest-bearing deposits really troughed out around 20% of total deposits. So is that what we should be thinking about this time? Is it, on average over a cycle, about 30%, but really it should be tracking more closer to 20% as they have in the past?<sentiment>neutral</sentiment><pos>0.0578</pos><neg>0.0821</neg><neutr>0.8602</neutr></text>
                    </speaker>
                </question>
            <answer id="9">
                <speaker id="1" position="Chief Financial Officer" company="The Bank of New York Mellon Corporation NYSE:BK">Michael P. Santomassimo<text>No. Brian, it's Mike. We haven't said that that's sort of the historical average. I mean, I think that's the experience over the last few years. But as you point out, that number was lower sort of in history. A lot sort of changed since then in terms of the business mix and stuff. So look, I think we would stay with sort of what we've been saying consistently, right, is that they're going to bounce around quarter-to-quarter, but we think that number will sort of grind down a little bit over time. Where it bottoms out, we'll see, but...<sentiment>negative</sentiment><pos>0.0612</pos><neg>0.6794</neg><neutr>0.2594</neutr></text>
                    </speaker>
                </answer>
            <followQuestion id="0" question_id="9">
                <speaker id="6" company="Keefe, Bruyette, &amp; Woods, Inc.">Brian Matthew Kleinhanzl<text>Okay. And then a separate question on Investment Management. If you kind of look at the flows year-to-date, and let's exclude LDI, which is still a bit of strength in the business, I mean, long-term active is flat. You look at your index, it's down $23 billion. Your cash is down $25 billion. I mean, what's it take to get those to turn from outflows really to inflows from here? I mean, when can we expect to start seeing better traction in flows in the business?<sentiment>negative</sentiment><pos>0.0316</pos><neg>0.7641</neg><neutr>0.2043</neutr></text>
                    </speaker>
                </followQuestion>
            <followAnswer id="0" question_id="9">
                <speaker id="1" position="Chief Financial Officer" company="The Bank of New York Mellon Corporation NYSE:BK">Michael P. Santomassimo<text>Yes, look, so I think when you look at our business, I mean, it's hard to put it all together and think about it as one. We have a -- we have Walter Scott, which is an active asset management company in the equity space, which, over a period of time with differing performance levels inside the market, should differentiate us presumably more in difficult markets than in very, very strong markets. It is -- they're long-term holders not focused on the technology sector, have a great track record. And so again, depending on what happens in the markets over a period of time, you should see stronger performance there. In our asset manager here in the U.S., we're going through a restructuring, as you know, of combining the 3 into one called Mellon. We've been pretty clear that our performance historically hasn't been great. We're strategically making a significant change and putting a series of capabilities there to create a multi-strat asset manager, which we have to prove to the market is more attractive than the separately managed firms that didn't have the appropriate scale inside the market. And so that hopefully, over the next year or so, will start to see more progress there. So it's -- again, they're all very, very different, that have different drivers to them. But I can assure you when we think about each one, we're focused on driving improved performance in each of them but will -- but that, too, will take time just given the nature of the business.<sentiment>neutral</sentiment><pos>0.4656</pos><neg>0.0165</neg><neutr>0.5179</neutr></text>
                    </speaker>
                </followAnswer>
            <transition>
                <speaker id="-1" position="Operator">Operator<text>Thank you. And it does appear we have no further questions in the queue at this time.<sentiment>neutral</sentiment><pos>0.0404</pos><neg>0.0351</neg><neutr>0.9246</neutr></text>
                    </speaker>
                </transition>
            <question id="10">
                <speaker id="0" position="Chairman &amp; CEO" company="The Bank of New York Mellon Corporation NYSE:BK">Charles W. Scharf<text>Thanks, everyone, for joining.<sentiment>positive</sentiment><pos>0.4996</pos><neg>0.0196</neg><neutr>0.4807</neutr></text>
                    </speaker>
                </question>
            <answer id="10">
                <speaker id="1" position="Chief Financial Officer" company="The Bank of New York Mellon Corporation NYSE:BK">Michael P. Santomassimo<text>Thank you. Appreciate it.<sentiment>neutral</sentiment><pos>0.2943</pos><neg>0.0253</neg><neutr>0.6804</neutr></text>
                    </speaker>
                </answer>
            <ending>
                <speaker id="-1" position="Operator">Operator<text>Thank you. This concludes today's conference call webcast. A replay of this conference call webcast will be available on the BNY Mellon Investor Relations website at 2 p.m. Eastern Standard Time today. Have a good day.<sentiment>neutral</sentiment><pos>0.0641</pos><neg>0.017</neg><neutr>0.9189</neutr></text>
                    </speaker>
                </ending>
            </section>
        </body>
    </Transcript>