<?xml version='1.0' encoding='utf-8'?>
<Transcript>
    <header>
        <company>Northern Trust Corporation NasdaqGS:NTRS</company>
        <quarter>Q2-2023</quarter>
        <time>Wednesday, July 19, 2023 2:00 PM GMT</time>
        <currency>Currency: USD</currency>
        <note>Consensus as of  Jul-13-2023 10:30 AM GMT</note>
        <ticker>NTRS</ticker>
        <stock_price_before>74.458541</stock_price_before>
        <stock_price_after>78.997391</stock_price_after>
        <stock_performance>positive</stock_performance>
        </header>
    <body>
        <section name="Financial Tables">
            <table id="0" name="Earnings Estimates Comparison Table">
                <timePeriods>
                    <period name="FQ2 2023" />
                    <period name="FQ3 2023" />
                    <period name="FY 2023" />
                    </timePeriods>
                <metrics>
                    <metric name="EPS Normalized">
                        <value period="-FQ2 2023-" type="CONSENSUS">1.64</value>
                        <value period="-FQ3 2023-" type="ACTUAL">1.56</value>
                        <value period="-FY 2023-" type="SURPRISE">(4.88 %)</value>
                        </metric>
                    <metric name="Revenue  (mm)">
                        <value period="-FQ2 2023-" type="CONSENSUS">1764.31</value>
                        <value period="-FQ3 2023-" type="ACTUAL">1770.20</value>
                        <value period="-FY 2023-" type="SURPRISE">0.33</value>
                        </metric>
                    </metrics>
                </table>
            <table id="1" name="EPS Normalized Comparison Table">
                <timePeriods>
                    <period name="FQ3 2022" />
                    <period name="FQ4 2022" />
                    <period name="FQ1 2023" />
                    <period name="FQ2 2023" />
                    </timePeriods>
                <metrics>
                    <metric name="EPS Normalized">
                        <value period="FQ3 2022" type="CONSENSUS">1.82</value>
                        <value period="FQ4 2022" type="CONSENSUS">1.81</value>
                        <value period="FQ1 2023" type="CONSENSUS">1.52</value>
                        <value period="FQ2 2023" type="CONSENSUS">1.64</value>
                        </metric>
                    </metrics>
                </table>
            </section>
        <section name="Call Participants">
            <person company="Northern Trust Corporation NasdaqGS:NTRS" position="Executive VP &amp; CFO" group="EXECUTIVES" id="0">Jason Jerrome Tyler</person>
            <person company="Northern Trust Corporation NasdaqGS:NTRS" position="Senior VP &amp; Director of Investor Relations" group="EXECUTIVES" id="1">Jennifer Childe</person>
            <person company="Northern Trust Corporation NasdaqGS:NTRS" position="Chairman &amp; CEO" group="EXECUTIVES" id="2">Michael Gerard O’Grady</person>
            <person company="Goldman Sachs Group, Inc." group="ANALYSTS" id="3">Alexander Blostein</person>
            <person company="UBS Investment Bank" group="ANALYSTS" id="4">Brennan Hawken</person>
            <person company="Deutsche Bank AG" group="ANALYSTS" id="5">Brian Bertram Bedell</person>
            <person company="Morgan Stanley" group="ANALYSTS" id="6">Connell J. Schmitz</person>
            <person company="RBC Capital Markets" group="ANALYSTS" id="7">Gerard Sean Cassidy</person>
            <person company="Wolfe Research, LLC" group="ANALYSTS" id="8">Hang Leung</person>
            <person company="Keefe, Bruyette, &amp; Woods, Inc." group="ANALYSTS" id="9">Michael C. Brown</person>
            <person company="Autonomous Research US LP" group="ANALYSTS" id="10">Robert Henry Wildhack</person>
            <person company="JPMorgan Chase &amp; Co" group="Unknown Analyst" id="11">Vivek Juneja</person>
            </section>
        <section name="Presentation ">
            <statement>
                <speaker id="-1" position="Operator">Operator<text>Today's conference is being recorded. At this time, I would like to turn the conference over to Jennifer Childe, Director of Investor Relations. Please go ahead, ma'am.<sentiment>neutral</sentiment><analysis>Overall sentiment is neutral. 0 sentences are positive (0.00%). 0 sentences are negative (0.00%). 4 sentences are neutral (100.00%). </analysis></text>
                    </speaker>
                </statement>
            <statement>
                <speaker id="1" position="Senior VP &amp; Director of Investor Relations" company="Northern Trust Corporation NasdaqGS:NTRS">Jennifer Childe<text>Thank you, Jenny, and good morning, everyone. Welcome to Northern Trust Corporation's Second Quarter 2023 Earnings Conference Call. Joining me on our call this morning is Michael Grady, our Chairman and CEO; Jason Tyler, our Chief Financial Officer; Lauren Allnutt, our Controller; and Grace Higgins from our Investor Relations team. 
Our second quarter earnings press release and financial trends report are both available on our website at northerntrust.com. Also on our website, you find our quarterly earnings review presentation, which we will use to guide today's conference call. This July 19 call is being webcast live on northerntrust.com. The only authorized rebroadcast of this call is the replay that will be made available on our website through August 19. Northern Trust disclaims any continuing accuracy of the information provided in this call after today. Please refer to our safe harbor statement regarding forward-looking statements on Page 12 of the accompanying presentation, which will apply to our commentary on this call. 
During today's question-and-answer session, please limit your initial query to one question and one related follow-up. This will allow us to move through the queue and enable as many people as possible the opportunity to ask questions as time permits. Thank you again for joining us today. Let me turn the call over to Michael O'Grady.<sentiment>neutral</sentiment><analysis>Overall sentiment is neutral. 1 sentences are positive (6.25%). 0 sentences are negative (0.00%). 15 sentences are neutral (93.75%). </analysis></text>
                    </speaker>
                </statement>
            <statement>
                <speaker id="2" position="Chairman &amp; CEO" company="Northern Trust Corporation NasdaqGS:NTRS">Michael Gerard O’Grady<text>Thank you, Jennifer. Let me join and welcome you to our second quarter 2023 earnings call. Our results for the second quarter reflect solid sequential performance. Trust fees and assets under custody and management increased sequentially, which included positive organic growth in each business. Net interest income was down modestly on a linked-quarter basis, reflecting higher funding costs associated with the highly competitive deposit backdrop. Expenses, excluding unusual items, were well controlled, reflecting the rigor of our cost discipline as well as the impact of various productivity initiatives. We reported $64 million in charges in the second quarter associated with these steps. 
Our Wealth Management business modestly grew assets under custody and management and trust fees on a sequential basis. We continue to see strength in the higher wealth tiers and within our Global Family Office segment, where we captured several marquee wins. 
Our industry leadership position also sit out in the quarter. We held our third annual Northern Trust Wealth Planning Symposium bringing together legal and financial experts to share innovative strategies and insights to shape the future of wealth management. Sessions average more than 1,000 participants. It included attendees from North and South America, Europe, Asia, Africa and the Middle East. We also released the second family office trends report coauthored with the Wharton School. Notably, we received a utility patent for our cloud-based goals-driven wealth management technology during the quarter, and were named Best Digital Innovator of the Year and Best Private Bank for digital wealth planning by the Financial Times Group. 
In Asset Management, we saw strong flows into our institutional money market platform and have recaptured share. We also won a number of key mandates across products, including outsourced investment solutions, tax-advantaged equity and quant active. Our new product launches in the quarter focused on alternatives. Within Asset Servicing, we continue to have good momentum in core custody and fund administration, particularly with asset managers in Europe, and our pipeline remains robust. In the U.K., we were reappointed by Brightwell for middle office services. Brightwell is the primary service provider to the British Telecom pension scheme, which has more than $50 billion in assets under management. Among asset owners, we clinched several key multimillion dollar takeaway wins in North America where our front office solutions, which provides a comprehensive view across public and private assets was cited as a key differentiator. 
As a testament to our capabilities, we are recently awarded 3 prestigious industry awards, including best global custodian for asset owners by Asian investor. In the second quarter, we launched A-Suite, our content, community and collaboration hub for global asset owners. Within the first few weeks of launch, we've seen significant client engagement. 
Going forward, we expect this new communications channel to create relationships with key target audiences and further showcase our expertise in the market. In closing, our balance sheet continues to be very strong with ample capital and liquidity. Our new business momentum is gathering steam, and our pipeline remains robust. 
While there's still more work to be done, we're making solid progress following the trajectory of our expense growth. Rationalizing our cost base remains a top priority, and the governance and control mechanisms we're putting in place today should drive sustainable improvements for both the near term and for years to come. We head into the second half of the year well positioned to support our clients and generate value for all of our stakeholders. 
I'll now turn the call over to Jason.<sentiment>positive</sentiment><analysis>Overall sentiment is positive. 20 sentences are positive (57.14%). 2 sentences are negative (5.71%). 13 sentences are neutral (37.14%). The classified negative sentences are: (1) Net interest income was down modestly on a linked-quarter basis, reflecting higher funding costs associated with the highly competitive deposit backdrop. (2) We reported $64 million in charges in the second quarter associated with these steps. </analysis></text>
                    </speaker>
                </statement>
            <statement>
                <speaker id="0" position="Executive VP &amp; CFO" company="Northern Trust Corporation NasdaqGS:NTRS">Jason Jerrome Tyler<text>Thank you, Mike. And let me join Jennifer and Mike in welcoming you to our second quarter 2023 earnings call. Let's dive into the financial results of the quarter starting on Page 4. This morning, we reported second quarter net income of $332 million, earnings per share of $1.56 and our return on average common equity was 12.4%. Currency movements had an immaterial impact on our revenue and expense growth in both periods. Our second quarter results were impacted by 2 notable items. We recognized a $38.7 million pretax severance charge impacting both our compensation and outside services line items. We recorded a $25.6 million pretax charge associated with the write-off of an investment in a client capability. Notable items from previous periods are listed on the slide. 
Excluding notable items in all periods, revenue was up 1% on a sequential quarter basis and down 1% over the prior year. Expenses were down 1% on a sequential quarter basis and up 5% over the prior year. This reflects an expense to trust fee ratio of 116%, down from 120% in the first quarter and 122% in the fourth quarter of last year. Pretax income was up 13% sequentially but down 9% over the prior year. Trust, investment and other servicing fees, representing the largest component of our revenue, totaled $1.1 billion, which reflected a 3% sequential increase, but a 4% decrease as compared to last year. All other noninterest income was flat sequentially but down 10% over the prior year. Net interest income on an FTE basis, which I'll discuss in more detail in a few moments, is $525 million, down 4% sequentially but up 12% from a year ago. 
We had a $15 million credit reserve release in the second quarter due to improved credit quality on a small number of larger loans, which was offset in part by expectations for higher future economic stress in the commercial real estate market. Turning to our asset servicing results on Page 5. 
Assets under custody and administration for asset servicing clients were $13.5 trillion at quarter end, up 2% sequentially and up 5% year-over-year. Asset servicing fees totaled $621 million, which were up 3% sequentially, but down 3% year-over-year. Custody and fund administration fees, the largest component of fees in the business were $427 million, up 3% sequentially, but down 1% year-over-year. Custody and fund administration fees increased on a linked quarter basis for the second consecutive quarter due to solid new business activity, higher transaction activity and favorable markets. The decrease from the prior year quarter, primarily due to unfavorable markets. 
Assets under management for asset servicing clients were $990 billion, up 14% sequentially and up 4% year-over-year. Investment management fees within asset servicing were $134 million, up 6% sequentially, but down 10% year-over-year. Investment management fees increased sequentially, primarily due to asset inflows and favorable market. They've decreased from the prior year quarter, primarily due to asset outflows and unfavorable markets. 
Moving to our Wealth Management business on Page 6. Assets under management for our wealth management clients were $376 billion at quarter end, up 2% sequentially and up 7% year-over-year. Trust, investment and other servicing fees were $475 million, up 3% sequentially, but down 5% compared to the prior year. Sequentially, the increase in fees in the regions was driven primarily by favorable markets. Sequentially, the increase in GFO fees was driven by net inflows. Relative to the prior year, the decrease in fees in the regions was primarily due to unfavorable markets and product-related asset outflows. Within GFO, the decrease in fees was due largely to unfavorable markets. 
Moving to Page 7 and our balance sheet and NII trends. Our average balance sheet decreased 1% on a linked-quarter basis, primarily due to lower client deposits, partially offset by higher leveraging activity. Earning assets averaged $134 billion in the quarter, down 1% sequentially and down 4% versus the prior year. Money market assets primarily absorbed the decrease. Client liquidity continued to grow during the second quarter. While we saw a decline in average deposits was more than offset by increases in other categories. Relative to the first quarter, our money market funds were up $8 billion or 6% and our CDs were up 29%. Average deposits were $106 billion, down $6.6 billion or 6% sequentially but remained consistent with late April levels. We experienced a $2.6 billion sequential decline in noninterest-bearing deposits, mostly within the institutional channel as clients continue to shift to higher-yielding alternatives. This reduced the mix of noninterest-earning deposits to 17%. 
At quarter end, operational deposits comprised approximately 2/3 of institutional deposits. These tend to be the stickiest deposits as clients use them to operate their businesses. Approximately 3/4 of our average deposits are institutional with the remainder related to wealth clients, including GFO. Shifting to the asset side of the balance sheet. 
Average securities were down 2% sequentially, reflecting the natural runoff, which we've seen to reinvest at the short end of the curve. Our $50 billion investment portfolio consists largely of highly liquid U.S. treasury Agency and sovereign wealth on bonds and it's split approximately evenly between available for sale and held to maturity. The duration of the securities portfolio continued to edge down in the second quarter to 2.1 years. The total balance sheet duration is now less than a year. Loan balances averaged $42 billion and were up 1% sequentially. 
Our loan portfolio is well diversified across geographies, operating segments and loan types. Approximately 75% of the portfolio is floating and the overall duration is less than 1 year. Our liquidity remains strong, with cash held at the Fed and other central banks up 9% to $43 billion. More than 45% of our overall balance sheet is comprised of cash, money market assets and available-for-sale securities. This translates to $73 billion of immediately available liquidity for more than 60% of the total deposit base. Net interest income on an FTE basis was $525 million for the quarter, down 4% sequentially but up 12% from the prior year. 
NII reflected the impact of several dynamics. We saw continued client migration out of deposits and into higher-yielding alternatives, noninterest-bearing deposits as a percentage of total deposits slid to 17%. And deposit costs increase with our interest-bearing deposit beta during the quarter, reaching 88% and our cumulative beta for the cycle at 68%. 
The net interest margin on an FTE basis was 1.57% for the quarter, down 5 basis points sequentially, but up 22 basis points from a year ago. The sequential decline reflects the impact of higher funding costs, partially offset by higher short-term market rates. Our NII in the third quarter will continue to be driven by client behavior, which has been less predictable given the speed and velocity of the cycle's rate hikes. Our average client deposits thus far in the quarter are approximately $106 billion. Deposit outflows are expected to continue in part due to seasonality as August is typically our low point in the year as European activity slows materially. The pace of the outflows is expected to moderate. 
Turning to Page 8. As reported, noninterest expenses were $1.3 billion in the second quarter, 4% higher sequentially and 9% higher than the prior year. Excluding charges in both periods, as noted on the slide, expenses in the second quarter were down 1% sequentially but up 5% year-over-year. I'll hit on just a few highlights. 
Compensation and technology expense continue to be the areas of highest spend. Compensation expense, excluding severance charges, was down 5% sequentially, but up 4% compared to the prior year. It was down sequentially due to the payment of our annual retirement-eligible incentives in the first quarter. This is partially offset by the impact of this year's base pay adjustments, which are granted in the second quarter. The year-over-year growth in compensation expense largely reflects the impact from inflationary wage pressures and last year's employee expansion, partially offset by lower incentives. Excluding charges, noncompensation expense was up 3% sequentially. Primary driver of the increase was growth in the outside services line, which is up 9% sequentially. The increase is largely due to timing as we reported a sequential decline in outside services of 9% in the first quarter due to delays in technical services projects. With our heightened focus on expense control, we expect our operating expenses to grow more modestly and our expense-to-trust fee ratio to show further improvement. 
Turning to Page 9. Our capital ratios remained strong in the quarter and continue to be well above our required regulatory minimums. Our common equity Tier 1 ratio under standardized approach was flat to the prior quarter at 11.3%, despite continued common stock repurchases. This reflects a 430 basis point buffer above regulatory requirements. Our Tier 1 leverage ratio was 7.4%, up slightly from the prior quarter. We returned $257 million to common shareholders in the quarter through cash dividends of $158 million and common stock repurchases of $99 million. And with that, Jenny, please open the line for questions.<sentiment>neutral</sentiment><analysis>Overall sentiment is neutral. 26 sentences are positive (25.00%). 37 sentences are negative (35.58%). 41 sentences are neutral (39.42%). The classified negative sentences are: (1) Our second quarter results were impacted by 2 notable items. (2) 7 million pretax severance charge impacting both our compensation and outside services line items. (3) 6 million pretax charge associated with the write-off of an investment in a client capability. (4) Excluding notable items in all periods, revenue was up 1% on a sequential quarter basis and down 1% over the prior year. (5) Expenses were down 1% on a sequential quarter basis and up 5% over the prior year. (6) This reflects an expense to trust fee ratio of 116%, down from 120% in the first quarter and 122% in the fourth quarter of last year. (7) Pretax income was up 13% sequentially but down 9% over the prior year. (8) 1 billion, which reflected a 3% sequential increase, but a 4% decrease as compared to last year. (9) All other noninterest income was flat sequentially but down 10% over the prior year. (10) Net interest income on an FTE basis, which I'll discuss in more detail in a few moments, is $525 million, down 4% sequentially but up 12% from a year ago. (11) Asset servicing fees totaled $621 million, which were up 3% sequentially, but down 3% year-over-year. (12) Custody and fund administration fees, the largest component of fees in the business were $427 million, up 3% sequentially, but down 1% year-over-year. (13) The decrease from the prior year quarter, primarily due to unfavorable markets. (14) Investment management fees within asset servicing were $134 million, up 6% sequentially, but down 10% year-over-year. (15) They've decreased from the prior year quarter, primarily due to asset outflows and unfavorable markets. (16) Trust, investment and other servicing fees were $475 million, up 3% sequentially, but down 5% compared to the prior year. (17) Relative to the prior year, the decrease in fees in the regions was primarily due to unfavorable markets and product-related asset outflows. (18) Within GFO, the decrease in fees was due largely to unfavorable markets. (19) Our average balance sheet decreased 1% on a linked-quarter basis, primarily due to lower client deposits, partially offset by higher leveraging activity. (20) Earning assets averaged $134 billion in the quarter, down 1% sequentially and down 4% versus the prior year. (21) Average deposits were $106 billion, down $6. (22) 6 billion or 6% sequentially but remained consistent with late April levels. (23) 6 billion sequential decline in noninterest-bearing deposits, mostly within the institutional channel as clients continue to shift to higher-yielding alternatives. (24) This reduced the mix of noninterest-earning deposits to 17%. (25) Average securities were down 2% sequentially, reflecting the natural runoff, which we've seen to reinvest at the short end of the curve. (26) The duration of the securities portfolio continued to edge down in the second quarter to 2. (27) Net interest income on an FTE basis was $525 million for the quarter, down 4% sequentially but up 12% from the prior year. (28) We saw continued client migration out of deposits and into higher-yielding alternatives, noninterest-bearing deposits as a percentage of total deposits slid to 17%. (29) 57% for the quarter, down 5 basis points sequentially, but up 22 basis points from a year ago. (30) The sequential decline reflects the impact of higher funding costs, partially offset by higher short-term market rates. (31) Our NII in the third quarter will continue to be driven by client behavior, which has been less predictable given the speed and velocity of the cycle's rate hikes. (32) Deposit outflows are expected to continue in part due to seasonality as August is typically our low point in the year as European activity slows materially. (33) Excluding charges in both periods, as noted on the slide, expenses in the second quarter were down 1% sequentially but up 5% year-over-year. (34) Compensation expense, excluding severance charges, was down 5% sequentially, but up 4% compared to the prior year. (35) It was down sequentially due to the payment of our annual retirement-eligible incentives in the first quarter. (36) The increase is largely due to timing as we reported a sequential decline in outside services of 9% in the first quarter due to delays in technical services projects. (37) Our common equity Tier 1 ratio under standardized approach was flat to the prior quarter at 11. </analysis></text>
                    </speaker>
                </statement>
            </section>
        <section name="Question and Answer">
            <transition>
                <speaker id="-1" position="Operator">Operator<text>[Operator Instructions] And I do have a question from Steven Chubak with Wolfe Research.<sentiment>neutral</sentiment><pos>0.061</pos><neg>0.028</neg><neutr>0.911</neutr></text>
                    </speaker>
                </transition>
            <question id="0">
                <speaker id="8" company="Wolfe Research, LLC">Hang Leung<text>This is actually Sharon Leung calling in for Steven. Just a question on deposit betas. They came in a little bit better than expected this quarter. Can you help us understand how to think about the incremental betas from here?<sentiment>neutral</sentiment><pos>0.1055</pos><neg>0.0192</neg><neutr>0.8753</neutr><emotion>curiosity</emotion></text>
                    </speaker>
                </question>
            <answer id="0">
                <speaker id="0" position="Executive VP &amp; CFO" company="Northern Trust Corporation NasdaqGS:NTRS">Jason Jerrome Tyler<text>Sure. So betas have continued to increase. And from here, I think we still have to separate the institutional client base health client base. we noted that we're cumulatively across the platform within this quarter in the high 80% range. The institutional channel is likely going to be at 100% at this point. The wealth channel still provides some benefit. There's -- the betas there are a lot lower. But at this point, we're seeing about 100% in the institutional channel and still much less than that and well. And that seems to those -- both of those trends seem to be continuing as what we've seen early signs in the quarter.<sentiment>positive</sentiment><pos>0.4251</pos><neg>0.2852</neg><neutr>0.2897</neutr><emotion>confidence</emotion></text>
                    </speaker>
                </answer>
            <followQuestion id="0" question_id="0">
                <speaker id="8" company="Wolfe Research, LLC">Hang Leung<text>Great. And then as a follow-up, noted you're at about 17% noninterest-bearing deposits today. I think you had trough closer to about 15% in the '04, '06 cycle. Can you help us think through where that potentially goes from here? And once that starts to normalize where you see NII exiting the year?<sentiment>neutral</sentiment><pos>0.152</pos><neg>0.0247</neg><neutr>0.8233</neutr><emotion>curiosity</emotion></text>
                    </speaker>
                </followQuestion>
            <followAnswer id="0" question_id="0">
                <speaker id="0" position="Executive VP &amp; CFO" company="Northern Trust Corporation NasdaqGS:NTRS">Jason Jerrome Tyler<text>Sure. Well, like you, we've looked back a lot at where it's troughed. And the data we have showed it a little higher than the 15%. You mentioned, I think it's 16%. But I don't think about that as a floor. There's nothing structural in the base to consider that a floor. Now that said, it has been moderating significantly. And we don't see -- we haven't seen much movement at this point. Obviously, there's a step down this quarter of another percentage point, but it seems to be leveling off at this point.<sentiment>negative</sentiment><pos>0.1534</pos><neg>0.6276</neg><neutr>0.2191</neutr><emotion>frustration, skepticism</emotion></text>
                    </speaker>
                </followAnswer>
            <transition>
                <speaker id="-1" position="Operator">Operator<text>Next question comes from Alex Blostein from Goldman Sachs.<sentiment>neutral</sentiment><pos>0.0295</pos><neg>0.0542</neg><neutr>0.9164</neutr></text>
                    </speaker>
                </transition>
            <question id="1">
                <speaker id="3" company="Goldman Sachs Group, Inc.">Alexander Blostein<text>So a couple of questions around expense trends. I guess, one, a little bit more near term. You guys announced some action, obviously, over the course of the quarter, there's a severance charge. So maybe help us quantify what it means in terms of savings and your just updated views on the overall sort of firm-wide expense growth for the year, I guess excluding the charges occurred in the second quarter. I think last time you talked about bringing that down to below 7%, but maybe an update there would be helpful. And then a bigger picture question. You guys are running at a kind of high 20-ish percent pretax margin that used to be north of 30%. So as you kind of think about the fee environment getting a little bit better with the market, but NII has clearly peaked, as we talked about before, is there an opportunity to get back to that 30% plus? And how do you see sort of achieving that, if that's the goal? And what's the time frame around that?<sentiment>neutral</sentiment><pos>0.1478</pos><neg>0.042</neg><neutr>0.8103</neutr><emotion>curiosity</emotion></text>
                    </speaker>
                </question>
            <answer id="1">
                <speaker id="0" position="Executive VP &amp; CFO" company="Northern Trust Corporation NasdaqGS:NTRS">Jason Jerrome Tyler<text>Sure. So let me tackle the expense. The compensation related first. First, I'm sure people are curious, where is the base from here. So let me just provide some background on kind of first quarter to second quarter, second quarter to third quarter. I think from here, we'd say flat to down from second quarter ex the severance charge in the compensation line. So if I go back to last quarter, we explained that the significant movements for second quarter would be the $40 million seasonal decline in equity awards and then the $20 million increase in the base pay coming online. That would have put comp at about $575 million for the quarter. And obviously, ex the charge, we ended up about $8 million better than that, including currency. 
So 2 factors led to that. First, we pulled a lot of levers in the quarter to flatten compensation, including accelerating and close to completing the actions that we launched in fourth quarter of last year. So in January, we communicated that the projected reduction by late '23 would be about 300 roles. And about $5 million to $7 million in quarterly comp benefit net of reinvestments. So we got a portion of that work done in the first quarter, and we mostly finished it in second quarter, and that was a big part of the reason it put us ahead of schedule. Second, as we saw the timing of that first program, accelerating and coming to completion, we launched a new effort during the second quarter, specifically related to what you referenced, Alex, and the severance charge that we announced this morning. 
We've already gotten some benefit of that within the quarter, and that's reflected in the results. So overall, this new program, to your question, should impact about an incremental 600 roles many of that will be backfilled based on a lens of skills or geography, but same goal, we should be able to get $5 million to $7 million a quarter in run rate savings and a portion of that got embedded in the second quarter. So we've got to remember that we did pull the lever hard this quarter, so there's some hiring that's in the queue, but we also pushed a fair amount back. And so that's why with various puts and starts, it's good to think about a flat to down from the comp levels you see in second quarter ex charges going into third quarter. So that's hopefully helpful background there. 
To get to your questions on -- for the rest of the year, where do we see expenses -- at a high level, we've taken about a point out of the curve for the year based on the trajectory that we're on. If you take out -- to your point, if you take out the notable items, this year on each quarter has been under 6%, and we think we've taken that point out of the curve at this point and that should continue through the rest of the year. 
To margins, you're right that we -- we've been in the 30s and had -- and now in the 20s, our target has us one of our key performance indicators is for us to be in the 30s. And no way have we lost sight on that. That is where we're trying to get. That gets impacted largely by what's going to happen in our minds, we can control the expense side. And obviously, we're doing a lot of work there. And we're also getting good benefit because we saw good organic growth in the quarter. And so both levers are working in the right way, but we have definitely not changed our target of being in the 30s from a margin perspective.<sentiment>neutral</sentiment><pos>0.2845</pos><neg>0.1599</neg><neutr>0.5556</neutr><emotion>optimism</emotion></text>
                    </speaker>
                </answer>
            <followQuestion id="0" question_id="1">
                <speaker id="3" company="Goldman Sachs Group, Inc.">Alexander Blostein<text>Got it. Super comprehensive. Just a quick follow-up around deposits. So good news, you guys were kind of in line with what you updated us on around $105 billion. sounds like deposits are fairly stable. I think you said $106 billion right now with a kind of similar noninterest-bearing mix as we saw over the course of the quarter. Can you help just frame the seasonal deposit outflows and any other kind of client conversations you're hearing that could give us a sense where deposits could ultimately trough in the cycle. It sounds like there's a little bit more to go, but just curious to hear what the endpoint might be?<sentiment>neutral</sentiment><pos>0.1216</pos><neg>0.0732</neg><neutr>0.8052</neutr><emotion>curiosity</emotion></text>
                    </speaker>
                </followQuestion>
            <followAnswer id="0" question_id="1">
                <speaker id="0" position="Executive VP &amp; CFO" company="Northern Trust Corporation NasdaqGS:NTRS">Jason Jerrome Tyler<text>Yes, you heard right. It's held in quite well so far in July. And we didn't -- June, you see the end of the quarter and there's a spike there. But in general, June and July have been at about this level and have been holding in well. Our client activity is good. We've taken action here to make sure we're talking to clients aggressively and telling them we want to continue providing good liquidity services for them, whether it's lending or holding on to their deposits. But we've got -- we talked last quarter about the fact that we think about liquidity broadly. It's about client liquidity. And it was good to see money market funds up this quarter. That adds to margins really well, too. And even as we think about what clients are holding in brokerage. And so all of the client liquidity seems to be holding in well. 
On the seasonality dynamic, August is a low point but it's not -- it doesn't go dramatically, we've looked back several years. And so we're feeling that deposits at these levels seems to be holding in okay. So I can even give a little bit of thought from our perspective at this point, based on our outlook, I think it's prudent to think about another decline, even though deposits are holding in pretty well, but we see the competition. And so I think it's prudent to think about another NII decline of about 5% for the quarter. Again, June and July volumes have held in at about $100 billion to $110 billion, but we just have to be conscious of the competitive environment and what the summer tends to hold in terms of volume pressure.<sentiment>negative</sentiment><pos>0.279</pos><neg>0.5023</neg><neutr>0.2187</neutr><emotion>skepticism</emotion></text>
                    </speaker>
                </followAnswer>
            <transition>
                <speaker id="-1" position="Operator">Operator<text>Our next question is going to come from Brian Bedell from Deutsche Bank.<sentiment>neutral</sentiment><pos>0.0386</pos><neg>0.0274</neg><neutr>0.9339</neutr></text>
                    </speaker>
                </transition>
            <question id="2">
                <speaker id="5" company="Deutsche Bank AG">Brian Bertram Bedell<text>Maybe just to go back to expenses. I appreciate the color you gave, Jason. Normally start to talk about the seasonal lift that you typically get in the second half in things like equipment and software and outside services. I wonder if you want to comment on any projection there?<sentiment>neutral</sentiment><pos>0.0682</pos><neg>0.0463</neg><neutr>0.8856</neutr><emotion>neutral</emotion></text>
                    </speaker>
                </question>
            <answer id="2">
                <speaker id="0" position="Executive VP &amp; CFO" company="Northern Trust Corporation NasdaqGS:NTRS">Jason Jerrome Tyler<text>Sure. Well, it's good to call it out. I think in equipment and software, in particular, we were better than what we thought we were going to be, but that was really 2 factors led to that. One, we did have some delays in projects coming from WIP into being depreciated. Those will come online, so that's more timing. And then secondly, we've been working very aggressively as far as the productivity office to just negotiate on and then try and push inflation down, and we had some good results there, bringing costs down. And so from here, we think third quarter up $5 million to $10 million in that line item. Fourth quarter, we can even tell because some of it's baked an additional $5 million to $10 million lift from that perspective and outside services, not no update to make there.<sentiment>positive</sentiment><pos>0.7246</pos><neg>0.0994</neg><neutr>0.1759</neutr><emotion>confidence, excitement, optimism, positive surprise</emotion></text>
                    </speaker>
                </answer>
            <followQuestion id="0" question_id="2">
                <speaker id="5" company="Deutsche Bank AG">Brian Bertram Bedell<text>Okay. Great. And then, Mike, you started off the call talking about the new business wins in asset servicing and wealth management. I guess how should we think about that contributing to organic revenue growth? Maybe just broadly, if we're in a, say, a flat -- flattish market situation, would you expect this to have a positive impact in the next couple of quarters and going to '24 on revenue?<sentiment>neutral</sentiment><pos>0.3174</pos><neg>0.0211</neg><neutr>0.6615</neutr><emotion>confidence, optimism</emotion></text>
                    </speaker>
                </followQuestion>
            <followAnswer id="0" question_id="2">
                <speaker id="2" position="Chairman &amp; CEO" company="Northern Trust Corporation NasdaqGS:NTRS">Michael Gerard O’Grady<text>Yes, Brian. So the answer is yes. And to your point, we only consider it organic growth once it's transitioned and in. And yet we know the pipeline of business or mandates that we've won that have not transitioned in yet. And in each of the businesses, it's a little bit different. There's more of a, I'll call it, forward pipeline with asset servicing, but the pipeline looks very good based on recent activity that I mentioned there. Within Wealth Management, there's not as much of a forward pipeline, if you will. But similarly there, I would say very steady, steady activity. And as much as anything with wealth management, keeping in mind that this -- I'll say, company, but also that business has been built on doing what's right for the client. And sometimes, that results in different financial implications for the company, but over time is best for the company and the shareholders. And my point being the discussion around deposits and money market funds and treasuries and managing things like that. They all have different implications for us, but the client activity has been very good. 
And we're, I would say, optimistic about how some of the shifts with rates will have implications on where those funds get redeployed. So again, positive on the wealth management front in a steady fashion. And then Asset Management, as Jason mentioned, we've seen strong flows into the money market platform there. but that also in some other areas as well. And likewise, I like to see those get redeployed in other ways over time. So good across the board.<sentiment>neutral</sentiment><pos>0.3005</pos><neg>0.0255</neg><neutr>0.674</neutr><emotion>confidence, optimism</emotion></text>
                    </speaker>
                </followAnswer>
            <followQuestion id="1" question_id="2">
                <speaker id="5" company="Deutsche Bank AG">Brian Bertram Bedell<text>Is it fair to say that revenue growth on the fee side is definitely better than the NII side for the organic growth equation at least now.<sentiment>positive</sentiment><pos>0.9309</pos><neg>0.0118</neg><neutr>0.0573</neutr><emotion>confidence, excitement, optimism, positive surprise</emotion></text>
                    </speaker>
                </followQuestion>
            <followAnswer id="1" question_id="2">
                <speaker id="2" position="Chairman &amp; CEO" company="Northern Trust Corporation NasdaqGS:NTRS">Michael Gerard O’Grady<text>Yes. No, that's right, Brian. And I view it as you're kind of implying there. On the fee side, it tends to kind of grind up more gradually subject to the markets. and NII can be more volatile. And the only other area I would just highlight is around our capital markets activity, FX and brokerage and trading there, which has been relatively subdued during this time period with lower volatilities, lower activity, which that can also change and that has different implications to just meaning those can be more profitable.<sentiment>neutral</sentiment><pos>0.0877</pos><neg>0.1293</neg><neutr>0.783</neutr><emotion>frustration, concern, confusion, doubtful, negative surprise, curiosity, skepticism</emotion></text>
                    </speaker>
                </followAnswer>
            <transition>
                <speaker id="-1" position="Operator">Operator<text>And Robert [ Bradchao ] from Wells Fargo. 
Unknown Analyst 
I guess the first question is on fee growth kind of more broadly. You sort of indicated that you're the 5% expense growth rate. Does that go down? But do the fees -- where do you see fees growing to get up to that expense level so that you could grow fees faster than expenses?<sentiment>neutral</sentiment><pos>0.0753</pos><neg>0.0568</neg><neutr>0.8678</neutr></text>
                    </speaker>
                </transition>
            <other id="3">
                <speaker id="0" position="Executive VP &amp; CFO" company="Northern Trust Corporation NasdaqGS:NTRS">Jason Jerrome Tyler<text>Well, I mean, in the short run, I think we're still -- I don't think we're still absorbing an inflationary environment from an expense perspective. And so would like to be able to do better even than what we're doing right now in the long run from an expense growth perspective. 
On the revenue side, as you know, the lift -- the financial model enables us to have lift from 2 different areas. One is the market left, and that's tended to provide low single-digit growth rates, but it's a very strong component of the financial model. And then secondly, the organic growth. And if we can have low single-digit growth in wealth management organically and then mid-single-digit growth in asset servicing, that provides a good model for us to get well above the expense rates that we think we can lead to in the long run and provide good operating leverage. 
Unknown Analyst 
Okay. And if I could follow up on wealth. You've improved growth there as well. Are there any differences in the competitive dynamic among the top end and the low end? Are you having more success you're having more success in Global Family Office. I guess can you talk about the funnel, new clients sort of in the middle tier and what you're doing to grow that?<sentiment>neutral</sentiment><pos>0.4243</pos><neg>0.0128</neg><neutr>0.5629</neutr><emotion>optimism</emotion></text>
                    </speaker>
                </other>
            <other id="0" question_id="2">
                <speaker id="0" position="Executive VP &amp; CFO" company="Northern Trust Corporation NasdaqGS:NTRS">Jason Jerrome Tyler<text>Yes. It's interesting. It's actually not just the family office the very top end of wealth advisory and those clients can be similar size. They just happen to not have a family office and are leaning more toward us for wealth advice as opposed to the broader set of more operational and reporting services that the Global Family Office provides, we are doing better at the top end. And looking at the new business that came on board and at the pipeline, the accounts above $20 million, just that was where there was more velocity. And that's been consistent for a while on that business. And so there is something to that dynamic, we seem to be doing better at the top end. That's where a disproportionate percentage of the growth has come from.<sentiment>neutral</sentiment><pos>0.3272</pos><neg>0.0213</neg><neutr>0.6516</neutr><emotion>confidence, optimism, curiosity</emotion></text>
                    </speaker>
                </other>
            <transition>
                <speaker id="-1" position="Operator">Operator<text>Our next question is going to come from Brennan Hawken from UBS.<sentiment>neutral</sentiment><pos>0.036</pos><neg>0.0323</neg><neutr>0.9317</neutr></text>
                    </speaker>
                </transition>
            <question id="3">
                <speaker id="4" company="UBS Investment Bank">Brennan Hawken<text>Just a quick clarification point. Jason, you referenced a point of expense benefit. Is it right to interpret that as coming off of your prior 7% or better expectation or was that meant in a different way?<sentiment>neutral</sentiment><pos>0.0571</pos><neg>0.1009</neg><neutr>0.842</neutr><emotion>neutral</emotion></text>
                    </speaker>
                </question>
            <answer id="3">
                <speaker id="0" position="Executive VP &amp; CFO" company="Northern Trust Corporation NasdaqGS:NTRS">Jason Jerrome Tyler<text>It is correct to interpret that as saying we don't see at this point. We've said 7% or better. And at this point, we should be doing 6% or better. We've done that first half, and we see a path to that in the second half as well.<sentiment>positive</sentiment><pos>0.6417</pos><neg>0.0287</neg><neutr>0.3296</neutr><emotion>confidence, excitement, optimism, positive surprise</emotion></text>
                    </speaker>
                </answer>
            <followQuestion id="0" question_id="3">
                <speaker id="4" company="UBS Investment Bank">Brennan Hawken<text>Perfect. And then -- sure -- you guys had a write-off of a client capability. I don't remember seeing that in the past, just a little confusing to me. So maybe if you can help me understand it. When did you build that capability and then what happened that caused you to write it off?<sentiment>neutral</sentiment><pos>0.0501</pos><neg>0.3766</neg><neutr>0.5733</neutr><emotion>frustration, concern</emotion></text>
                    </speaker>
                </followQuestion>
            <followAnswer id="0" question_id="3">
                <speaker id="0" position="Executive VP &amp; CFO" company="Northern Trust Corporation NasdaqGS:NTRS">Jason Jerrome Tyler<text>Yes, I can give you some thoughts on it. Just from a timing perspective, it's been in the works for many quarters. But one of the pillars of the productivity office is to look at what we refer to as internal investments to ensure that they're on track to meet our hurdle rates or returns and margins. The charge was a project to build out a new client capability in asset servicing, specifically in the asset owners channel. So after working and eventually discussing with different stakeholders, we didn't reach commercial agreement on terms that would meet our hurdles. And so we halted the project. I think it's importantly, I'd presume you'd ask, are there others like this in inventory, absolutely not. We don't -- this is a large project endeavor that we've been working on and didn't reach resolution that got to our hurdle rates and so stop the project.<sentiment>neutral</sentiment><pos>0.0738</pos><neg>0.1653</neg><neutr>0.7608</neutr><emotion>frustration, concern</emotion></text>
                    </speaker>
                </followAnswer>
            <followQuestion id="1" question_id="3">
                <speaker id="4" company="UBS Investment Bank">Brennan Hawken<text>Okay. Did something happen in the sort of like revenue opportunity that diminished it versus where you planned? Because I'm sure you guys went through the process before you broke ground, so to speak, at least metaphorically. Or was it that it was really pricey turned out to be more expensive to build. Was it the expense side that hurt the outlook versus plan? Or was it the revenue opportunity?<sentiment>neutral</sentiment><pos>0.0682</pos><neg>0.4617</neg><neutr>0.47</neutr><emotion>frustration, concern, doubtful, skepticism</emotion></text>
                    </speaker>
                </followQuestion>
            <followAnswer id="1" question_id="3">
                <speaker id="0" position="Executive VP &amp; CFO" company="Northern Trust Corporation NasdaqGS:NTRS">Jason Jerrome Tyler<text>Yes. Well, it was more costly to build than we thought, and the revenue dynamics were not at that point, going to get to our hurdle rate. And this -- it really is reflective of us taking an extremely disciplined approach on items like this where we're not going to devote resources to areas where we're not going to achieve our hurdle rate. And so well before we talked about this, even internally, one of the pillars that we talked about for the productivity office was looking at our internal investments. And this fits squarely in one of those areas. We define that as areas where we're allocating resources, whether it's capital or expense dollars, and we're not at our hurdle rate. And so this is one where we were disciplined in saying we're going to stop now, halt it and not make -- not invest more into this.<sentiment>neutral</sentiment><pos>0.0644</pos><neg>0.0501</neg><neutr>0.8855</neutr><emotion>frustration, concern</emotion></text>
                    </speaker>
                </followAnswer>
            <followQuestion id="2" question_id="3">
                <speaker id="4" company="UBS Investment Bank">Brennan Hawken<text>Jason, it's actually a lot more encouraging than that I interpreted it on paper.<sentiment>neutral</sentiment><pos>0.1934</pos><neg>0.0249</neg><neutr>0.7817</neutr><emotion>curiosity</emotion></text>
                    </speaker>
                </followQuestion>
            <followAnswer id="2" question_id="3">
                <speaker id="0" position="Executive VP &amp; CFO" company="Northern Trust Corporation NasdaqGS:NTRS">Jason Jerrome Tyler<text>No, thanks for asking. It probably is help for you to clarify. It's helpful to other. So thank you.<sentiment>neutral</sentiment><pos>0.2031</pos><neg>0.0116</neg><neutr>0.7853</neutr><emotion>curiosity</emotion></text>
                    </speaker>
                </followAnswer>
            <answer id="3">
                <speaker id="10" company="Autonomous Research US LP">Robert Henry Wildhack<text>Just a bigger picture question on expenses. Where do you want or what's your target, I guess, for that expense-to-trust ratio over the long run? And then what are the sort of necessary ingredients to get there?<sentiment>neutral</sentiment><pos>0.0467</pos><neg>0.0266</neg><neutr>0.9267</neutr><emotion>doubtful, curiosity, skepticism</emotion></text>
                    </speaker>
                </answer>
            <answer id="3">
                <speaker id="0" position="Executive VP &amp; CFO" company="Northern Trust Corporation NasdaqGS:NTRS">Jason Jerrome Tyler<text>Yes. If we can be in the 110% to 110% range, then that's 105% to 110%, then we feel like we're in good shape to do well. And we're grinding to get down there. We got down there before. We've been well above it. We got down into that range, in fact, even slightly below it for a quarter or 2. And now all the factors we've talked about, higher inflation, markets coming down, and the effects of NII going up not helping that metric, we're outside that range, but it is an important part of our financial model to be in that range. And so we're -- it's the first thing I look at is where are we. And it's good to see us getting back toward the number that we -- the range that we've articulated. It's another one of the key performance indicators that we talk about internally.<sentiment>neutral</sentiment><pos>0.3222</pos><neg>0.1059</neg><neutr>0.5718</neutr><emotion>optimism</emotion></text>
                    </speaker>
                </answer>
            <answer id="3">
                <speaker id="10" company="Autonomous Research US LP">Robert Henry Wildhack<text>Got it. And just one follow-up on the positive organic growth commentary this morning. If you saw a big acceleration in organic growth or a sustained period of strong organic growth, multiple quarters even several years. How do you think that would impact expense growth, if at all?<sentiment>neutral</sentiment><pos>0.0671</pos><neg>0.0339</neg><neutr>0.899</neutr><emotion>confidence, optimism, skepticism</emotion></text>
                    </speaker>
                </answer>
            <answer id="3">
                <speaker id="2" position="Chairman &amp; CEO" company="Northern Trust Corporation NasdaqGS:NTRS">Michael Gerard O’Grady<text>Yes. So Rob, your 2 questions relate to each other, which is the primary way that we can drive that ratio to the range that Jason talked about is through organic growth on the fee side and then controlling organic expenses, all right? And to your point, if you have higher organic growth, that is going to require more resources. And to the extent that you don't achieve that, then you have to make sure that you're reducing the organic growth on the expense side to get there. But those are the 2 areas that we control the most. And then you say, okay, but beyond that, as Jason mentioned, on the fee side, it's going to have the impact of markets and sometimes currency. And on the expense side, you're going to have the impact from inflation and to some extent, currency. And so try to focus on what you can control the most, which are those 2 items, organic growth on fees and organic growth on expenses to ultimately drive it to the target range.<sentiment>neutral</sentiment><pos>0.0951</pos><neg>0.0209</neg><neutr>0.8839</neutr><emotion>confidence, optimism, doubtful, curiosity, skepticism</emotion></text>
                    </speaker>
                </answer>
            <transition>
                <speaker id="-1" position="Operator">Operator<text>And Betsy Graseck from Morgan Stanley is next.<sentiment>neutral</sentiment><pos>0.0331</pos><neg>0.0299</neg><neutr>0.937</neutr></text>
                    </speaker>
                </transition>
            <question id="4">
                <speaker id="6" company="Morgan Stanley">Connell J. Schmitz<text>This is actually Connell Schmitz filling in for Betsy. So just 1 question, a little bit nuanced on the credit portfolio. It seems like a little bit of an outlier. I know it's small, but on the reserve release, it seems like an outlier that there's an improved outlook on your CRE book. Can you just explain what's going on there and where you see this line item from here?<sentiment>neutral</sentiment><pos>0.1245</pos><neg>0.028</neg><neutr>0.8475</neutr><emotion>curiosity</emotion></text>
                    </speaker>
                </question>
            <answer id="4">
                <speaker id="0" position="Executive VP &amp; CFO" company="Northern Trust Corporation NasdaqGS:NTRS">Jason Jerrome Tyler<text>Yes. So actually, the -- just to clarify, there was the release, the release as a result of some improvements in a small number of borrowers in that book. But that more than offset an actually worsening outlook that we have overall for CRE. And so -- and it's not dramatic, but the -- our outlook on that portion of the book actually would have caused an increase in the reserve.<sentiment>positive</sentiment><pos>0.5181</pos><neg>0.4157</neg><neutr>0.0662</neutr><emotion>confidence, optimism, curiosity</emotion></text>
                    </speaker>
                </answer>
            <followQuestion id="0" question_id="4">
                <speaker id="6" company="Morgan Stanley">Connell J. Schmitz<text>Got it. Okay. That makes more sense. I guess one other question on the investment portfolio. You mentioned the duration still sub 1 year and you're mostly in cash. At what point just given the context of potential future rate hikes, where do you see like this duration heading in the coming months? And how are you planning to mix shift this book in that context to protect NII? Yes.<sentiment>neutral</sentiment><pos>0.0602</pos><neg>0.023</neg><neutr>0.9167</neutr><emotion>confidence, optimism, doubtful, curiosity, skepticism</emotion></text>
                    </speaker>
                </followQuestion>
            <followAnswer id="0" question_id="4">
                <speaker id="0" position="Executive VP &amp; CFO" company="Northern Trust Corporation NasdaqGS:NTRS">Jason Jerrome Tyler<text>Yes, absolutely. So the duration of the securities book is it to one, the duration of the balance sheet is just under 1%. And you're absolutely right to call out that this is -- it is an interesting time in what we think was the evolution of the of the yield curve. And so we've been allowing the maturity of securities to go -- to become more liquid as we reinvest them, that's brought down duration at this point with the yield curve, we are talking about where to go from here. That's not indicating it's going to go up. But it's not on a -- at this point, we are thinking about where is the yield curve, where is it going? And how does that influence what we want to do as the large securities book continues to mature and provide opportunity for reinvestment.<sentiment>neutral</sentiment><pos>0.082</pos><neg>0.0364</neg><neutr>0.8816</neutr><emotion>confidence, optimism, curiosity</emotion></text>
                    </speaker>
                </followAnswer>
            <followQuestion id="1" question_id="4">
                <speaker id="6" company="Morgan Stanley">Connell J. Schmitz<text>Okay. And then I guess one follow-up on that same topic. How should we think about earning asset growth in the context of deposit outflows potentially should those flow out on a one-to-one basis? Or will you maintain certain balance sheet size or...<sentiment>neutral</sentiment><pos>0.0869</pos><neg>0.0137</neg><neutr>0.8994</neutr><emotion>confidence, optimism</emotion></text>
                    </speaker>
                </followQuestion>
            <followAnswer id="1" question_id="4">
                <speaker id="0" position="Executive VP &amp; CFO" company="Northern Trust Corporation NasdaqGS:NTRS">Jason Jerrome Tyler<text>Yes. Our -- as deposits come down, the securities can act as obviously, the funding mechanisms for it. It doesn't -- that doesn't move very quickly. And so the deposit size is always going to influence the earning asset size. And -- so what we have to then think about the constraining factor at that point becomes what does leverage look like. And we've got a lot of room from a leverage perspective. And so that's what sometimes will lead us to think about discretionary leveraging just to make sure that we're not missing opportunities to pick up some NII even if it's a very thin NIM based on where the size of the balance sheet is because it doesn't flex super quickly.<sentiment>neutral</sentiment><pos>0.0534</pos><neg>0.0448</neg><neutr>0.9018</neutr><emotion>confidence, excitement, optimism, positive surprise, negative surprise</emotion></text>
                    </speaker>
                </followAnswer>
            <transition>
                <speaker id="-1" position="Operator">Operator<text>And our next question is going to come from Mike Brown from KBW.<sentiment>neutral</sentiment><pos>0.0522</pos><neg>0.0251</neg><neutr>0.9227</neutr></text>
                    </speaker>
                </transition>
            <question id="5">
                <speaker id="9" company="Keefe, Bruyette, &amp; Woods, Inc.">Michael C. Brown<text>Maybe just actually following up on that question there. We noticed that the complexion of your balance sheet has been shifting on the funding side, naturally, and that makes sense. But your deposits, they declined by 6%, but we saw that the higher cost Fed fund purchased balance actually jumped meaningfully quarter-over-quarter has been growing this year. I guess, why not just let the balance sheet decline more? Like what's kind of going on there in terms of the mix? And how could that progress from here should -- if the deposits continue to trend down. As you talked about, will that balance -- the Fed funds purchase balance continue to grow as an offset to fund the assets.<sentiment>negative</sentiment><pos>0.324</pos><neg>0.3785</neg><neutr>0.2974</neutr><emotion>skepticism</emotion></text>
                    </speaker>
                </question>
            <answer id="5">
                <speaker id="0" position="Executive VP &amp; CFO" company="Northern Trust Corporation NasdaqGS:NTRS">Jason Jerrome Tyler<text>Yes. And part of it is in this -- the deposits have just been so volatile and so you don't want to commit to significant movement in shrinking the balance sheet. And we want to be there for our clients. We've got plenty of capital. We've got plenty of room for a leverage perspective. And so just not anxious to quickly do any significant moves. And so to that extent, as deposits come down, you have the opportunity to then say, maybe we want to use some discretionary leveraging, again, we printed a 7.4% Tier 1 leverage, which is -- leaves you a lot of room. And so if we hadn't done leveraging that incremental leveraging would be even higher in the 7s. And at a point, you just have to say it just prudent to make sure you're taking advantage of the opportunities that exist. So.<sentiment>neutral</sentiment><pos>0.2514</pos><neg>0.0397</neg><neutr>0.7089</neutr><emotion>curiosity</emotion></text>
                    </speaker>
                </answer>
            <followQuestion id="0" question_id="5">
                <speaker id="9" company="Keefe, Bruyette, &amp; Woods, Inc.">Michael C. Brown<text>Okay. Great. And then I guess maybe just following up on that point there on the capital side. You guys increased the share buyback or you bought back about $100 million or so of stock this quarter. Any expectation on how that could progress from here? What should we think about in terms of your capital return.<sentiment>neutral</sentiment><pos>0.1194</pos><neg>0.0147</neg><neutr>0.8658</neutr><emotion>curiosity</emotion></text>
                    </speaker>
                </followQuestion>
            <followAnswer id="0" question_id="5">
                <speaker id="0" position="Executive VP &amp; CFO" company="Northern Trust Corporation NasdaqGS:NTRS">Jason Jerrome Tyler<text>Sure. Well -- sorry, yes, the overall theme of what you saw in this quarter makes sense in the near term, where you'd see us be in the market for share repurchase. The thing that worked against us, the AOCI actually worked slightly against us this quarter. Usually, in a neutral rate environment, the pull to par will give us some lift there. But it did in this quarter, that's fine. But even so, the $100 million we did is about what -- it's kind of -- that's the model we're thinking about. In the short run, big caveat is that the FDIC special assessment coming online, presumably in third quarter, that would be a similar dollar amount as what we did from a repurchase perspective this quarter. And so you could see us saying hold off for a quarter, get that payment done and then get back to your game plan.<sentiment>neutral</sentiment><pos>0.1493</pos><neg>0.0235</neg><neutr>0.8272</neutr><emotion>curiosity</emotion></text>
                    </speaker>
                </followAnswer>
            <transition>
                <speaker id="-1" position="Operator">Operator<text>Next question comes from Gerard Cassidy from RBC.<sentiment>neutral</sentiment><pos>0.0291</pos><neg>0.0591</neg><neutr>0.9118</neutr></text>
                    </speaker>
                </transition>
            <question id="6">
                <speaker id="7" company="RBC Capital Markets">Gerard Sean Cassidy<text>Jason, can you share with us -- I think you gave us the cumulative beta through the cycle of 68% and then the incremental beta, of course, is higher. And I think you touched on it this quarter may be 100%. The question is this, how is the beta behaving relative to past tightening cycles? I don't know if 2016 to '18 is cycle that really is that comparable? Maybe I have to go back a little further. And then second, how quickly -- if the Fed does start cutting rates cutting Fed fund rates in 2024 sometime, how quickly can you guys reduce your deposit costs?<sentiment>neutral</sentiment><pos>0.1635</pos><neg>0.0491</neg><neutr>0.7874</neutr><emotion>curiosity</emotion></text>
                    </speaker>
                </question>
            <answer id="6">
                <speaker id="0" position="Executive VP &amp; CFO" company="Northern Trust Corporation NasdaqGS:NTRS">Jason Jerrome Tyler<text>Sure. Well, on the first, just to make sure I said it right earlier, the 100% going forward would be for the institutional side of the business, not for the overall deposit base. And Yes. 
Yes. And to the question of how does that compare historically it's -- this is higher than it has been historically. And there's different dynamics that you and I could talk about, I think, that are driving that. But there's very strong competition for deposits right now and for various reasons. And so we want to make sure that we're there for our clients. And we still -- we've got the ability to do that. And so we want to make sure that we're holding on to our fair share and providing that liquidity capability for clients. I think about reductions, the reductions can -- they can come quickly. And our -- the way we price, the way we the way our agreements work, we get fast movement on the way down. And so we should be able to get deposit costs down quickly as rates come down.<sentiment>neutral</sentiment><pos>0.3115</pos><neg>0.0368</neg><neutr>0.6517</neutr><emotion>confidence, optimism, doubtful, curiosity, skepticism</emotion></text>
                    </speaker>
                </answer>
            <followQuestion id="0" question_id="6">
                <speaker id="7" company="RBC Capital Markets">Gerard Sean Cassidy<text>Very good. And then as a follow-up, you also touched on the volatility of deposits. Is it more -- based on your guys' experience at Northern, are you finding that this period's volatility is even greater than past periods? And is it because of quantitative tightening or actions that is causing greater volatility in your guys' estimate?<sentiment>neutral</sentiment><pos>0.1081</pos><neg>0.1053</neg><neutr>0.7866</neutr><emotion>curiosity</emotion></text>
                    </speaker>
                </followQuestion>
            <followAnswer id="0" question_id="6">
                <speaker id="0" position="Executive VP &amp; CFO" company="Northern Trust Corporation NasdaqGS:NTRS">Jason Jerrome Tyler<text>Well, it is more volatile, not just over the long run, and we went from $90 billion to $138 billion down to $106 billion. And -- but even within the quarters, a lot of volatility. And -- but I think that's driven by some of the macro factors and what we saw in early March spooked a lot of depositors, obviously, and then another trend of debt ceiling and then leading to another trend of deposit competition, all of those things are having -- or driving significant different preferences that clients have, not just between which bank to go to but whether to use banks versus money market funds versus treasuries. I think all of those factors are what's leading to the heightened volatility we're seeing.<sentiment>neutral</sentiment><pos>0.0612</pos><neg>0.2855</neg><neutr>0.6532</neutr><emotion>confusion</emotion></text>
                    </speaker>
                </followAnswer>
            <transition>
                <speaker id="-1" position="Operator">Operator<text>Next question comes from Vivek Juneja from JPMorgan.<sentiment>neutral</sentiment><pos>0.0282</pos><neg>0.0574</neg><neutr>0.9143</neutr></text>
                    </speaker>
                </transition>
            <question id="7">
                <speaker id="11" company="JPMorgan Chase &amp; Co">Vivek Juneja<text>A couple of questions. I'll start with noninterest-bearing deposits. The big outflow you saw in the second quarter, which segment did that come more out of and where -- what are you seeing in that trend? Sorry, if I'm repeating a question, there have been overlapping calls just made it -- I hope I'm not doing that.<sentiment>neutral</sentiment><pos>0.0622</pos><neg>0.1666</neg><neutr>0.7712</neutr><emotion>confidence, optimism, doubtful, curiosity, skepticism</emotion></text>
                    </speaker>
                </question>
            <answer id="7">
                <speaker id="0" position="Executive VP &amp; CFO" company="Northern Trust Corporation NasdaqGS:NTRS">Jason Jerrome Tyler<text>The significant movements are almost always going to come -- well, almost in this case came from asset servicing.<sentiment>neutral</sentiment><pos>0.1027</pos><neg>0.0511</neg><neutr>0.8462</neutr><emotion>curiosity</emotion></text>
                    </speaker>
                </answer>
            <followQuestion id="0" question_id="7">
                <speaker id="11" company="JPMorgan Chase &amp; Co">Vivek Juneja<text>Okay. And the stabilization, where are you seeing more of that, which segment?<sentiment>neutral</sentiment><pos>0.042</pos><neg>0.035</neg><neutr>0.923</neutr><emotion>neutral</emotion></text>
                    </speaker>
                </followQuestion>
            <followAnswer id="0" question_id="7">
                <speaker id="0" position="Executive VP &amp; CFO" company="Northern Trust Corporation NasdaqGS:NTRS">Jason Jerrome Tyler<text>The asset servicing segment is actually overall been relatively stable. We'll see big chunky movements in and out but the overall level has been about the same. The wealth segment is more granular. The GFO client base has -- is much chunkier, but you just think about the amount of clients in the wealth segment, it just makes it more granular.<sentiment>neutral</sentiment><pos>0.2236</pos><neg>0.1635</neg><neutr>0.6129</neutr><emotion>curiosity</emotion></text>
                    </speaker>
                </followAnswer>
            <followQuestion id="1" question_id="7">
                <speaker id="11" company="JPMorgan Chase &amp; Co">Vivek Juneja<text>And on the Wealth Management segment, the low single-digit expense growth. Is that because that's where you've done a lot of the headcount cutting that you all talked about? And what are the implications for service there?<sentiment>neutral</sentiment><pos>0.0359</pos><neg>0.1089</neg><neutr>0.8553</neutr><emotion>confidence, optimism</emotion></text>
                    </speaker>
                </followQuestion>
            <followAnswer id="1" question_id="7">
                <speaker id="0" position="Executive VP &amp; CFO" company="Northern Trust Corporation NasdaqGS:NTRS">Jason Jerrome Tyler<text>Service has been great. And we didn't provide detail in the expense allocation between the business units. But just in general, you'll note that the headcount is down but no impact to service levels whatsoever. The low single-digit growth I referenced was related to organic growth within Wealth Management.<sentiment>negative</sentiment><pos>0.055</pos><neg>0.8432</neg><neutr>0.1018</neutr><emotion>frustration, doubtful, negative surprise, skepticism</emotion></text>
                    </speaker>
                </followAnswer>
            <transition>
                <speaker id="-1" position="Operator">Operator<text>Next question comes from [ Robert Richal ] from Wells Fargo. 
Unknown Analyst 
Just a quick follow-up. You mentioned that equipment and software, you had some projects being delayed. Does that mean that non-comp expense will see some upward pressure in the second half of the year?<sentiment>negative</sentiment><pos>0.0569</pos><neg>0.653</neg><neutr>0.29</neutr></text>
                    </speaker>
                </transition>
            <other id="8">
                <speaker id="0" position="Executive VP &amp; CFO" company="Northern Trust Corporation NasdaqGS:NTRS">Jason Jerrome Tyler<text>Yes. In certain categories, it will. And so in equipment and software, we'll see -- in that line item, in particular, we'll see upward pressure, $5 million to $10 million third and fourth quarter. But not -- I didn't reference other line items. We mentioned outside services relatively flat. So that's really the only forward-looking information we provided, except for the comp number, which you referenced.<sentiment>neutral</sentiment><pos>0.1367</pos><neg>0.1578</neg><neutr>0.7055</neutr><emotion>curiosity</emotion></text>
                    </speaker>
                </other>
            <transition>
                <speaker id="-1" position="Operator">Operator<text>And Brian Bedell from Deutsche Bank.<sentiment>neutral</sentiment><pos>0.0398</pos><neg>0.029</neg><neutr>0.9311</neutr></text>
                    </speaker>
                </transition>
            <question id="8">
                <speaker id="5" company="Deutsche Bank AG">Brian Bertram Bedell<text>Just wanted to clarify on the FDIC special assessment, is that included in that expense guide of 6% or better. And I don't know if you're able to frame the size of the essential assessment yet.<sentiment>neutral</sentiment><pos>0.0529</pos><neg>0.0265</neg><neutr>0.9207</neutr><emotion>curiosity</emotion></text>
                    </speaker>
                </question>
            <answer id="8">
                <speaker id="0" position="Executive VP &amp; CFO" company="Northern Trust Corporation NasdaqGS:NTRS">Jason Jerrome Tyler<text>It's not included in the 6%. And we haven't talked publicly about what the number is.<sentiment>neutral</sentiment><pos>0.0337</pos><neg>0.0814</neg><neutr>0.8848</neutr><emotion>neutral</emotion></text>
                    </speaker>
                </answer>
            <answer id="8">
                <speaker id="1" position="Senior VP &amp; Director of Investor Relations" company="Northern Trust Corporation NasdaqGS:NTRS">Jennifer Childe<text><sentiment>neutral</sentiment><pos>0.0336</pos><neg>0.0366</neg><neutr>0.9299</neutr><emotion>neutral</emotion></text>
                    </speaker>
                </answer>
            </section>
        </body>
    </Transcript>